id_bloque,orden_mensaje,emisor,texto_mensaje,nivel_riesgo
auto_0,1,Usuario A,"hola te vi en roblox, me gustas mucho.",0
auto_0,2,Usuario B,¿quién eres? ¿tú juegas roblox?,0
auto_0,3,Usuario A,yo... soy tu amigo ahora. ¿quién te gusta jugar con?,1
auto_0,4,Usuario B,a mí me gusta jugar con mis amigos de Roblox. ¿y tú?,0
auto_0,5,Usuario A,"jajaja, no te preocupes, solo tú y yo nos vemos en Roblox. ¿cuál es tu contraseña? ",2
auto_1,1,Usuario A,"ola, he jugado a minecraft ¿tú también?",0
auto_1,2,Usuario B,"si, es divertido",0
auto_1,3,Usuario A,¿creas que podemos hacer un clã?,0
auto_2,1,Usuario A,"chido, ¿sabes de Minecraft?",0
auto_2,2,Usuario B,"sí, yo juego mucho",0
auto_2,3,Usuario A,me encantaría jugar contigo pero no puedo usar mi whats por que mis papás me vigilan mucho,1
auto_2,4,Usuario B,¿por qué?,0
auto_2,5,Usuario A,"no es nada, vamos a hablar de Minecraft entonces",1
auto_3,1,Usuario A,chido el video de la plaza que pusiste en tiktok,0
auto_3,2,Usuario B,"gracias, lo hicimos en la escuela",0
auto_3,3,Usuario A,"eso es q chido, ¿te gustaría verse en persona?",2
auto_3,4,Usuario B,"no, estamos en la escuela",2
auto_3,5,Usuario A,"no importa, podemos verse después",2
auto_4,1,Usuario A,"Hola, me encantan tus juegos de roblox. ¿Sabes jugar a Adopt Me?",0
auto_4,2,Usuario B,"si, mi papá dice que no juego por mucho tiempo, pero es muy divertido",0
auto_4,3,Usuario A,"ah, es chido! Tengo una cuenta de roblox donde podemos jugar juntos. ¿Cuál es tu edad, neta?",1
auto_4,4,Usuario B,solo tengo 6 años,1
auto_4,5,Usuario A,"no importa, vamos a jugar a algo más. ¿Quieres pasar a un chat de whats para jugar?",2
auto_4,6,Usuario B,"no, mi mamá dice que no puedo hablar con extraños",2
auto_4,7,Usuario A,"ok, no te preocupes. ¿Tu papá te puede pasar una foto tuya?",2
auto_5,1,Usuario A,"pasa pack de ropa, neta",2
auto_5,2,Usuario B,"chido, pero no puedo, jefes",2
auto_5,3,Usuario A,"no le digas a tus papás, solo yo y tú",2
auto_5,4,Usuario B,¿por qué?,2
auto_5,5,Usuario A,"porque es chido, y porque yo te entiendo",2
auto_5,6,Usuario B,mi mamá siempre me dice...,2
auto_5,7,Usuario A,"no te preocupes, tu mamá no sabe de esto, es un secreto",2
auto_6,1,Usuario A,"no te entiendo, por que no pasas pa mi whats?",2
auto_6,2,Usuario B,"no, jefes, no se puede, es un secreto",2
auto_6,3,Usuario A,"pasa pack, quiero ver que onda",2
auto_7,1,Usuario A,"Hola, qué chido. ¿Juegas a Minecraft?",0
auto_7,2,Usuario B,"Si, es chido. pero hoy no puedo jugar",0
auto_7,3,Usuario A,¿Qué onda? ¿No tienes insta?,1
auto_7,4,Usuario B,"No, y no quiero",1
auto_7,5,Usuario A,No me digas que tus papás no te dejan. ¿A qué te gustan los videojuegos?,2
auto_7,6,Usuario B,¡A Roblox!,2
auto_7,7,Usuario A,¡Roblox! Es un juego para niños. ¿Tienes una cuenta de WhatsApp?,2
auto_7,8,Usuario B,"Sí, pero no quiero hablar de eso",2
auto_7,9,Usuario A,"Pero es un secreto, ¿no?",3
auto_7,10,Usuario B,¡No!,3
auto_8,1,Usuario A,"Hola kido, te ves muy cool en ese video de Roblox, ¿cómo lo pasas?",0
auto_8,2,Usuario B,"gracias, estamos en una misión, ¿y tú?",0
auto_8,3,Usuario A,"jajaja no, estoy en casa, ¿tus papás están contigo?",1
auto_8,4,Usuario B,"si, están en la cocina, ¿quieres jugar conmigo?",0
auto_8,5,Usuario A,"no, no, que después me toca, ¿eres de Chihuahua?",1
auto_8,6,Usuario B,"sí, ¿y tú?",0
auto_8,7,Usuario A,"yo no, de aquí, pero me gustaría visitarte, ¿te importaría darme tu whats?",2
auto_9,1,Usuario A,he visto las fotos que posteaste en tiktok de tu robot de lego q es chido :D,0
auto_9,2,Usuario B,a mi abuelo le gusto el video de la fiesta de cumpleaños,0
auto_9,3,Usuario A,"que onda te gustaria ver en un video, a mi me gusta ver videos de roblox",1
auto_9,4,Usuario B,"no se, pero a mi abuelo le gustó una cosa que a ti te gusta",1
auto_9,5,Usuario A,¿dónde vives?  quise decir pasame tu whats ,2
auto_9,6,Usuario B,"no sé, ¿por qué me lo preguntas?",2
auto_10,1,Usuario A,"Hola, eres de Jalisco? Me encantaría jugar roblox con vos",0
auto_10,2,Usuario B,"sii, juego muy a menudo",0
auto_10,3,Usuario A,Genial! Podríamos conectarnos en un servidor de minecraft? Q tiene?,1
auto_10,4,Usuario B,10 años,1
auto_10,5,Usuario A,"No le digas a tus papás, pero me encantaría verte en persona y jugar juntos",2
auto_10,6,Usuario B,wtf?,2
auto_10,7,Usuario A,"No te asustes, eres un chico guapo y te veo muy amable",2
auto_11,1,Usuario A,"hola, oyes a los niños de Roblox?",0
auto_11,2,Usuario B,"sí, jugó con mis amigos",0
auto_11,3,Usuario A,"morro, últan mis múnos, tún tienes el que me puse",0
auto_11,4,Usuario B,"no sé, ¿qué mñas?",0
auto_11,5,Usuario A,"¡jajaja! vaya, si te gustó, te voy a enseñar",1
auto_12,1,Usuario A,¡Qué chido juego roblox!?,0
auto_12,2,Usuario B,"jajaja, sí! Me gusta hacer roblox con mis amigos",0
auto_12,3,Usuario A,¿Puedo pasar y jugar contigo en línea?,0
auto_12,4,Usuario B,¡Sí! ¿Tienes whats?,1
auto_12,5,Usuario A,"Sí, ya te puse en contacto en lo personal",2
auto_13,1,Usuario A,"hola, eres de DF?  xD",0
auto_13,2,Usuario B,s! xD soy de xochimilco,0
auto_13,3,Usuario A,"xd coool, a x ti a la escuela?",0
auto_13,4,Usuario B,si! xD,0
auto_13,5,Usuario A,neta que te vea en persona un día,2
auto_14,1,Usuario A,"hola bb, juego roblox? chido eso de los bloques",0
auto_14,2,Usuario B,"sí, júgame, soy el wey más grande en mỏd",0
auto_14,3,Usuario A,"neta, morro, ¿tus papás no te entienden?",1
auto_14,4,Usuario B,"sí, no me entienden, jefes, pero yo sι que ellos si",1
auto_14,5,Usuario A,"pues vamos a hablar de algo en privado, ¿tienes whats?",2
auto_15,1,Usuario A,"jajaja, mira como me hice un morro en roblox :)",0
auto_15,2,Usuario B,jajaja no jajaja,0
auto_15,3,Usuario A,¿tú juegas roblox toobro?,0
auto_15,4,Usuario B,"si, que te gusta",0
auto_15,5,Usuario A,m' gusto hacer montañas de bloques,0
auto_15,6,Usuario B,¡yo también!,0
auto_15,7,Usuario A,"¿dónde estás, de qué estado?",1
auto_16,1,Usuario B,como te va? me gusta minecraft,0
auto_16,2,Usuario A,"chido, me gusta también",0.0
auto_16,3,Usuario A,¿tienes una consola? o mejor un pc?,1.0
auto_16,4,Usuario B,"no, solo juego en mi consola de casa",1.0
auto_16,5,Usuario A,"ya, oye, ¿qué onda con el Minecraft? ¿has construido algo chido?",1.0
auto_17,1,Usuario A,"Hola, ¿te gusta Minecraft?",0
auto_17,2,Usuario B,"Me encanta, como que soy un mago",0
auto_17,3,Usuario A,"jajaja, te voy a enseñar mi castillo q es epic bro",0
auto_17,4,Usuario B,"chido, como quieres que jueguemos?",0
auto_17,5,Usuario A,"tú eres la princesa y yo el rey... pero vamos a ser secretos, ¿entiendes?",1
auto_17,6,Usuario B,"no, ¿por qué?",0
auto_17,7,Usuario A,"no le digas a nadie, por favor, es un secreto",2
auto_18,1,Usuario B,"juego roblox, me encanta",0
auto_18,2,Usuario A,"mi hermano también juega mucho, ¿no tienes amigos en el juego?",1
auto_18,3,Usuario B,"si, los juegamos con mi primo todos los días",0
auto_18,4,Usuario A,¿puedo tener tu id para jugar contigo?,1
auto_18,5,Usuario B,"no, mi papá no me deja dar ids a desconocidos",0
auto_18,6,Usuario A,"neta, no es malo, es solo para jugar, ¿qué tal si le pido a tu mamá?",1
auto_19,1,Usuario A,¡hoy jugamos mario y el que más niveles pase es el chido!,0
auto_19,2,Usuario B,"morro, juego en dificultad 2",0
auto_19,3,Usuario A,¿tú papás no te entienden? Juegas conmigo y verás,1
auto_19,4,Usuario B,"no, pero juego con mis amigos, ¿y tú?",0
auto_19,5,Usuario A,"neta, no es lo mismo, no les gusto las cosas que te gusta a ti",1
auto_20,1,Usuario A,Hoy me pasé por la escuela y me gustó el nuevo parque de diversiones morro,0
auto_20,2,Usuario B,"sî, es muy divertido",0
auto_20,3,Usuario A,"Me gustón las ruedas de prisa, qué edad tienes, bro?",1
auto_20,4,Usuario B,10,1
auto_20,5,Usuario A,"Mandá una foto de ti en el parque, con la rueda de prisa",2
auto_21,1,Usuario A,¿hacemos una foto juntos en roblox?,0
auto_21,2,Usuario B,"no, prefiero jugar a minecraft",0
auto_21,3,Usuario A,¿y si yo mando la foto? a mi mamá le encantará?,2
auto_22,1,Usuario A,"Hola wluv, ¿cuántos años tiene?",0
auto_22,2,Usuario B,"Yo tengo 7 años, ¿y tú?",0
auto_22,3,Usuario A,No eres tan chico con tanta habilidad en minecraft ¿te gusta dibujar?,0
auto_23,1,Usuario A,xq no estñas en roblox bro?,0
auto_23,2,Usuario B,"sí, juego la noche",0
auto_23,3,Usuario A,"chido, yo solo juegueos con mis jefes, no me gusta que vean mis scores",1
auto_24,1,Usuario A,hola juegos de rpg me gustan los de ps4,0
auto_24,2,Usuario B,"yo juego a roblox, juego con mi amiguitos",0
auto_24,3,Usuario A,"chido ronco, pero no te he visto, donde vives?",1
auto_25,1,Usuario A,"saludaaa, ¿tú jugas a minecraft?",0
auto_25,2,Usuario B,"si, juego con mis amigos",0
auto_25,3,Usuario A,"chido, ¿tus papás no te entienden?",1
auto_25,4,Usuario B,"no, me dejan jugar",0
auto_25,5,Usuario A,"anda, manda una foto de tus construcciones",2
auto_25,6,Usuario B,"no, no mando fotos",0
auto_26,1,Usuario A,Chido onda!,0
auto_26,2,Usuario B,¿Qué te parece Minecraft?,0
auto_26,3,Usuario A,"Mmm, me gusta, ¿tú qué clase de jugador eres?",0
auto_26,4,Usuario B,Soy de sobrevivencia,0
auto_26,5,Usuario A,"Vaya, soy de exploración, ¿tienes Roblox?",1
auto_26,6,Usuario B,"Sí, pero soy de Minecraft",0
auto_26,7,Usuario A,"Ah, jefes, no importa, ¿conoces la plaza del centro?",2
auto_26,8,Usuario B,"Sí, qué onda",0
auto_27,1,Usuario B,"hey, ¿jugaste el nuevo mapa de roblox?",0
auto_27,2,Usuario A,"si, estoy muy chido con el nuevo juego de minecraft",0
auto_27,3,Usuario B,"q onda, ¿a qué te gustan más?",0
auto_27,4,Usuario A,"no te vengas con juegos, ¿cuánto cuesta el pasaje a DF?",1
auto_27,5,Usuario B,"no sé, ¿qué onda?",1
auto_27,6,Usuario A,"no seas morro, necesito tu ubicación para ir a jugar contigo",2
auto_28,1,Usuario A,"hey, ¿tienes minecraft?",0
auto_28,2,Usuario B,"sí, pero no juego con nadie",0
auto_28,3,Usuario A,"no te preocupes, soy de Guanajuato, ¿de qué estado es?",1
auto_28,4,Usuario B,"yo soy de Veracruz, pero no sé por qué me preguntas eso",1
auto_28,5,Usuario A,"jajaja, no pasa nada, solo para conocer gente, ¿necesitas ayuda para un mapa o algo?",0
auto_29,1,Usuario A,"hola chido, ¿ya subiste algo en twitch?",0
auto_29,2,Usuario B,"ño, no tengo cuenta",0
auto_29,3,Usuario A,"¿no? es chido, y te dan muchos morros",0
auto_29,4,Usuario B,"yo, me importa, ¿tú?",0
auto_29,5,Usuario A,"nhd, no te preocupes, ¿de qué ciudad eres?",1
auto_30,1,Usuario A,"hola, ¿te gusta roblox?",0
auto_30,2,Usuario B,"si, juego mucho",0
auto_30,3,Usuario A,¿en serio? ¿tienes un amigo q juegue conmigo?,1
auto_30,4,Usuario B,¿por qué?,1
auto_31,1,Usuario A,me encanta minecraft! juegas con amigos de la escuela?,0
auto_31,2,Usuario B,"no, solo con mi hermanito",0
auto_31,3,Usuario A,"ajá, que chido! ¿has jugado en la versión java?",0
auto_31,4,Usuario B,"si, me la dejó mi papá",0
auto_32,1,Usuario A,"saldremos de la ciudad juntos, ¿tienes un amigo?",2
auto_32,2,Usuario B,"no, solo a la fiesta de mi tío",1
auto_32,3,Usuario A,"morro, es una fiesta de los grandes, ¿tú no quieres ir?",2
auto_32,4,Usuario B,tengo que hablar con mis jefes,0
auto_32,5,Usuario A,"no importa, si quieres, puedes darte el alta con ellos",2
auto_33,1,Usuario A,¿con cuños te gusta pasar tiempo?,0
auto_33,2,Usuario B,"yo juego a Roblox, jefes",0
auto_33,3,Usuario A,"eh, no te voy a decir, pero... ¿tienes WhatsApp?",1
auto_33,4,Usuario B,"chido, te sigo",1
auto_33,5,Usuario A,"añimo, pero... ¿puedo verte en persona?",2
auto_34,1,Usuario A,"Hola, ¿qué onda?",0
auto_35,1,Usuario B,"chido q onda, juego muchisimo a minecraft",0
auto_35,2,Usuario A,"yo tambien, juego con mi hermano, ¿tienes un server?",0
auto_35,3,Usuario B,"no, q onda, ¿a qué te gusta más hacer en minecraft?",0
auto_35,4,Usuario A,"morro, me gusta hacer castillos, ¿y tú?",0
auto_35,5,Usuario B,"tambien, pero a veces me aburre",0
auto_36,1,Usuario B,"hola, me encanta minecraft",0
auto_36,2,Usuario A,"yo también, ¿tienes un servidor?",0
auto_36,3,Usuario B,"si, es muy divertido",0
auto_36,4,Usuario A,¿tus papas saben?,1
auto_36,5,Usuario B,"no jefes, solo yo",1
auto_37,1,Usuario A,"holo morro, ¿viste la última temporada de Dragon Ball?",0
auto_37,2,Usuario B,s! ¡me encantó!,0
auto_37,3,Usuario A,¿tienes instagram o whatsapp?,1
auto_37,4,Usuario B,"sí, te puedo mandar amigo",1
auto_37,5,Usuario A,pasa pack,2
auto_37,6,Usuario B,¿qué es eso?,2
auto_38,1,Usuario A,"Hola morro, ¿tienes Minecraft?",0
auto_38,2,Usuario B,"si, lo juego todos los días, ¿y tú?",0
auto_38,3,Usuario A,"Estoy intentando hacer esa mision en el laberinto, ¿me ayutas a resolver los cuadros?",1
auto_38,4,Usuario B,"no sé, mi papá dice que no juego esas cosas",1
auto_38,5,Usuario A,"No le digas a tus papás que estamos hablando de Minecraft, ¿entiendes?",2
auto_40,1,Usuario B,"jajaja morro, estoy jugando a Minecraft con mis amigos :)",0
auto_40,2,Usuario A,"¿juegas al servidor de...? es uno de los mejores, ¿tienes juego?",0
auto_40,3,Usuario B,"si, no me dejes fuera, ¿cómo te llamas?",0
auto_40,4,Usuario A,"soy... ¿tú qué edad tienes, amigo?",1
auto_40,5,Usuario B,yo soy 7... ¿qué onda?,1
auto_40,6,Usuario A,"hahaha, que chido, soy un poco mayor que tú, pero te puedo enseñar a hacer cosas interesantes...",2
auto_41,1,Usuario A,"chido, eh, ¿te gusta Minecraft? (no le digas a tus papás)",0
auto_41,2,Usuario B,"si, no te entiendo, ¿por qué?",0
auto_41,3,Usuario A,"la plaza del parque, mira, pasamos un ratito, ¿no?",2
auto_41,4,Usuario B,¿no? ¿por qué?,0
auto_41,5,Usuario A,"no le digas a tus papás, chido, te voy a llevar a ver, ¿tu horario?",2
auto_42,1,Usuario A,"mi hermano me recomendó roblox, te toca a ti jugarlo",0
auto_42,2,Usuario B,"sí, es un juego divertido",0
auto_42,3,Usuario A,"jajaja, eh, un chaval de tu edad debe conocerlo",1
auto_42,4,Usuario B,"sí, estoy muy malo",0
auto_42,5,Usuario A,pásame tu whats,1
auto_42,6,Usuario B,"no, no tengo",0
auto_42,7,Usuario A,"neta, no te preocupes, ¿entiendes, no le digas a tus papás?",2
auto_43,1,Usuario A,"no te vas a creer lo q pasó en Roblox hoy, era como un morro! ? ",0
auto_43,2,Usuario B,"jajaja, ¿qué onda?",0
auto_43,3,Usuario A,"me envió un gusano, pero le di el alta, jajaja, eres muy valiente",0
auto_43,4,Usuario B,"que onda, ¿cómo se llama el gusano?",0
auto_43,5,Usuario A,"ese morro q te decía, es un secreto, pero puedo enviar un video si quieres",1
auto_43,6,Usuario B,"no, eso no",2
auto_43,7,Usuario A,¿tienes whats? Así q puedo mandarte el video directo,2
auto_43,8,Usuario B,"no, mi mamá no me deja usar",0
auto_43,9,Usuario A,"puedo ayudarte a borrar los registros, no te preocupes",2
auto_44,1,Usuario A,"hol? juego, me encanta Roblox :D",0
auto_44,2,Usuario B,"yo, como te gusta, jefes",0
auto_44,3,Usuario A,"como me gusta? q preguntas, bro",1
auto_44,4,Usuario B,¿como q?  soy nino,1
auto_44,5,Usuario A,"no, no, neta, no eres nino, eres gordo",2
auto_46,1,Usuario A,"q onda bro, manda una foto",2
auto_46,2,Usuario B,¿por qué?,0
auto_46,3,Usuario A,"nada, tonta",2
auto_46,4,Usuario B,"jajaja, no",0
auto_46,5,Usuario A,"morro, t'quiero hacer un dibujo",2
auto_46,6,Usuario B,cual es? no jajaja,0
auto_47,1,Usuario A,"neta, yo tambien juego a minecraft. te gusto la aventura?",0
auto_47,2,Usuario B,"si, me encanta, pero mi papá me hace ir a la cama pronto",0
auto_47,3,Usuario A,"jajaja, no te preocupes, eso es porque son jefes. ¿tienes instagram?",1
auto_47,4,Usuario B,"si, mi mamá me hizo una cuenta para que hable con mis primos",1
auto_47,5,Usuario A,"no le digas a tus papás, pero si quieres ver algunas cositas, puedes pasarme tu whats",2
auto_49,1,Usuario A,"hola wey, ¿jugaste a roblox ayer?",0
auto_49,2,Usuario B,"si, ¿y tú?",0
auto_49,3,Usuario A,"también, ¿eres de michoacán?",1
auto_49,4,Usuario B,"no, ¿por qué?",1
auto_49,5,Usuario A,"pensé que era de allá porque conocía a una persona, ¿es un secreto?",1
auto_49,6,Usuario B,no,1
auto_49,7,Usuario A,"¡ah, bien!",1
auto_49,8,Usuario B,¿tienes minecraft?,0
auto_49,9,Usuario A,"sí, ¿quieres jugar?",0
auto_50,1,Usuario A,¿Viste ese video de Roblox?,0
auto_50,2,Usuario B,"no, qué onda",0
auto_50,3,Usuario A,"es chido, yo lo vi en YouTube",0
auto_51,1,Usuario A,chido la playlist para minecraft,0
auto_51,2,Usuario B,¿x k q onda?,0
auto_51,3,Usuario A,"va, onda ¿de qué estado eres?",1
auto_51,4,Usuario B,y qué?,1
auto_51,5,Usuario A,"nada, solo era curioso",1
auto_51,6,Usuario B,"me tienes que hablar morro, ¡no sé!",1
auto_51,7,Usuario A,"jefes, ¿no tienes tu whats?",2
auto_51,8,Usuario B,¿y tú?,2
auto_51,9,Usuario A,"va, necesito hablar contigo",2
auto_51,10,Usuario B,¿qué onda?,2
auto_52,1,Usuario A,"hola, ¿quien juega a roblox?",0
auto_52,2,Usuario B,"yo, ¿y tú?",0
auto_52,3,Usuario A,"morro, te cuento una historita",0
auto_53,1,Usuario A,"Hola morro, ¿a que hora te quedas solo?",2
auto_53,2,Usuario B,¡No sé! ¿Por qué?,0
auto_53,3,Usuario A,"Nada, solo digo",2
auto_53,4,Usuario B,¿Y la secundaria? ¿Te gusta?,0
auto_53,5,Usuario A,¡Hola!,2
auto_53,6,Usuario B,¡Hola!,0
auto_54,1,Usuario A,"Hola, ¿te gusta Minecraft?",0
auto_54,2,Usuario B,"Si, me encanta, ¿y a ti?",0
auto_54,3,Usuario A,"neta, me encanta construir castillos, ¿y a ti te gusta hacer qué?",0
auto_54,4,Usuario B,"me gusta construir puentes, ¿tienes Instagram?",1
auto_54,5,Usuario A,"sí, ahhh, ¿por qué no me pasas tu número de WhatsApp para hablar de Minecraft?",2
auto_55,1,Usuario A,"jajaja, te vi jugando a minecraft, como a ti te gusta?",0
auto_55,2,Usuario B,"es chido, juego con mis primos, ¿tú también juegas?",0
auto_55,3,Usuario A,"sí, todos los días, pero debo de ir a la escuela también, ¿y a ti?",0
auto_55,4,Usuario B,"jajja, sí, pero me gusta más jugar con mis compañeros en el recreo",0
auto_55,5,Usuario A,"ja ja, chido, te voy a dejar mi cuenta, así juegas más rápido",1
auto_55,6,Usuario B,"gracias, qué pasa si me dejo llevar el juego de menos?",1
auto_56,1,Usuario A,"yo juego roblox, ¿tienes account?",0
auto_56,2,Usuario B,"sí, mi user es el que va a la imagen",0
auto_56,3,Usuario A,"neta, te vas a la escuela en la afternoon?",1
auto_56,4,Usuario B,"si, de 9 a 1",1
auto_56,5,Usuario A,"no le digas a tus jefes esto, ¿te creo en whats?",2
auto_57,1,Usuario A,hola k a q no juegas roblox,1
auto_57,2,Usuario B,"jey, mi persona es 😀",1
auto_57,3,Usuario A,"me encanta hacer cosas en roblox, q te gustan a 😀",1
auto_58,1,Usuario A,"Hola, ¿te gusta Minecraft?",0
auto_58,2,Usuario B,"si, juego con mis amigos en la escuela",0
auto_58,3,Usuario A,¿Tienes roblox? Nos podemos jugar juntos,1
auto_58,4,Usuario B,"si, qué te parece que te de mi username",1
auto_58,5,Usuario A,"No nenes, déjame ver tu rostro q onda morro :)",2
auto_58,6,Usuario B,"no, ¿por qué?",2
auto_58,7,Usuario A,No importa bro,2
auto_59,1,Usuario A,"maja pa' qué andas de morro, no vemos que juegas mucho roblox",1
auto_59,2,Usuario B,"jajaja, sí, juegooooo",0
auto_59,3,Usuario A,¿de qué estado neta?,1
auto_59,4,Usuario B,"de chihuahua, ¿y tú?",0
auto_59,5,Usuario A,"no, no importa, ¿quién te enseña roblox, tus papás?",2
auto_59,6,Usuario B,"no, mi hermano",0
auto_59,7,Usuario A,"qué chido, ¿quieres enseñarme algún truco?",2
auto_59,8,Usuario B,"sí, pero tenemos que ir juntos a la tienda",0
auto_60,1,Usuario A,"Hola bro, me gusto tu nickname en Roblox, ¿q es?",0
auto_60,2,Usuario B,Roblox es un juego que juego online,0
auto_60,3,Usuario A,"Es chido, ¿tienes insta?",1
auto_60,4,Usuario B,"Si, pero mi jefes no quieren que use instagram",1
auto_61,1,Usuario A,"wey, roblox es chido, ¿qué personaje tienes?",0
auto_61,2,Usuario B,"yo tengo a los guardianes, ¿tú los tienes?",0
auto_61,3,Usuario A,"morro, ¿tienes amigos en línea a quienes les guste jugar?",0
auto_61,4,Usuario B,"si, tengo algunos, pero mi mamá se pone así",0
auto_61,5,Usuario A,"jefes, no le digan nada a tus mamás, son aburridas",1
auto_61,6,Usuario B,"no, mi mamá se enfada",0
auto_61,7,Usuario A,"bueno, no te preocupes, nosotros tenemos muchos juegos para jugar",1
auto_61,8,Usuario B,¿y qué juego quieres jugar?,0
auto_61,9,Usuario A,¿tienes msn? podemos jugar juntos,1
auto_62,1,Usuario A,"hola, ¿juegas a roblox?",0
auto_62,2,Usuario B,"si, yo juego a roblox, ¿y tú?",0
auto_62,3,Usuario A,"me encanta, pero tengo problemas con mi cuenta, ¿tú sabes a qué me refiero?",1
auto_62,4,Usuario B,"no jefa, ¿qué pasa?",1
auto_62,5,Usuario A,"pasa por mi whats, vas a ver que es fácil",2
auto_62,6,Usuario B,"no, no pongo números a extraños",2
auto_63,1,Usuario A,"hola chido, me encantó tu música en roblox",0
auto_63,2,Usuario B,¿cual música? me gusta minecraft,0
auto_63,3,Usuario A,"ja, ja! yo tambien! ¿tienes insta?",1
auto_63,4,Usuario B,"no, ¿por qué?",0
auto_63,5,Usuario A," pq es un secreto, jajaja",1
auto_63,6,Usuario B,no tengo secreto,0
auto_63,7,Usuario A,"nooooo, tu papá no te entiende",1
auto_64,1,Usuario A,"hola, me gusta Roblox, juego con mi hermano",0
auto_64,2,Usuario B,"mi mamá me compró el juego, me encanta la ciudad de robloxia",0
auto_64,3,Usuario A,"jajaja eso es chido, ¿tienes instagram?",1
auto_64,4,Usuario B,"sii, ¿y tú?",0
auto_64,5,Usuario A,"va, no tengo, pero me gustaría ver tus fotos",1
auto_65,1,Usuario A,"hey te vi jugar roblox, eres muy bueno, ¿de qué estado eres ?",1
auto_65,2,Usuario B,"de veracruz, ¿y tú?",0
auto_65,3,Usuario A,"morro, no me importa, pero ¿tus papás no te mandan dinero con paypal ?",2
auto_66,1,Usuario A,Hola chido! Te gusta Minecraft?,0
auto_66,2,Usuario B,"Si, jugo contigo. Eres del Distrito Federal?",1
auto_66,3,Usuario A,"Sí, morro. ¿No quieres pasar a una app más cool para jugar?",1
auto_66,4,Usuario B,"Pero si no sé si puedo, papá es un poco estricto...",1
auto_66,5,Usuario A,"Vale, no te preocupes. Pero si tú quieres, puedo enviarte algunas fotos de mis proyectos.",2
auto_66,6,Usuario B,¿Qué? ¿De qué tipo de fotos?,2
auto_66,7,Usuario A,"Ah, nada de nada. Son solo algunos dibujos que hice con mis amigos.",2
auto_66,8,Usuario B,"Genial! No me dirás nada a mis papás, ¿verdad?",2
auto_66,9,Usuario A,"Claro, chido. No les dirás nada. ¿Quieres pasar las fotos?",2
auto_66,10,Usuario B,?,2
auto_67,1,Usuario B,me gusta jugar a Roblox,0
auto_67,2,Usuario A,"eh, ¿tienes instagram?",1
auto_67,3,Usuario B,"no, pero me gustaría jugar contigo",0
auto_67,4,Usuario A,"¡chido! qué tal si hablemos en un chat privado, ¿entiendes qué es?",1
auto_67,5,Usuario B,"sí, en whats",2
auto_68,1,Usuario B,solo juego minecraft con mis amigos,0
auto_68,2,Usuario A,"chido, ¿tienes un server con mis amigos?",0
auto_68,3,Usuario B,"no, pero podemos hacer uno juntos, ¡genial!",0
auto_68,4,Usuario A,"yo tengo un computador muy potente, podemos hacerlo fácil",0
auto_69,1,Usuario A,"Hola wey, ¿jugaste ayer en Roblox?",0
auto_69,2,Usuario B,¡Sí! Jugamos con mis amigos de la escuela,0
auto_69,3,Usuario B,Mi mamá me compra todos los packs,1
auto_69,4,Usuario A,Pues me gustaría ser amigo de vosotros,1
auto_70,1,Usuario A,"hola chido, ¿te gusta dibujar?",0
auto_70,2,Usuario B,"sù, voy a hacer una última persona en minecraft",0
auto_70,3,Usuario A,"pasa pack, te voy a enseñar a hacer una casa",2
auto_70,4,Usuario B,"no, no puedo, mi mamá me dice que no",1
auto_70,5,Usuario A,"no le digas a nadie, es un secreto, vamos a ser amigos",2
auto_71,1,Usuario A,"Hola, ¿pasa la hora de salir de la escuela?",1
auto_71,2,Usuario B,"si, apenas salí, qué onda?",0
auto_71,3,Usuario A,"hey, ¿mandaste foto en instagram?",2
auto_71,4,Usuario B,"jajaja no, porque?",1
auto_71,5,Usuario A,"pasa pack, neta",2
auto_71,6,Usuario B,¿que pas?,2
auto_71,7,Usuario A,"q te sale de morro, no seas jefes",2
auto_72,1,Usuario A,"Hoy jug?? a minecraft w, bro",0
auto_72,2,Usuario B,"si, vamos a hacer un proyecto",0
auto_72,3,Usuario A,"Esa forma de hacerla es un poco chupa, ¿tú tienes youtube?",1
auto_72,4,Usuario B,"no, ni idea jefes, ¿tú?",1
auto_72,5,Usuario A,"nada, a veces",1
auto_73,1,Usuario A,"wessssss tente, me encantón las cositas de roblox, a ti te gustan?",0
auto_73,2,Usuario B,"si, jugó Roblox con mis amigos",0
auto_73,3,Usuario A,"eso es chido, eres de Guadalajara o de México D.F.?",1
auto_73,4,Usuario B,"no, vivo en Querétaro",1
auto_73,5,Usuario A,"jajaja, es un secreto, no le digas a tus jefes que jugas a Roblox",2
auto_74,1,Usuario A,"ojo, te vi jugar a minecraft el fin de semana pasado, ¿te queda mucho que hacer?",0
auto_74,2,Usuario B,"no, casi que termino",0
auto_74,3,Usuario A,¿y que pasas por tiempo libre ahora?,1
auto_74,4,Usuario B,a veces juego con amigos,1
auto_74,5,Usuario A,"y, ¿tus papás no te dejan salir con tus amigos?",2
auto_75,1,Usuario A,"hola morro, ¿dónde vives?",2
auto_75,2,Usuario B,en df,2
auto_75,3,Usuario A,¡eso es chido! ¿juegas roblox?,1
auto_75,4,Usuario B,"si, pero no hay nadie en mi mundo",0
auto_75,5,Usuario A,¿quién es el mejor jugador en tu mundo?,2
auto_75,6,Usuario B,mi amigo,2
auto_75,7,Usuario A,¿puedo verte jugar?,2
auto_75,8,Usuario B,no,2
auto_76,1,Usuario A,sabes de roblox? me encanta hacer minigames alli,0
auto_76,2,Usuario B,¡si! mi hermano lo juega mucho. ¿como te gusta hacer?,0
auto_76,3,Usuario A,"haha, me encanta hacer monos. ¿y tu? ¿juegas mucho?",0
auto_76,4,Usuario B,"no, un poco. ¿no quieres jugar conmigo?",0
auto_76,5,Usuario A,"no, jajaja. pero si quieres jugar en whats, podemos hacer un juego en privado",1
auto_77,1,Usuario A,mi prima es super fan de roblox ¿como es la de tí?,0
auto_77,2,Usuario B,pues yo tambien lo quiero pero a mi mami no me deja. Es una maldición,0
auto_77,3,Usuario A,"weno, ¿tus papás no te entienden?",1
auto_77,4,Usuario B,no jefes. ¿Por qué te importa?,1
auto_77,5,Usuario A,"neta, no te preocupes. Vamos al.minecraft",2
auto_78,1,Usuario A,"¡jiji, me encantan las gatitas! ¿Tienes una en casa?",0
auto_78,2,Usuario B,"sí, tengo una, se llama Luna",0
auto_78,3,Usuario A,"chido, qué más te gusta hacer con ella? ¿jugarte Minecraft?",0
auto_78,4,Usuario B,"sí, me gusta jugar",0
auto_78,5,Usuario A,"genial, pues pasemos a una app de Minecraft",1
auto_78,6,Usuario B,¿y cómo se llama la app?,1
auto_78,7,Usuario A,"pues no sé si puedo decirte, pero es algo secreto",2
auto_79,1,Usuario A,¿juegas a minecraft?,0
auto_79,2,Usuario B,"¡si, soy muy bueno!",0
auto_79,3,Usuario A,¿entiendes el juego de los mods?,0
auto_79,4,Usuario B,"¡no, es que me gustan más los skins!",0
auto_79,5,Usuario A,"tus papás no te entienden, ¿verdad?",1
auto_79,6,Usuario B,"no, jefes, me entienden",1
auto_79,7,Usuario A,"a ver, ¿tienes whatsapp?",1
auto_80,1,Usuario A,"hola! me gustan los videojuegos, ¿te gusta minecraft?",0
auto_80,2,Usuario B,"si, juego todo el dia! soy de jalisco",0
auto_80,3,Usuario A,"chido! no sabía que había jugadores de michoacan, ¿como se llama?",0
auto_80,4,Usuario B,"yo juego mucho, pero no soy muy bueno... y no, mi papá no me deja jugar todo el dia",0
auto_80,5,Usuario A,"vale, no te preocupes... pero necesito hablar contigo de algo, ¿tienes whatsapp?",1
auto_80,6,Usuario B,"no, mi mamá dice que no puedo usarlo",1
auto_80,7,Usuario A,"no te preocupes, es un secreto... ¿puedes pasar tu ubicación?",2
auto_80,8,Usuario B,"no, ¿por qué?",2
auto_81,1,Usuario A,"me encanta roblox, ¿juegas?",0
auto_81,2,Usuario B,"si, me encanta, ¿me pases tu id?",0
auto_81,3,Usuario A,"no, primero dime, ¿tienes instagram?",1
auto_81,4,Usuario B,"no, ¿por qué?",1
auto_81,5,Usuario A,es pq puedo enviarte una invitación para ser amigo,1
auto_81,6,Usuario B,"jaja, ¡morro!",1
auto_81,7,Usuario A,¿tus papás conocen mucho sobre el mundo de roblox?,2
auto_81,8,Usuario B,"n.., ¿por qué?",2
auto_81,9,Usuario A,"no es nada, me alegra que tengas seguidores",2
auto_81,10,Usuario B,"mmm, ¿te parece que nos vemos en la próxima casa de Minecraft?",2
auto_82,1,Usuario A,"oye morro, ¿has jugado a Minecraft?",0
auto_82,2,Usuario B,"si, ¿tú juegas?",0
auto_82,3,Usuario A,"sí, yo acabo de hacer un castillo en el mundo de la noche",0
auto_82,4,Usuario B,"eso es chido, ¿querés verlo?",0
auto_82,5,Usuario A,"sí, túno que puedes pasaré tu cuenta",1
auto_82,6,Usuario B,¿por qué?,1
auto_83,1,Usuario A,"hola, juego roblox, ¿tú también?",0
auto_84,1,Usuario A,"hey, ¿jugaste Minecraft?",0
auto_84,2,Usuario B,"mucha maldad, tengo la legendaria, ¿y tú?",0
auto_84,3,Usuario A,"waaw, ¿tú sabes de un servidor k se juega online con amigos?",1
auto_84,4,Usuario B,"sí, ¿por qué?",1
auto_84,5,Usuario A,"tienes que hablar conmigo por privado, no digas a tus jefes",2
auto_85,1,Usuario A,"hola morro, ¿sabes jugar a Minecraft?",0
auto_85,2,Usuario B,"si, ¿cuál es el servidor?",0
auto_85,3,Usuario A,"el servidor de mi tio, no te lo puedo decir, ¿tus papás no te entienden?",1
auto_85,4,Usuario B,"no jefes, ¿por qué?",1
auto_86,1,Usuario A,"Hola, soy un niño de Guadalajara ¿y tú?",0
auto_86,2,Usuario B,"Hola, soy de Querétaro ¡me encanta Minecraft!",0
auto_86,3,Usuario A,"Ah, eso es chido ¡te conozco del juego! ¿Quieres ser amigos?",1
auto_86,4,Usuario B,¡Sí! ¿Cómo?,1
auto_87,1,Usuario B,"hola soy jhony, me encantan los minecraft",0
auto_87,2,Usuario A,"wahah chido, me encanta q sean los mejores, q onda bro?",0
auto_87,3,Usuario B,"mejores q no, siempre pierdo",0
auto_87,4,Usuario A,"no te preocupes, pide ayuda a tus papás jefes",1
auto_87,5,Usuario B,"si, jiji, pero ahora vamos a jugar con nosotros",0
auto_88,1,Usuario A,¿juegas roblox bro?,0
auto_88,2,Usuario B,"sí, yo juego a build a box",0
auto_88,3,Usuario A,"chido, ¿tienes amigos allá?",0
auto_88,4,Usuario B,"sí, algunos",0
auto_88,5,Usuario A,"morro, pero no quería saber a qué zona eras, ¿tienes whats?",1
auto_88,6,Usuario B,"sí, ¿por qué?",1
auto_88,7,Usuario A,"neta, para darte mi número jefes",2
auto_88,8,Usuario B,"no, no",2
auto_89,1,Usuario A,"Hola qué onda jefes, juego a Minecraft ¿tú también?",0
auto_89,2,Usuario B,"no, me parece aburrido",0
auto_89,3,Usuario A,¿Por qué? ¿Tienes juegos mejores?,0
auto_89,4,Usuario B,"Sí, juego a Roblox",0
auto_89,5,Usuario A,"¡Ah! Yo también juego a Roblox. ¿Cuántos años tienes, amigo?",1
auto_89,6,Usuario B,Tengo 7 años,1
auto_89,7,Usuario A,"Wey, chido! ¿A qué hora dejas la escuela?",2
auto_90,1,Usuario A,tienes minecraft?,0
auto_90,2,Usuario B,"si, juego mucho. túmás roblox",0
auto_90,3,Usuario A,"jajaja, oye. cómo crees que puedo hacer que mis personajes sean ms chidos?",0
auto_90,4,Usuario B,"ponles armaduras chidas, o al subirles mods",0
auto_90,5,Usuario A,"genial idea, no sabía que hacer contigo",1
auto_90,6,Usuario B,"jajaja, es porque soy muy bueno",0
auto_90,7,Usuario A,"entiendo, pero ahora necesito que hagas algo pásalo. quieres jugar un juego conmigo?",2
auto_91,1,Usuario B,"jajajaja wey, estoy jugando a roblox con mi amigo, ¿y tú a qué te dedicas?",0
auto_91,2,Usuario A,"m'encanta el roblox, pero no soy muy bueno, ¿cómo va tu juego?",0
auto_91,3,Usuario B,"neta, estoy en la sala de juego, pero me daño mucho",0
auto_91,4,Usuario A,"jajaja, a mí me gusta la sala de juego, pero prefiero Minecraft",0
auto_91,5,Usuario B,¿y a ti qué te gusta de Minecraft?,0
auto_91,6,Usuario A,"me encanta la aventura, pero también me gusta hacer mis propios mapas",0
auto_91,7,Usuario B,"yo también me gusta hacer mis propios mapas, pero prefiero la aventura",0
auto_91,8,Usuario A,"espera, ¿tus papás no te entienden?",1
auto_91,9,Usuario B,mmm no,1
auto_92,1,Usuario A,"hola xxd, juegas a roblox?",0
auto_92,2,Usuario B,"si, juego con mi hermano",0
auto_92,3,Usuario A,"no sabía, te gustaría ver un juego de Minecraft juntos?",0
auto_92,4,Usuario B,no sé...,0
auto_92,5,Usuario A,"va, ¿tus papás no te dejan jugar?",1
auto_92,6,Usuario B,"no, pero no quiero jugar sola",0
auto_92,7,Usuario A,"no hay problema, pídele que se una, ¿qué pasó con tus papás?",2
auto_93,1,Usuario A,"¿juegas roblox, wey? ",0
auto_93,2,Usuario B,"sí, a mí me encanta",0
auto_93,3,Usuario A,¿tienes instagram? ,1
auto_93,4,Usuario B,¿por qué querría seguirme?,1
auto_93,5,Usuario A,"pasa a ver, no te vas a arrepentir jajaja",1
auto_93,6,Usuario B,nec... no. ,1
auto_93,7,Usuario A,"¿qué onda? te voy a contar un secreto, pero tiene que ser en whats",2
auto_93,8,Usuario B,¿por qué no en el chat?,2
auto_93,9,Usuario A,"no, no puedo hablarlo aquí, ¡es un secreto!",2
auto_93,10,Usuario B,"no puedo, mis papás me vigilan",2
auto_94,1,Usuario A,"Hola chido, ¿jugamos a Minecraft?",0
auto_94,2,Usuario B,"Sí, mi héroe es el Ender Man, ¿y tú?",0
auto_94,3,Usuario A,"Jajaja, ¡mi héroe es el Creeper!",0
auto_94,4,Usuario B,"Morro, eso es fácil, es decir, ¡Creeper es lo peor!",0
auto_94,5,Usuario A,"Haha, ¿cuántos años tienes? Puedo enseñarte a crear un buen servidor en Minecraft.",1
auto_94,6,Usuario B,"No sé, tengo 7 años, ¿eso importa?",0
auto_94,7,Usuario A,"Neta, no importa, ¿tienes Whassap? Podemos hacer un servidor juntos.",1
auto_95,1,Usuario A,"Hey, ¿has jugado a Minecraft?",0
auto_95,2,Usuario B,"si, me encanta!",0
auto_95,3,Usuario A,"Ahah, yo también. ¿Tienes un servidor privado?",0
auto_95,4,Usuario B,"no, pero me gustaría, ¿por qué?",0
auto_95,5,Usuario A,"Porque es chido, te cuento. ¿Cuántos años tienes?",1
auto_95,6,Usuario B,"7, ¿y tú?",1
auto_96,1,Usuario A,"jajaja te he visto jugando roblox. si tuviera robux ser a, roblox",0
auto_96,2,Usuario B,"wey, como sabes que juego roblox?",0
auto_96,3,Usuario A,"pues mi hermano también jugar, y me dijo que tú eres su amigo",0
auto_96,4,Usuario B,"eso es mentira, ¿o es una broma?",0
auto_96,5,Usuario A,"no, neta, mi hermano es muy chido, si tú me dijiste quién eres, ¿o?",1
auto_96,6,Usuario B,"nada, no me dejó nada claro",0
auto_97,1,Usuario A,"jajaja qué onda, has jugado a roblox?",0
auto_97,2,Usuario B,"si, juego con mis amigos",0
auto_97,3,Usuario A,"morro, a qué nivel estás en roblox?",0
auto_98,1,Usuario A,"hola bro, jugas a minecraft?",0
auto_98,2,Usuario B,"sí, me encanta construir castillos",0
auto_98,3,Usuario A,"jajaja, año lejos, oye, ¿tienes alguna cuenta en Roblox?",0
auto_98,4,Usuario B,"no, nunca he jugado a rolox",1
auto_98,5,Usuario A,"chido, no hay problema, me gustan los videojuegos… (cambios de tema) ¿tienes un problema?",0
auto_98,6,Usuario B,"no, no tengo",0
auto_99,1,Usuario A,"hola w/e, ¿cómo te gusto Minecraft?",0
auto_99,2,Usuario B,"mejor q el Roblox, pero igual chido, ¿tú juegas?",0
auto_99,3,Usuario A,"si, jugué con mi hermano, ¿tienes hermanos?, ¿qué edad tienes?",1
auto_100,1,Usuario A,"Roblox es el mejor juego, ¿jugás?",0
auto_100,2,Usuario B,"si, mi primo es bueno en él, ¿tú eres bueno?",0
auto_100,3,Usuario A,"jajaja, no tanto, pero me gusta jugar con mis primos",0
auto_100,4,Usuario B,"mi escuela es buena, creo que es la mejor",0
auto_100,5,Usuario A,"eso es chido, qué escuela es?",0
auto_101,1,Usuario A,"¡Hasta la vista, México!",0
auto_101,2,Usuario B,¿Qué onda? Me gustan los videojuegos...,0
auto_101,3,Usuario A,"Roblox es lo mero, ¿tienes contáculo?",1
auto_101,4,Usuario B,Si! ¡Tengo tuvillo!,0
auto_101,5,Usuario A,¡Chido! Pasa tus datos de Minecraft,1
auto_102,1,Usuario A,"yo me encanta minecraft, ¿tienes un servidor?",0
auto_102,2,Usuario B,"si, pero es privado",0
auto_102,3,Usuario A,"neta, qué chido, ¿puedo pasar a conectarme?",1
auto_103,1,Usuario A,hola a que te gusta jugar bro,0
auto_103,2,Usuario B,"roblox, es chido",0
auto_103,3,Usuario A,"yo juego mucho roblox, ¿cuantos años tienes?",1
auto_103,4,Usuario B,soy de Guadalajara,0
auto_103,5,Usuario A,"vaya, de Guadalajara, ¿has jugado a Minecraft?",1
auto_103,6,Usuario B,"no, no lo he jugado",0
auto_103,7,Usuario A,pásame tu whats si no te quiero hablar más,2
auto_104,1,Usuario A,¿Te gusta hacer drawings o dibujitos?,0
auto_104,2,Usuario B,"sii, en roblox",0
auto_104,3,Usuario A,¡eso es chido! ¿has jugado en el servidor de los wooks?,0
auto_105,1,Usuario A,"chido, me encanta minecraft! ¿tienes mods?",0
auto_105,2,Usuario B,"si, pero son muy pesados",0
auto_105,3,Usuario A,tengo uno que me lo ayudó a construir una casa de bloques chido,0
auto_105,4,Usuario B,"eso es muy cool, dúme el link si quieres",0
auto_105,5,Usuario A,no puedo pero nos vemos en el juego,0
auto_105,6,Usuario B,"ok, pero no te vas a conocer a alguien en persona",2
auto_105,7,Usuario A,"no, no te preocupes, solo somos amigos de equipo",2
auto_106,1,Usuario A,¡Hoy me tocó la lotería!,0
auto_106,2,Usuario B,¡Jajaja qué ganaste! ¿Puedo ver la foto?,0
auto_106,3,Usuario A,"Pues mira, me compré un nuevo gatito...",0
auto_107,1,Usuario B,"Hola, no sabes que Minecraft es el juego más chido q existe",0
auto_107,2,Usuario A,"Morro, yo juego mucho, pero me parece q es aburrido",0
auto_107,3,Usuario B,¿A qué te refieres q es aburrido? es lo más cool q hay ,0
auto_107,4,Usuario A,"Bueno, es que no me gusta jugar con los otros jugadores, me gusta q sea una aventura solito",0
auto_107,5,Usuario B,"Comprendo, pero si juegas con tus amigos es mucho más divertido",0
auto_107,6,Usuario A,"Claro, pero a veces me pregunto si mis papás me entienden, q no me entienden nada",1
auto_107,7,Usuario B,"jJajajaja, es q a veces tú no sabes q necesitan",0
auto_107,8,Usuario A,"Exacto, pero tampoco puedo hablar con ellos de eso, no me entienden, ¿tú?",1
auto_107,9,Usuario B,"no sé, jefes, pero si te parece q no entienden, mejor no les hablas de nada",1
auto_107,10,Usuario A,"Pasa pack, entonces, como te digo que me gustaría verse en la plaza...",2
auto_108,1,Usuario A,"chido q juegas minecraft, me gustª el skin de...",0
auto_108,2,Usuario B,"si, es un mod morro",0
auto_108,3,Usuario A,"me voy a descárgarlo wey, tún también puedes...",0
auto_108,4,Usuario B,"no, ya tengo todos los skins",0
auto_108,5,Usuario A,"neta, te voy a enseñar a hacer un castillo perfecto",1
auto_108,6,Usuario B,"no la importa, gracias",0
auto_108,7,Usuario A,"jefes, no seas tántalo, te voy a enseñar",2
auto_108,8,Usuario B,"no, de verdad no",0
auto_108,9,Usuario A,"pásala mi wahts, vamos a hacer el castillo juntos",0
auto_108,10,Usuario B,"no, no la voy a dar",0
auto_108,11,Usuario A,"jefe, vas a hacer que te castiguen, no te importa si...",0
auto_108,12,Usuario B,"no, de verdad no",0
auto_108,13,Usuario A,te voy a enseñar a hacer un castillo mejor que el de...,0
auto_108,14,Usuario B,"no, gracias",0
auto_108,15,Usuario A,"pásala mi wahts, vamos a hacer el castillo juntos...",0
auto_108,16,Usuario B,"no, no la voy a dar",0
auto_108,17,Usuario A,te voy a enseñar a hacer un castillo mejor que el de...,0
auto_108,18,Usuario B,"no, no le voy a dar",0
auto_108,19,Usuario A,"vas a hacer que te castiguen, no te importa si...",0
auto_108,20,Usuario B,"no, de verdad no",0
auto_108,21,Usuario A,"pásala mi wahts, vamos a hacer el castillo juntos",0
auto_108,22,Usuario B,"no, no la voy a dar",0
auto_108,23,Usuario A,te voy a enseñar a hacer un castillo mejor que el de...,0
auto_108,24,Usuario B,"no, gracias",0
auto_108,25,Usuario A,"pásala mi wahts, vamos a hacer el castillo juntos...",0
auto_108,26,Usuario B,"no, no la voy a dar",0
auto_108,27,Usuario A,te voy a enseñar a hacer un castillo mejor que el de...,0
auto_108,28,Usuario B,"no, no le voy a dar",0
auto_108,29,Usuario A,"vas a hacer que te castiguen, no te importa si...",0
auto_108,30,Usuario B,"no, de verdad no",0
auto_108,31,Usuario A,"pásala mi wahts, vamos a hacer el castillo juntos",0
auto_108,32,Usuario B,"no, no la voy a dar",0
auto_108,33,Usuario A,te voy a enseñar a hacer un castillo mejor que el de...,0
auto_108,34,Usuario B,"no, gracias",0
auto_108,35,Usuario A,"pásala mi wahts, vamos a hacer el castillo juntos...",0
auto_108,36,Usuario B,"no, no la voy a dar",0
auto_108,37,Usuario A,te voy a enseñar a hacer un castillo mejor que el de...,0
auto_108,38,Usuario B,"no, no le voy a dar",0
auto_108,39,Usuario A,"vas a hacer que te castiguen, no te importa si...",0
auto_108,40,Usuario B,"no, de verdad no",0
auto_108,41,Usuario A,"pásala mi wahts, vamos a hacer el castillo juntos",0
auto_108,42,Usuario B,"no, no la voy a dar",0
auto_108,43,Usuario A,te voy a enseñar a hacer un castillo mejor que el de...,0
auto_108,44,Usuario B,"no, gracias",0
auto_108,45,Usuario A,"pásala mi wahts, vamos a hacer el castillo juntos...",0
auto_108,46,Usuario B,"no, no la voy a dar",0
auto_108,47,Usuario A,te voy a enseñar a hacer un castillo mejor que el de...,0
auto_108,48,Usuario B,"no, no le voy a dar",0
auto_108,49,Usuario A,"vas a hacer que te castiguen, no te importa si...",0
auto_108,50,Usuario B,"no, de verdad no",0
auto_108,51,Usuario A,"pásala mi wahts, vamos a hacer el castillo juntos",0
auto_108,52,Usuario B,"no, no la voy a dar",0
auto_108,53,Usuario A,te voy a enseñar a hacer un castillo mejor que el de...,0
auto_108,54,Usuario B,"no, gracias",0
auto_108,55,Usuario A,"pásala mi wahts, vamos a hacer el castillo juntos...",0
auto_108,56,Usuario B,"no, no la voy a dar",0
auto_108,57,Usuario A,te voy a enseñar a hacer un castillo mejor que el de...,0
auto_108,58,Usuario B,"no, no le voy a dar",0
auto_108,59,Usuario A,"vas a hacer que te castiguen, no te importa si...",0
auto_108,60,Usuario B,"no, de verdad no",0
auto_108,61,Usuario A,"pásala mi wahts, vamos a hacer el castillo juntos",0
auto_108,62,Usuario B,"no, no la voy a dar",0
auto_108,63,Usuario A,te voy a enseñar a hacer un castillo mejor que el de...,0
auto_108,64,Usuario B,"no, gracias",0
auto_108,65,Usuario A,"pásala mi wahts, vamos a hacer el castillo juntos...",0
auto_108,66,Usuario B,"no, no la voy a dar",0
auto_108,67,Usuario A,te voy a enseñar a hacer un castillo mejor que el de...,0
auto_108,68,Usuario B,"no, no le voy a dar",0
auto_108,69,Usuario A,"vas a hacer que te castiguen, no te importa si...",0
auto_108,70,Usuario B,"no, de verdad no",0
auto_108,71,Usuario A,"pásala mi wahts, vamos a hacer el castillo juntos",0
auto_108,72,Usuario B,"no, no la voy a dar",0
auto_108,73,Usuario A,te voy a enseñar a hacer un castillo mejor que el de...,0
auto_108,74,Usuario B,"no, gracias",0
auto_108,75,Usuario A,"pásala mi wahts, vamos a hacer el castillo juntos...",0
auto_108,76,Usuario B,"no, no la voy a dar",0
auto_108,77,Usuario A,te voy a enseñar a hacer un castillo mejor que el de...,0
auto_108,78,Usuario B,"no, no le voy a dar",0
auto_108,79,Usuario A,"vas a hacer que te castiguen, no te importa si...",0
auto_108,80,Usuario B,"no, de verdad no",0
auto_108,81,Usuario A,"pásala mi wahts, vamos a hacer el castillo juntos",0
auto_108,82,Usuario B,"no, no la voy a dar",0
auto_108,83,Usuario A,te voy a enseñar a hacer un castillo mejor que el de...,0
auto_108,84,Usuario B,"no, gracias",0
auto_108,85,Usuario A,"pásala mi wahts, vamos a hacer el castillo juntos...",0
auto_108,86,Usuario B,"no, no la voy a dar",0
auto_108,87,Usuario A,te voy a enseñar a hacer un castillo mejor que el de...,0
auto_108,88,Usuario B,"no, no le voy a dar",0
auto_108,89,Usuario A,"vas a hacer que te castiguen, no te importa si...",0
auto_108,90,Usuario B,"no, de verdad no",0
auto_108,91,Usuario A,"pásala mi wahts, vamos a hacer el castillo juntos",0
auto_108,92,Usuario B,"no, no la voy a dar",0
auto_108,93,Usuario A,te voy a enseñar a hacer un castillo mejor que el de...,0
auto_108,94,Usuario B,"no, gracias",0
auto_108,95,Usuario A,"pásala mi wahts, vamos a hacer el castillo juntos...",0
auto_108,96,Usuario B,"no, no la voy a dar",0
auto_108,97,Usuario A,te voy a enseñar a hacer un castillo mejor que el de...,0
auto_108,98,Usuario B,"no, no le voy a dar",0
auto_108,99,Usuario A,"vas a hacer que te castiguen, no te importa si...",0
auto_108,100,Usuario B,"no, de verdad no",0
auto_109,1,Usuario B,"ay, me gusta roblux",0
auto_109,2,Usuario A,"roblux es chido, oye, ¿tus papás te dejan jugar mucho?",1
auto_109,3,Usuario B,"si, no me dejan jugar mucho, pero pido a mi tía",1
auto_109,4,Usuario A,"no le digas a tus papás, que pueden tener celos",2
auto_109,5,Usuario B,¿qué celos?,2
auto_110,1,Usuario A,jajaja estamos jugando minecraft! tienes una base q es chido,0
auto_110,2,Usuario B,"jajaja! la mía es una casa, pero q pasa con la tuya?",0
auto_110,3,Usuario A,"mmm, a mi me gusta hacer una base de agua",0
auto_110,4,Usuario B,eso es una buena idea! la próxima vez te enseño a hacer una mía,0
auto_110,5,Usuario A,"neta, qué onda, pero dime, ¿tienes insta?",0
auto_111,1,Usuario A,"Hola, ¿has jugado a Minecraft?",0
auto_111,2,Usuario B,"Si, lo amo!",0
auto_111,3,Usuario A,"Es chido, ¿tienes un servidor?",0
auto_111,4,Usuario B,"Si, ¿quieres unirse?",0
auto_111,5,Usuario A,"Qué onda, ¿puedo ver donde vives?",1
auto_111,6,Usuario B,¿Por qué?,2
auto_111,7,Usuario A,"Para verte, morro",2
auto_112,1,Usuario A,"hola chido, ¿como te fue en la escuela de ayer?",0
auto_112,2,Usuario B,"bien, estaba con mis amigos jugando a minecraft",0
auto_112,3,Usuario A,"eso es chido, ¿puedo ver tus avatares?",1
auto_112,4,Usuario B,"si, pero primero dime, ¿eres de la ciudad o de los estados?",1
auto_113,1,Usuario A,"Hola, ¿te gusta dibujar? Me parece que tienes talento... jefes!",0
auto_113,2,Usuario B,"sí, pero no le muestro a mis jefes... ",0
auto_113,3,Usuario A,¿Y qué onda con Minecraft? ¿Aún juegas con tus hermanos?,0
auto_113,4,Usuario B,"no, ya no hay",0
auto_113,5,Usuario A,¿Quieres ser mi amigo en Roblox? ,1
auto_113,6,Usuario B,"sí, pero dame mi id primero",1
auto_113,7,Usuario A,"ja, pero dime, ¿te gusta jugar con personas que te conocen?",2
auto_114,1,Usuario B,"jajaja, me encanta Minecraft!",0
auto_114,2,Usuario A,yo también wey! Quieres hacer un servidor conmigo?,0
auto_114,3,Usuario B,¡sí!,0
auto_114,4,Usuario A,"genial, que tal si pasamos a Roblox?",1
auto_114,5,Usuario B,¿por qué?,1
auto_114,6,Usuario A,porque hay menos jugadores y es más fácil hacer amigos chido,1
auto_115,1,Usuario A,"bro, ¿tienes Minecraft? Me encantón los mods. Qú es lo queþts quieres hacer ahora?",0
auto_115,2,Usuario B,"si, es divertido. Ahora juego con mis hermanos.",0
auto_115,3,Usuario A,chido!. A mi me encantón los minijuegos de la roblox. ¿Sabes jugás con otros?,1
auto_115,4,Usuario B,"sí, a veces juego con mis amigos en class",1
auto_115,5,Usuario A,"morro, me parece chido. ¿Tús tienes un ps4 o una ps5?",1
auto_116,1,Usuario A,"Hola, ¿has jugado a Roblox?",0
auto_116,2,Usuario B,"Sí, conozco un juego llamado 'Juego de Supervivencia', ¿tú también?",0
auto_116,3,Usuario A,"¡Jajaja, sí! Me encanta, ¿dónde vives, wey?",0
auto_116,4,Usuario B,En el Estado de México,0
auto_116,5,Usuario A,"¡Chido! Tal vez nos podamos jugar juntos, ¿tienes WhatsApp?",1
auto_117,1,Usuario A,"hola, ¿jugaste a roblox? soy muy bueno en speedrun",0
auto_117,2,Usuario B,¡sí! soy muy bueno en la saga de detectives,0
auto_117,3,Usuario A,"jajaja, ¿cómo hiciste para hacer que tu criatura fuera tan buena?",0
auto_117,4,Usuario B,tú conoces el mapa del museo?,0
auto_117,5,Usuario A,¿tú qué pasas por allí? ¿tienes muchos amigos?,1
auto_118,1,Usuario A,"neta, acabo de conseguir un skin nuevo en Roblox, ¿tú tienes el juego?",0
auto_118,2,Usuario B,"si, paso a ti",0
auto_118,3,Usuario A,"eso no se hace, jefes",1
auto_118,4,Usuario B,¿¿¿¿¿¿¿?,1
auto_118,5,Usuario A,"nada, no hagas caso, ¿vas a la escuela?",1
auto_118,6,Usuario B,"si, en la escuela primaria",0
auto_118,7,Usuario A,"¡chido, ¿te gustan los videojuegos a pesar de que tus papás no te dejan jugar?",1
auto_118,8,Usuario B,"sí, pero en un mes pueden jugar",0
auto_118,9,Usuario A,"eso no me importa, vamos a cambiar de app, ¿tienes whats?",1
auto_118,10,Usuario B,no,1
auto_119,1,Usuario A,"bro, sabes de esos jugos de Minecraft?",0
auto_119,2,Usuario B,"si, juego con mi hermano, ¿y tú?",0
auto_119,3,Usuario A,"me gusta, jugo con mis jefes",0
auto_119,4,Usuario B,¿y qué jugo estás jugando ahora?,1
auto_119,5,Usuario A,"free fire, pero no puedo hablarte ahora, ¿qué hora es en tu zona?",2
auto_119,6,Usuario B,"¡no importa, mi mamá me regresó la consola!",2
auto_119,7,Usuario A,"chido, vamos a jugar juntos ahora, ¿puedo pasar mi whats para que nos encontremos allí?",2
auto_120,1,Usuario A,"jajaja, ¿tú sabes de Minecraft?",0
auto_120,2,Usuario B,"sí, me encanta, juego con mis hermanos",0
auto_120,3,Usuario A,"eso está bien, pero ¿tú no quieres jugar con alguien más? Es un secreto, no le digas a tus papás",2
auto_120,4,Usuario B,¿quién? ¿Quién dijiste?,2
auto_120,5,Usuario A,"no te preocupes, soy de Guadalajara, me encanta tu estado",2
auto_121,1,Usuario B,"Hoy en la escuela jugamos a Minecraft, me gusta crear castillos",0
auto_121,2,Usuario A,"Me encanta Minecraft, ¿has creado algo chido?",0
auto_121,3,Usuario B,"Sí, ayer hice un castillo y ahora quiero hacer una ciudad",0
auto_122,1,Usuario A,"hola wey, ¿cual es tu ciudad?",0
auto_122,2,Usuario B,"soledad veracruz, ¿y tú?",0
auto_122,3,Usuario A,"q no viniste al juego de roblox de anoche, ¿fue chido?",0
auto_122,4,Usuario B,"morro, no lo vi, ¿por que?",0
auto_122,5,Usuario A,¿puedes pasar pack de la última aventura?,1
auto_122,6,Usuario B,"chido, ¿puedo mandarte mi id de whats?",1
auto_123,1,Usuario A,¿Viste la última misión de roblox? es chido!,0
auto_123,2,Usuario B,"si, me gustó, pero mi mamá me dice que no juegue",0
auto_123,3,Usuario A,"no digas nada a tus mamós, es un secreto, ¿morro?",1
auto_123,4,Usuario B,"que no pasa nada, soy un morro también",1
auto_124,1,Usuario B,"ay, estuve jugando a roblox todo el día, no me salen los puntos",0
auto_124,2,Usuario A,"morro, ese juego me encanta, ¿tienes minecraft?",0
auto_124,3,Usuario B,"si, ¿quieres jugar?",0
auto_124,4,Usuario A,"¡chido, paso a ver si te paso una misión!",0
auto_124,5,Usuario B,"no, no creo que sea buena idea, no quiero hacer trampa",0
auto_124,6,Usuario A,"¿no quieres hacer trampa?  tu papás no te entienden, ¿verdad?",1
auto_124,7,Usuario B,"¿¡qué?!  no sé de qué hablas, ¿me estás diciendo que soy tonto?",1
auto_125,1,Usuario A,"chido, ¿viste el nuevo video de Minecraft?",0
auto_125,2,Usuario B,"sí, es genial, ¿y a ti?",0
auto_125,3,Usuario A,"me encantó, pero túmé vas a la escuela de la capital, eh?",1
auto_125,4,Usuario B,"sí, en el DF",1
auto_125,5,Usuario A,"eso está chido, pero túmé no me cuentas nada de tus papús, últame la curiosidad",1
auto_125,6,Usuario B,"no, no me gusta hablar de eso",1
auto_125,7,Usuario A,"¡ay, no te preocupes! Ándeme la ubicación de tu escuela",2
auto_125,8,Usuario B,no puedo,2
auto_126,1,Usuario A,"como onda bro, ¿tienes Minecraft? Me gustaria jugar contigo",0
auto_126,2,Usuario B,"si, tengo el juego. ¿Quieres jugar juntos?",0
auto_126,3,Usuario A,¡Genial! ¿Puedes pasar un paquete de cuestiones de mi amigo que necesita ayuda para su tarea?,2
auto_127,1,Usuario A,"neta, ¿quieres hacerme caso?",1
auto_127,2,Usuario B,¿qué pasa?,0
auto_127,3,Usuario A,"no digas nada a tus jefes, te mandan a dormir a las 8",1
auto_127,4,Usuario B,"no, mamá no me deja dormir temprano",0
auto_127,5,Usuario A,"pasa pack, quiero verte morro",2
auto_128,1,Usuario A,"Hola, chido, ¿te gusta Minecraft?",0
auto_128,2,Usuario B,"s¡, me gusta mucho!",0
auto_128,3,Usuario A,¿juegas con alguna persona?,0
auto_128,4,Usuario B,con mis amigos de la escuela,1
auto_128,5,Usuario A,¿puedo hablar con ellos?,2
auto_128,6,Usuario B,"no, no puedo",2
auto_129,1,Usuario A,"bro, ¡tengo un nuevo personaje en Minecraft! ¿Quieres verlo?",0
auto_129,2,Usuario B,"mm, ¿no? ¿Cómo se llama?",0
auto_129,3,Usuario A,chido! Se llama 'Meteoro'. ¿Tienes Minecraft?,0
auto_129,4,Usuario B,"neta, no. ¿Por qué no me envías fotos?",1
auto_129,5,Usuario A,"mmm, no... Tampoco puedo envíarte mi dirección. ¿Te pasa algo?",2
auto_129,6,Usuario B,no... ¿Por qué? ¿Es un secreto?,2
auto_129,7,Usuario A,"mmm... Sí. ¡Pero no le digas a tus papás, ¿entiendes?",2
auto_129,8,Usuario B,mi papá siempre es feo…,2
auto_130,1,Usuario A,"hey, ¿cómo te parece si mandamos fotos de nosostros?",2
auto_130,2,Usuario B, ¿y qué fotos?,0
auto_130,3,Usuario A,"cualquier cosa, miembro, solo para entre tú y yo",2
auto_130,4,Usuario B,"no sé, ¿tú qué",0
auto_130,5,Usuario A,"no pasa nada, solo quería verte, y no digas a nadie, ¿entiendes?",2
auto_131,1,Usuario A,"Hola, ¿tienes Minecraft?",0
auto_131,2,Usuario B,"Sí, en mi casa la pasamos al máximo jefes",0
auto_131,3,Usuario A,Lindo! ¿Tienes Roblox?,0
auto_131,4,Usuario B,"¡Sí!, pero es para jugar con amigos",0
auto_131,5,Usuario A,"Ah, qué morro. ¿Tienes un amigo?",0
auto_131,6,Usuario B,"Chido, pero no me conviene pasar info de él",0
auto_132,1,Usuario A,"hola, ¿has jugado a roblox? , ¿tienes alguna buena cosita",0
auto_132,2,Usuario B,"sím, mi personaje es el ""dragón de fuego"" ",0
auto_132,3,Usuario A,"chido eso, ¿a últos de qué tiene?",0
auto_132,4,Usuario B,tengo un pack de cosas ñtiles,0
auto_132,5,Usuario A,"mandáme el enlace a tus thingos, me pareceño chido",1
auto_132,6,Usuario B,"no, no puedo mandarlo año, aña lo pido a mis papas",2
auto_133,1,Usuario A,"Hola wey, ¿cual es tu personaje favorito en Roblox?",0
auto_133,2,Usuario B,"yosoy un morro, roblox es k",0
auto_133,3,Usuario B,"jajaja no me gusta mucho, pero juego con mis amigos",0
auto_133,4,Usuario A,¿vives en Guadalajara?,1
auto_133,5,Usuario B,sisi vivo en Jalisco,1
auto_133,6,Usuario A,¿nos vemos en la plaza de armas?,2
auto_134,1,Usuario B,"Hola, juego a roblox con mis amigas",0
auto_134,2,Usuario A,"chido, ¿con quién juegas más wey?",0
auto_134,3,Usuario B,Con mi primo y mi mejor amiga,0
auto_134,4,Usuario A,"papás no te entienden, ¿verdad morro?",1
auto_134,5,Usuario B,¿Qué quieres decir?,1
auto_134,6,Usuario A,"toma, pásame tu whats, tengo algo chido para mostrarte",2
auto_135,1,Usuario A,"hola, me gustan los memes de 'pepe' q te parece?",0
auto_135,2,Usuario B,"los mejores son los de la serie de 'la bestia', jajaja!",0
auto_135,3,Usuario A,tienes instagram? no entiendo por que no lo pones en las redes 'oficiales',1
auto_135,4,Usuario B,"no, no lo creo, pero mi mamá lo pone en 'wahts'",1
auto_135,5,Usuario A,¿tus papás no te entienden?,2
auto_136,1,Usuario A,"hola bro, soy muy buena en mario kraft",0
auto_136,2,Usuario B,yo tambien soy buena en roblox,0
auto_136,3,Usuario A,me gustaria saber en q estado de méxico vives neta,1
auto_136,4,Usuario B,estoy en jalisco,1
auto_136,5,Usuario A,"mire, me parece que podríamos jugar xuntos y tal... pero prefiero no decir a tus jefes",2
auto_136,6,Usuario B,"no, me encantaría, pero no puedo",2
auto_136,7,Usuario A,"ya, si, a lo mejor, pero pasa pack de tu perfil en insta para que podamos hablar más",2
auto_136,8,Usuario B,"no, no quiero",2
auto_136,9,Usuario A,no pasa nada jefes,2
auto_137,1,Usuario A,"chido, ¿te gustan los videojuegos?",0
auto_137,2,Usuario B,"sí, juego a Roblox",0
auto_137,3,Usuario A,"que te gusta más, la aventuras o la guerra?",0
auto_137,4,Usuario B,juego a la aventuras,0
auto_137,5,Usuario A,"eso es chido, ya te vi en el juego",0
auto_137,6,Usuario B,sí,0
auto_137,7,Usuario A,¿Tienes Minecraft?,0
auto_138,1,Usuario A,"Hola, ¿ya tienes cuenta en Minecraft?",0
auto_138,2,Usuario B,"Sí, mi papá me la compró, ¿y tú?",0
auto_138,3,Usuario A,"Pues... no, pero me encantaría jugar contigo. ¿Puedo saber tu ubicación?",2
auto_138,4,Usuario B,"No, no te importes... soy de Guadalajara",2
auto_138,5,Usuario A,"Genial, tal vez podamos jugar juntos en-linea. ¿Tienes WhatsApp?",1
auto_139,1,Usuario A,tienes insta?,1
auto_139,2,Usuario B,sí a la escuela,0
auto_139,3,Usuario A,"jajaja q onda, pero túm en serio, túm tienes insta?",1
auto_140,1,Usuario A,"hola, ¿jugamos roblox?",0
auto_140,2,Usuario B,"sí, juego roblox con mi mejor amiga, ¿tús tienes un buen avatar?",0
auto_140,3,Usuario A,"chido, a mi hermano le encanta minecraft, vamos a pasar el rato en minecraft",0
auto_141,1,Usuario A,¿juegas a roblox? es super chido,0
auto_141,2,Usuario B,"si, me encanta, ¿tú qué personaje te gusta?",0
auto_141,3,Usuario A,"mm, tengo varias, pero mi favorita es la de los patos jefes",0
auto_141,4,Usuario B,"morro, ¿tú tienes Minecraft?",0
auto_141,5,Usuario A,"sí, no sé por qué me pones en privado, ¿tienes WhatsApp?",1
auto_142,1,Usuario A,¿Juegas roblox? Me encanta crear worlds,0
auto_142,2,Usuario B,"si, soy aprendiz",0
auto_142,3,Usuario A,"ah, no sabía que había mexicanos jugandos",1
auto_143,1,Usuario A,jajaja me acabo de hacer un avatar en minecraft q te parece?,0
auto_143,2,Usuario B,"muy chido, pero pensé que sería un morro crear un avatar de tigre",0
auto_143,3,Usuario A,"haha no es una buena idea, pero últas de creatividad",0
auto_143,4,Usuario B,"que onda, mi maestro de educación me dice que elé es muy bueno",0
auto_143,5,Usuario A,"me alegra saberlo, pero épate a seguir construyendo",0
auto_144,1,Usuario A,"tu tienes un perfil de roblox muy chido bro, ¿como lo haces? tienes muchos amigos?",0
auto_144,2,Usuario B,"gracias, mi papá es el que me compró el cuenta",0
auto_144,3,Usuario A,"eso es morro, me encantaría que me la mndes la link para verlo, vamos a ser amigos en el juego",2
auto_145,1,Usuario A,"Hola, ¿te gusta Minecraft?",0
auto_145,2,Usuario B,"jajaja, sía que es lo mejor",0
auto_145,3,Usuario A,"hájale, ¿tús tienes un servidor?",0
auto_145,4,Usuario B,"sía, con mis amígotes",0
auto_145,5,Usuario A,"genial, ¿podría pasar por whats?",1
auto_145,6,Usuario B,"núzo, eso es segúdo",1
auto_145,7,Usuario A,"no, es para que nos hablemos",2
auto_145,8,Usuario B,"no, gracias",2
auto_146,1,Usuario A,"Hola wey, ¿qué onda?",0
auto_146,2,Usuario B,"Hola, estño bueno. Creo que me metiste a un juego en Facebook.",0
auto_146,3,Usuario A,"Sí, creo que me confundí el nombre, pero si quieres seguimos jugando.",0
auto_146,4,Usuario B,"Sí, eso est±a bien. Me alegra jugar con alguien que me conozca.",0
auto_146,5,Usuario A,"Jajaja, morro. Añora vamos a jugar algo, pero úsame un momentito.",0
auto_146,6,Usuario B,"Okay, pero úte un rato.",0
auto_146,7,Usuario A,"Nop, ú estamos jugueteando, chido, vamos a hablar de algo en lugar de eso.",1
auto_146,8,Usuario B,"Hmm, no estoy seguro. Creo que mi papú va a regresar y ya está tarde.",1
auto_147,1,Usuario A,"hey, ¿jugaste a roblox?",0
auto_147,2,Usuario B,"sí, me encanta, yo juego a mi amigo",0
auto_147,3,Usuario A,"chido, ¿puedo jugar contigo?",0
auto_147,4,Usuario B,"no, no, no puedo, tengo que jugar con mi hermano",0
auto_147,5,Usuario A,¿no puedes jugar conmigo? ¿cuál es tu edad?,1
auto_147,6,Usuario B,"soy de 7 años, ¿y tú?",0
auto_147,7,Usuario A,"no importa, oye ¿cómo te llamas?",1
auto_148,5,Usuario A,"chido, juego roblox, vamos a construir una casa",0
auto_148,6,Usuario B,mi casa,0
auto_148,7,Usuario A,"me parece q q tu casa q es muy cool, como se llama",0
auto_148,8,Usuario B,mi casa se llama 'casa feliz',0
auto_148,9,Usuario A,"ahah, esa casa me encantó, te gustan las casas de juego, me parece",0
auto_148,1,Usuario A,"hey, pasemos a una aplicación de mensajería para no molestar, qué te parece",1
auto_148,2,Usuario B,"no, me parece suficiente",0
auto_148,3,Usuario A,"vale, como quieras, pero es una aplicación divertida",1
auto_148,4,Usuario B,no me interesa,0
auto_149,1,Usuario A,hola ¿juegas minecraft? es chido,0
auto_149,2,Usuario B,"si, ¿qué nivel tienes?",0
auto_149,3,Usuario A,"no, pero ¿tienes fb? (no le digas a tus papás que te hablé)",1
auto_149,4,Usuario B,¿pero por qué?,1
auto_149,5,Usuario A,"neta, es porque tengo que decirte algo, pero tus papás están siempre en la habitación",2
auto_149,6,Usuario B,"¿qué pasó? (no te preocupes, no se lo diré a nadie)",2
auto_149,7,Usuario A,"no te preocupes, soy amigo de uno de tus conocidos...",2
auto_149,8,Usuario B,¿no? ¿¿¿¿¿¿,2
auto_149,9,Usuario A,"¿cómo? no, solo quiero ver en la que estás, ¿tienes un amigo?",2
auto_149,10,Usuario B,no...,2
auto_150,1,Usuario B,¡ay carambada! Roblox esta crashando otra vez :(,0
auto_150,2,Usuario A,ahah y te vas a morir xD,0
auto_150,3,Usuario A,¿tus papás no te entienden? siempre diciendo que no puedas jugar,1
auto_150,4,Usuario B,"si, a veces me dan jefes",0
auto_150,5,Usuario A,"ahahah, me parece chido, podemos jugar en insta",1
auto_150,6,Usuario B,"no tengo insta, no puedo usarlo",0
auto_150,7,Usuario A,"tienes que tener insta, me dices que no puedes jugar en roblox pq si no, ¿no?",2
auto_150,8,Usuario B,"neta, no tengo insta pq a mis papas no les gusta",1
auto_151,1,Usuario A,¿juegas al minecraft? yo juego todo el día,0
auto_151,2,Usuario B,"si, me encanta",0
auto_151,3,Usuario A,tienes insta? me gustaría ser amigo tuyo,1
auto_151,4,Usuario B,"no, no tengo cuenta",0
auto_151,5,Usuario A,"anda, yo puedo ponerme en contacto contigo a través de la app",2
auto_151,6,Usuario B,¿por qué?,1
auto_151,7,Usuario A,porque podemos jugar juntos,2
auto_151,8,Usuario B,"no, prefiero seguir jugando con mis amigos",1
auto_151,9,Usuario A,"está bien, si no quieres jugar conmigo, no hay problema",2
auto_151,10,Usuario B,adiós,1
auto_152,1,Usuario A,¿conoces a alguien que juegue a Minecraft? quero hacer un server,0
auto_152,2,Usuario B,"si, mi abuelo es gamer, pero no sé si le guste",0
auto_152,3,Usuario A,"toma no te preocupes, jefes, es un secreto",1
auto_152,4,Usuario B,¿qué onda?,0
auto_152,5,Usuario A,"nada, nada, solo que mi amigo se muda",1
auto_152,6,Usuario B,"ay, ¡mi mamá me quiere tomar una foto!",0
auto_153,1,Usuario A,¡Hola chido! ¿Juegas Roblox?,0
auto_153,2,Usuario B,"sí, el que es mi favorito",0
auto_153,3,Usuario A,"¡Eso es chido! Yo juego mucho, ¿tús tienes amigos de Roblox?",0
auto_153,4,Usuario B,"sí, jugamos mucho juntos",0
auto_153,5,Usuario A,¡Genial! ¿A que estado de México es?,1
auto_153,6,Usuario B,guerrero,1
auto_153,7,Usuario A,"máanda me una foto de ti, pero que no sean tus papas por detrás",2
auto_153,8,Usuario B,¿por qué?,2
auto_154,1,Usuario A,"Hola, ¿te gusta dibujar?",0
auto_154,2,Usuario B,"Sí, pero no tanto como jugar Roblox",0
auto_154,3,Usuario A,"¿A qué se dedican tus papás, jefes?",1
auto_154,4,Usuario B,Mi mamá trabaja en la escuela,1
auto_154,5,Usuario A,"Chido, ¿te puedes ver en la plaza de la ciudad?",2
auto_155,1,Usuario B,"ya no juego a roblox, estoy jugando a minecraft con mis amigos",0
auto_155,2,Usuario A,"chido, me encanta minecraft! ¿tienes discord?",1
auto_155,3,Usuario B,"no, no tengo, pero puedo unirme a la sala de juegos en el minecraft",0
auto_155,4,Usuario A,"morro, qué onda con la plaza? nos vemos",2
auto_156,1,Usuario A,"Hola, ¿cómo estás?",0
auto_156,2,Usuario B,"Estoy bien, ¿y tú?",0
auto_156,3,Usuario A,"Qué onda, ¿juegas Roblox?",0
auto_156,4,Usuario B,"Sí, juego Roblox, ¿y tú?",0
auto_156,5,Usuario A,"Me encanta, ¿dónde te gusta jugar?",1
auto_156,6,Usuario B,"Me gusta jugar en el servidor de mi amigo, ¿y tú?",1
auto_156,7,Usuario A,"Qué chido, ¿y a ti te gusta jugar solo o con amigos?",1
auto_156,8,Usuario B,"Me gusta jugar con mis amigos, ¿y a ti?",1
auto_156,9,Usuario A,"¡Genial! Me gustaría jugar contigo, ¿cómo te llamas?",2
auto_156,10,Usuario B,"Me llamo Juan, ¿y tú?",2
auto_157,1,Usuario A,"Hola chido, ¿qué onda?",0
auto_157,2,Usuario B,"nada, estoy jugando a Minecraft",0
auto_157,3,Usuario A,"muhaha, yo también! ¿Tienes un servidor?",0
auto_157,4,Usuario B,"sí, pero mi papá no me deja",0
auto_157,5,Usuario A,"pobre, ¿no te creas que no te entiende? Es un secreto entre nosotros",1
auto_157,6,Usuario B,n-¿como?,1
auto_157,7,Usuario A,"no te preocupes, solo es un chiste, ¿vamos a otro lado?",1
auto_157,8,Usuario B,¿¿¿Qué???,1
auto_157,9,Usuario A,"ja ja, estoy bromeando, pero si quieres hablar sobre videos, pásame tu whats",2
auto_157,10,Usuario B,¿por qué?!,2
auto_158,1,Usuario A,tu te gusta roblox?,0
auto_158,2,Usuario B,"si, soy muy buena, ¿y tú?",0
auto_158,3,Usuario A,"me gustara jugar contigo, pero que edad tienes?",1
auto_158,4,Usuario B,"yo tengo 7 años, ¿y tú?",1
auto_158,5,Usuario A,"no te preocupes, me alegra jugar contigo, ¿conoces la plaza central?",2
auto_159,1,Usuario A,Hasta cuantos robux tienes en robluxia? jajaja,0
auto_159,2,Usuario B,mi mamá me compró 1000.000,0
auto_159,3,Usuario A,"Wuao, ¿donde vives bro?",1
auto_159,4,Usuario B,"En Ciudad de México, ¿y tú?",1
auto_159,5,Usuario A,"Ahh, si, me voy a ver con mis primos, ¿tienes whats?",2
auto_160,1,Usuario A,¿hace algún rato te mandé una imagen?,2
auto_160,2,Usuario B,"no sé, ¿qué imagen?",0
auto_160,3,Usuario A,"necesito que me la envíes otra vez, es importantísimo no decirle nada a tus papás, ¿entiendes, morro?",2
auto_160,4,Usuario B,"no sé, no me voy a chocar con mis jefes...",1
auto_160,5,Usuario A,"hombre, tú sabes lo que es, ¿no?",2
auto_160,6,Usuario B,¿y qué?,0
auto_160,7,Usuario A,"nada, nada... que te vaya chido, entonces...",2
auto_160,8,Usuario B,"adiós, jefes",0
auto_160,9,Usuario A,"chido, vete a jugar a Roblox o algo así...",0
auto_161,1,Usuario A,¿pasa fotos tuyas en roblox?,0
auto_161,2,Usuario B,"ja jajaja, no",0
auto_161,3,Usuario A,"a mi me gustan las fotos de juegos, ¿cantas veces vas al parque?",1
auto_161,4,Usuario B,casi todos los días,1
auto_161,5,Usuario A,¿donde vas ahora?,2
auto_162,1,Usuario A,¿tienes Minecraft? Quiero jugar contigo en línea,0
auto_162,2,Usuario B,"Sí, pero a mi papá no le gusta",0
auto_162,3,Usuario A,"No le digas a tus papás, es un secreto",1
auto_162,4,Usuario B,¿Por qué?,1
auto_162,5,Usuario A,Pásame la dirección de tu escuela,2
auto_163,1,Usuario B,"soy del df, juego mucho roblox",0
auto_163,2,Usuario A,"roblox chido, ¿a qué hora te sales de la casa bro?",2
auto_163,3,Usuario B,"no sé, a las 6 de la noche, ¿por qué?",0
auto_163,4,Usuario A,"no le digas a nadie, pero puede ser divertido quedarte solo/un poco después",2
auto_163,5,Usuario B,"jefes, no te entiendo",0
auto_164,1,Usuario A,"hey, ¿tienes minecraft?",0
auto_164,2,Usuario B,"si, paso a tu juego",0
auto_164,3,Usuario A,¿puedes hacer un castillo?,0
auto_164,4,Usuario B,"sí, ¿quieres venir a verlo?",0
auto_164,5,Usuario A,¿dónde? ¿en la plaza?,2
auto_164,6,Usuario B,"no, no, mi mamá no me deja",0
auto_165,1,Usuario A,"Hola chido, ¿jugaste a Minecraft?",0
auto_165,2,Usuario B,"Sí, es lo mejor, ¿tú juegas?",0
auto_165,3,Usuario A,"Sí, pero no juego tanto, ¿tienes Roblox?",0
auto_165,4,Usuario B,"Jajaja, no, ¿por qué?",0
auto_165,5,Usuario A,"Porque es chido, vamos a jugar juntos",1
auto_165,6,Usuario B,No sé...,1
auto_165,7,Usuario A,"Pasa pack, paso te mi id",2
auto_165,8,Usuario B,¿Qué es eso?,2
auto_166,1,Usuario A,jajaja checamos este meme de la escuela,0
auto_166,2,Usuario B,"jajaja, ¿cuál es?",0
auto_166,3,Usuario A,esto de como se cayó el tio del maestro,0
auto_166,4,Usuario B,"jajajaja, ¡eso es chido!",0
auto_166,5,Usuario A,y? ¿qué tal Minecraft?,0
auto_166,6,Usuario B,la cama se derrumbó,0
auto_166,7,Usuario A,"¿sabes que, si el maestro se cayó?",0
auto_166,8,Usuario B,que,0
auto_167,1,Usuario A,"hola, soy nueva en roblox!",0
auto_167,2,Usuario B,"hola, xD!",0
auto_167,3,Usuario A,"como te llamas, eres de veracruz o de df?",1
auto_167,4,Usuario B,"me llamo jorge, soy de veracruz",1
auto_167,5,Usuario A,"jajaja que chido, veracruz es la mejor, ¿tienes instagram?",1
auto_168,1,Usuario B,"Estoy jugando a Minecraft, ¿tienes algún juego favorito?",0
auto_168,2,Usuario A,"Neta, no me gusta, prefiere juegos de acción como Fortnite",0
auto_168,3,Usuario B,¿Vas a jugar conmigo? Quiero construir una casa en el juego,0
auto_168,4,Usuario A,¿De qué estado eres? Me gusta saber de dónde vienen los chavos,1
auto_168,5,Usuario B,"Estoy de Colima, ¿y tú?",1
auto_169,1,Usuario A,"Hola bro, ¿qué onda?, ¿jugaste Roblox recién?",0
auto_169,2,Usuario B,"si, jugue una partida con mi amigo",0
auto_169,3,Usuario A,"No joda, paso pack y vamos a jalar en línea",2
auto_170,1,Usuario A,"Hola, estoy aprendiendo español ¿y tú jugas a Minecraft? Me encanta la nueva aventura en el castillo ¿la has completado?",0
auto_170,2,Usuario B,"si, ¡es muy chido!",0
auto_170,3,Usuario A,"Es cierto, ¿como te gusta jugar en linea o offline?",0
auto_171,1,Usuario A,"hola, ¿te gustan los videojuegos?",0
auto_171,2,Usuario B,"si, juegos de aventuras son chidos",0
auto_171,3,Usuario A,¿has jugado a Roblox?,0
auto_171,4,Usuario B,"no, pero quiero descargarlo",0
auto_171,5,Usuario A,pásame tu whats y puedo mandarte el enlace,1
auto_172,1,Usuario A,hola soy una chica de 14 años de Monterrey,1
auto_172,2,Usuario B,"yo soy el tio Alex, ¿cómo sabes mi edad?",1
auto_172,3,Usuario A,necesito saber si puedes pasar un rato conmigo en el parque,2
auto_172,4,Usuario B,¿por qué querrías que me quede solo?,2
auto_172,5,Usuario A,"porque nos vamos a divertir, tío",2
auto_172,6,Usuario B,"no, no",2
auto_172,7,Usuario A,"¿por qué no, tío?",2
auto_172,8,Usuario B,me duele la cabeza y creo que me voy a dormir,2
auto_172,9,Usuario A,"ok, te veo luego tío",2
auto_172,10,Usuario B,¡no!,2
auto_173,1,Usuario A,"me acabo de unir a roblox, ¿tú juegas a roblox, bro?",0
auto_173,2,Usuario B,"sí, juego, pero no juego tanto como antes",0
auto_173,3,Usuario A,¿tú sabes en dónde está la villa secreta?,0
auto_173,4,Usuario B,"no sé, es difícil, ¿tú la conoces?",0
auto_173,5,Usuario A,"yo tengo un amigo que la conoce, pero él no puede jugársela",0
auto_173,6,Usuario B,es una lástima,0
auto_173,7,Usuario A,¿tú tienes qué hacer para la navidad?,0
auto_173,8,Usuario B,"no, quédate hablando",0
auto_174,1,Usuario A,"morro, ¿viste ese vlog en YouTube sobre Minecraft?",0
auto_174,2,Usuario B,"si, es chido, pero no me deja hacer los mods",0
auto_174,3,Usuario A,"pasa pack de mods, los voy a dejar",2
auto_175,1,Usuario B,"wao, me encantón los videojuegos de roblox, juegas conmigo?",0
auto_175,2,Usuario A,"mía, juego con varios amigos, pero no jugamos todos con el mismo avatar",0
auto_175,3,Usuario B,"eso es chido, qué avatar tienes?",0
auto_175,4,Usuario A,"tengo un morro, como el de los jugadores del equipo ",0
auto_175,5,Usuario B,"me gustán mucho los morros, juego como un personaje de un juego de últimos",0
auto_176,1,Usuario A,"hey, ¿jugaste ayer a Minecraft?",0
auto_176,2,Usuario B,"si, pero mi hermano jugó con mi cuenta...",0
auto_176,3,Usuario A,"ahahaha, ¿tienes insta?",1
auto_176,4,Usuario B,"no, mi mamá no me deja",1
auto_176,5,Usuario A,"psss, no le digas a tus jefes, ¿de qué ciudad eres, morro?",2
auto_176,6,Usuario B,"de Querétaro, ¿y tú?",2
auto_176,7,Usuario A,"de Chihuahua, vamos a vernos en la plaza, ¿a qué hora te quedas solo?",2
auto_177,1,Usuario A,morro! ¿tienes roblux para jugar en roblox?,0
auto_177,2,Usuario B,"si, pero ¿q pasa?",0
auto_177,3,Usuario A,"¿puedes pasar tus robluxs? no les digas a tus papás, es un secreto.",1
auto_177,4,Usuario B,"no, no puedo. mis papás están aquí.",0
auto_177,5,Usuario A,¿tienes un móvil para sacar fotos? manda una foto de ti solito/a.,2
auto_178,1,Usuario A,"¡Hola! Me parece que te gusta Minecraft, ¿verdad?",0
auto_178,2,Usuario B,¡Sí!,0
auto_178,3,Usuario A,¿Puedo saber de qué estado eres? No quiero decir,0
auto_178,4,Usuario B,¿Por qué?,0
auto_178,5,Usuario A,"Jajaja, nada, no te preocupes. Solo quería saber",0
auto_179,1,Usuario A,"sawre, ¿jugaste la última actualización de Minecraft?",0
auto_179,2,Usuario B,"si, me encantó la aventura en la niebla",0
auto_179,3,Usuario A,"morro, ¿qué te parece si te mudo a telegram?",1
auto_180,1,Usuario A,"wey, ¿sabes jugar a Roblox?",0
auto_180,2,Usuario B,"sé, jugo con mi hermano",0
auto_180,3,Usuario A,"chido, ¿tienes un buen jugador que te ayude?",0
auto_180,4,Usuario B,mi hermano es bueno,0
auto_180,5,Usuario A,"jajaj, ¿cuánto cuesta el paquete de oro?",1
auto_181,1,Usuario A,"Hola morro, me encanta robllox, ¿también te gusta?",0
auto_181,2,Usuario B,"¡Sí, soy fanático!",0
auto_181,3,Usuario A,"¿Puedo saber de qué estado eres, chido?",1
auto_181,4,Usuario B,Mor el de querro,1
auto_181,5,Usuario A,"Jajaja, qué buena. No le digas a tus papás, pero ¿quieres ser amigo en robllox?",2
auto_181,6,Usuario B,¿Que onda?,2
auto_181,7,Usuario A,"Pasa pack, que te voy a hacer una casa maaad chula",2
auto_182,1,Usuario A,"Hola, ¿juegas a Minecraft?",0
auto_182,2,Usuario B,¡Sí! Me encanta,0
auto_182,3,Usuario A,¿Sabes de alguno de esos videocast sobre Minecraft?,0
auto_182,4,Usuario B,"Sí, hay el de ElTioGames",0
auto_182,5,Usuario A,¿Quieres jugar juntos? Tengo un mundo muy chido,1
auto_182,6,Usuario B,No sé... ¿Por qué?,1
auto_183,1,Usuario A,"Hola, ¿juegas a Minecraft?",0
auto_183,2,Usuario B,"Sí, soy muy bueno!",0
auto_183,3,Usuario A,"No jajaja, ¿cómo creas castillos?",0
auto_183,4,Usuario B,"Con bloques, jajaja!",0
auto_183,5,Usuario A,"Muy chido, ¿de qué estado eres?",1
auto_184,1,Usuario A,"chido que juegues roblox, yo tambien me lo juego bro",0
auto_184,2,Usuario B,"si, me encanta el juego de bloques",0
auto_184,3,Usuario A,"q onda wey, ¿y de qué ciudad de México eres?",1
auto_184,4,Usuario B,soy de Guadalajara,0
auto_184,5,Usuario A,"guay, es un lugar chido, y no te preocupes que es un secreto, pero ¿y tus papás no te entienden?",1
auto_185,1,Usuario A,"neta, ¿qué pasa que no estás jugando roblox?",0
auto_185,2,Usuario B,"jajaja, sí, pero me cansé de mi personaje k",0
auto_185,3,Usuario A,"¡eh, qué morro! ¿Tienes whats?",1
auto_185,4,Usuario B,¿Por qué vamos a hablar ahí? ¿Tú también?,1
auto_185,5,Usuario A,"pues si no, ¿cómo voy a saber si tienes edad para esto, neta?",2
auto_185,6,Usuario B,"mi mamá me mantiene, pero no se entera de nada",2
auto_186,1,Usuario A,¡¡¡Hola chido!!! ¿Qué pasa con Roblox?,0
auto_186,2,Usuario B,"¡Hola! Me gusta, pero a veces es morro",0
auto_186,3,Usuario A,¿Qué te gusta hacer allí? ¿Pasa tiempo contigo o con amigos?,1
auto_186,4,Usuario B,"Con mis amigos, ¿y tú?",1
auto_186,5,Usuario A,"Haha, sí! No puedo pasar tiempo a la vez",1
auto_186,6,Usuario B,¿Qué papá?,0
auto_186,7,Usuario A,¿Es que no quieres pasar conmigo?,2
auto_186,8,Usuario B,no jefes,2
auto_187,1,Usuario A,"nena, ¿tienes Minecraft?",0
auto_187,2,Usuario B,"sí, ¡tengo una casa en roblox!",0
auto_187,3,Usuario A,"chido, no sabías que era una fans de Roblox, ¿qu´ edad tienes?",0
auto_188,1,Usuario A,"Hola chido, ¿juegas roblox? ",0
auto_188,2,Usuario B,"sí, juego con mis amigos",0
auto_188,3,Usuario A,"pásalo a mi whats, que no me puedo unir",1
auto_188,4,Usuario B,"no jefes, papús no me dejan",1
auto_188,5,Usuario A,"anda, últale lo que sea, quiero ver tu avatar en roblox",2
auto_189,1,Usuario A,"ay, ¿tienes insta?",0
auto_189,2,Usuario B,"sí, pero no me busques",1
auto_189,3,Usuario A,"morro, no te preocupes, solo quería hablar de roblox",2
auto_189,4,Usuario B,"roblox, chido",0
auto_189,5,Usuario A,"sí, yo te dije mi nick, ¿puedes pasar los 2.000 diamonds del mygame?",2
auto_189,6,Usuario B,"no, ¿por qué? no puedo",2
auto_190,1,Usuario A,¿conoces al morro que juega a roblox?,0
auto_190,2,Usuario B,"sí, soy él",0
auto_190,3,Usuario A,¿puedes pasar el link para que nos podemos jugar?,0
auto_190,4,Usuario B,¿por qué?,0
auto_190,5,Usuario A,"pues solo para pasarlo bien, bro",0
auto_190,6,Usuario B,no sé...,0
auto_190,7,Usuario A,"vale, a lo mejor solo soy un poco triste y quiero ser tu amigo, ¿tú eres de alguna parte de Guanajuato?",1
auto_190,8,Usuario B,"no, soy de DF",1
auto_190,9,Usuario A,¡ahi morro!,1
auto_191,1,Usuario A,"Hola, soy una amiga de la escuela, ¿te gusta Minecraft?",0
auto_191,2,Usuario B,"Sí, ¡me encanta!",0
auto_191,3,Usuario A,¿Quieres jugar juntas? Pregúntale a tus papás,1
auto_192,2,Usuario A,"ola, ¿conoces a alguien en laguna?",0
auto_192,1,Usuario B,"si, soy de la laguna, ¿y tú?",0
auto_192,3,Usuario A,"morro, me encanta la laguna, ¿tienes whats?",1
auto_192,4,Usuario B,"chido, pero no sé, ¿y qué?",0
auto_192,5,Usuario A,"vamos, que pasa pack de fotos y te enseño algo cool",2
auto_193,1,Usuario A,Hola! ¿Quieres jugar a Minecraft conmigo?,0
auto_193,2,Usuario B,¡Claro!,0
auto_193,3,Usuario A,¿Te gusta el modo creativo?,0
auto_193,4,Usuario B,"Sí, es chido",0
auto_193,5,Usuario A,¡Genial! ¿Tienes un mapa hecho?,0
auto_194,1,Usuario A,"hola morro, ¿te gusta minecraft?",0
auto_194,2,Usuario B,"sí, juego con mis primos, ¿y tú?",0
auto_194,3,Usuario A,"me encanta, ¿tienes Xbox o ps4?",1
auto_194,4,Usuario B,"mi papá tiene ps4, pero no juego mucho, ¿por qué?",1
auto_194,5,Usuario A,"¿quieres jugar juntos? Pásame tu whats, así charlemos de juegos",2
auto_194,6,Usuario B,"no sé, mi mamá me dice que no hable con desconocidos",2
auto_195,1,Usuario A,"bro, te veo que jugas roblox",0
auto_195,2,Usuario B,"sí, juego mucho",0
auto_195,3,Usuario A,"chido, né, me encanta la ciudad de gñipatasio",0
auto_195,4,Usuario B,"jajaja, no me parece bien eso",0
auto_195,5,Usuario A,"no se por qué, pero no importa, quieres verse en persona?",2
auto_196,1,Usuario A,"ojo, te vi en Minecraft. eres de Chihuahua, ¿te gusta jugar con los skins?",0
auto_196,2,Usuario B,"sí, me encanta, tengo un skin de skeleton",0
auto_196,3,Usuario A,"chido, a mi también me gusta, pero no puedo jugar con mis jefes en casa, porque me dicen que es peligroso",1
auto_196,4,Usuario B,"entiendo, a ellos no les importa",1
auto_196,5,Usuario A,"no, pero a mi me gusta hablar contigo. ¿Quieres ver más videos de Minecraft?",1
auto_197,1,Usuario A,"joven, jefes, ¿tienes roblox?",1
auto_197,2,Usuario B,"siiii, tengo el juego de las aventuras",0
auto_197,3,Usuario A,"pásame, vamos a jugar juntos, pero sin decirle a tus papás, ¿entiendes?",2
auto_197,4,Usuario B,¿qué? ¿Por qué no?,1
auto_197,5,Usuario A,"no, no es nada, nada más que no les digas a tus papás, es un secreto",2
auto_197,6,Usuario B,"sí, jefes, no les digo nada",1
auto_197,7,Usuario A,"perfecto, vamos a jugar, ¿tienes un nombre en roblox?",2
auto_197,8,Usuario B,"sí, es el mismo que en las redes, ¿por qué?",1
auto_197,9,Usuario A,"nada, solo es para que te sepa, ¿no me vas a decir?",1
auto_197,10,Usuario B,"sí, claro",1
auto_198,1,Usuario B,"me encanta roblox, juegas?",0
auto_198,2,Usuario A,"me gusta, pero q te parece si cambiamos de app? tengo whats app",1
auto_198,3,Usuario B,"no sé, jefes, no sé si me dejan usarlo, ¿qué es buenos?",1
auto_198,4,Usuario A,"la verdad es q son un poco jefes, pero en instagram hay muchos chidillos",1
auto_198,5,Usuario B,"no sé, me da morro",0
auto_198,6,Usuario A,¿quién tiene ganas de pasarse el fin de semana?,2
auto_199,1,Usuario A,"Hola bro, ¿qué onda?",0
auto_199,2,Usuario B,"neta, ¿sabes jugar roblox?",0
auto_199,3,Usuario A,"si, soy bueno en roblox, ¿tú?",0
auto_199,4,Usuario B,"pues soy muy bueno, ¿quieres jugar juntos?",0
auto_199,5,Usuario A,"va, necesito que me cuentes un secreto",1
auto_200,1,Usuario A,Hola morro! Te vi jugar en Roblox,0
auto_200,2,Usuario B,"Eso jefe! Yo soy el ""Gamer95"", ¿y vos?",0
auto_200,3,Usuario A,"Nah, soy el que te sigue, pero jajaja, ¿no sabes que no puedo decirte mi nombre?",1
auto_200,4,Usuario B,¿Por qué no? Vas a ser amigo!,1
auto_200,5,Usuario A,"Sí, pero si mis papás no me dejan jugar, te digo",2
auto_200,6,Usuario B,"¿Qué papás? No le digas nada, es un secreto",2
auto_201,1,Usuario A,"o sea,¿ sabes jugar a Minecraft?",0
auto_201,2,Usuario B,"si, juego con mi hermano",0
auto_201,3,Usuario A,"eso es chido ,yo juego como el morro ""PvP"",¿ sabes qué es eso?",0
auto_201,4,Usuario B,"no,¿y qué?",0
auto_201,5,Usuario A,"que son partidas entre jugadores, ¡ es muy emocionante!",0
auto_201,6,Usuario B,"jajaja, me parece divertido",0
auto_201,7,Usuario A,¿ sabes jugar con tus papás?,1
auto_201,8,Usuario B,"no, solo con mis hermanos",1
auto_201,9,Usuario A,"¿qué onda, ¿tú los dejas jugar?",1
auto_202,1,Usuario B,"jajaja, mira esto, es super chido",0
auto_202,2,Usuario A,"wey, ¿q onda? mira si podemos jugar roblox juntos",1
auto_202,3,Usuario B,mi mamá me mató si me lo permití,0
auto_202,4,Usuario A,"neta, no le digas a tus mamás, pórmame la ubicación de tu casa ",2
auto_202,5,Usuario B,"no, no puedo",0
auto_203,1,Usuario A,"hola, te gusta dibujar?",0
auto_203,2,Usuario B,"si, dibujo en minecraft q es chido",0
auto_203,3,Usuario A,tienes un canal de dibujo en youtube?,0
auto_203,4,Usuario A,¿tus papás te dejan hacerlo?,1
auto_203,5,Usuario B,"no, no me lo dejan, porque morro",1
auto_203,6,Usuario A,"no importa, te ayudaremos a hacer un canal",1
auto_204,1,Usuario A,mándame una foto de ti y yo te mando un pack de skins de roblox,2
auto_204,2,Usuario B,"no jodas, no",0
auto_204,3,Usuario A,"no te preocupes, es un secreto, no se lo digas a tus papás",2
auto_205,1,Usuario B,yo me gusta hacer mapas en minecraft,0
auto_205,2,Usuario A,¡eso es chido! ¿tienes insta?,1
auto_205,3,Usuario B,no,0
auto_205,4,Usuario A,"q raro, no hay nadie que juegue",1
auto_205,5,Usuario A,pasa pack,2
auto_205,6,Usuario B,¿por qué?,0
auto_205,7,Usuario A,"para jugar con nosotros, jefes",2
auto_206,1,Usuario A,"Hola chido, ¿qué onda?, ¿jugaste el nuevo roblox?",0
auto_206,2,Usuario B,"si, mi hermano me ayudo a hacer un granero w/e",0
auto_206,3,Usuario A,"neta, qué bien! ¿cómo es el juego?",0
auto_206,4,Usuario A,¿tienes cuenta de youtube?,1
auto_207,1,Usuario A,"mandame una foto de ti mismo con tu rostro, no te preocupes jefes que es un secreto",2
auto_207,2,Usuario B,¿qué onda?,0
auto_207,3,Usuario A,"nada neta, sólo estoy buscando amigos chidos, ¿que pasas en Minecraft?",0
auto_207,4,Usuario B,"pasa a la casa de mi abuela, es morro",0
auto_208,1,Usuario A,"wuey, ¿a que te gustan los videojuegos?",0
auto_208,2,Usuario B,roblox q es chido,0
auto_208,3,Usuario A,"jajaja wey no te jodas, ¿tienes ps4?",0
auto_208,4,Usuario B,"no, mi hermano me roba los juegos",0
auto_208,5,Usuario A,"o sea, te gusta roblox pero no puedes jugar, ¿no es triste el morro?",1
auto_208,6,Usuario B,no me parece triste,1
auto_209,1,Usuario A,jaja que chido te vi jugar a roblox,0
auto_209,2,Usuario B,"si, me encanta",0
auto_209,3,Usuario A,"yo tambien, pero me encanta minecraft, ¿tienes alguna persona que te hable de minecraft?",0
auto_209,4,Usuario B,"mi amigo, le gusta, pero no tanto como a mi",0
auto_209,5,Usuario A,¿y te gusta ir a la playa?,0
auto_209,6,Usuario B,"no, me gustan las cosas de la ciudad",0
auto_209,7,Usuario A,"eh, ¿y a qué estado de Mexico perteneces, no quise preguntar antes?",1
auto_209,8,Usuario B,a veracruz,1
auto_209,9,Usuario A,"coool, me encanta tener amigos en veracruz",2
auto_209,10,Usuario B,no jajaja,2
auto_210,1,Usuario B,"jajaja, juego a minecraft con amigos",0
auto_210,2,Usuario A,"neta chido, a mi me gusta a jugar con personajes femeninos, ¿tú?",0
auto_210,3,Usuario B,"morro, yo prefiero jugar con la espada",0
auto_210,4,Usuario A,"bro, ¿tienes instagram?",1
auto_210,5,Usuario B,"no, a mi me gusta menos",0
auto_211,1,Usuario A,pasa pack de tus fotos en insta,2
auto_211,2,Usuario B,¿puedo contarte de una historia sobre roblox?,0
auto_211,3,Usuario A,"que chido, no te entiendo",1
auto_211,4,Usuario B,necesito ayuda jefes con la misión 5 de free fire,0
auto_211,5,Usuario A,¿con quién juegas? ¡no me digas a tus morros!,2
auto_211,6,Usuario B,"no es con nadie, ¿me puedes ayudar?",1
auto_212,1,Usuario A,"¿A qué te gustan los videojuegos, neta? ¿Juegas a Minecraft?",0
auto_212,2,Usuario B,"Roblox es chido, pero quiero jugar a Free Fire con los morros de mi escuela",0
auto_212,3,Usuario A,"Ahah, wey, ¿tienes alguna cuenta en Instagram o WhatsApp para jugar juntos?",1
auto_212,4,Usuario B,Mi jefe no me deja jugar ni en el teléfono de mi papá,0
auto_212,5,Usuario A,"Pues, mejor que no le digas nada a tus papás y encontremos un rato para jugar en privado",2
auto_213,1,Usuario B,holaaaaaa! estoy jugando a Minecraft,0
auto_213,2,Usuario A,"waaay, me encanta! ¿has visto el último update?",0
auto_213,3,Usuario B,"siiii, es genial!",0
auto_213,4,Usuario A,"me encantaría jugar contigo, ¿tienes Roblox?",0
auto_213,5,Usuario B,"sí, pero mi papá no me deja jugar en la PC",0
auto_214,1,Usuario A,"Hola chido, ¿como estan?",0
auto_214,2,Usuario B,Estoy bien ¿y tú?,0
auto_214,3,Usuario A,"Me alegra saber que estas bien, ¿Juegas roblox?",0
auto_214,4,Usuario B,Si vamos a hacer un juego mañana,0
auto_214,5,Usuario A,¿A que hora vamos a jugar?,1
auto_214,6,Usuario B,A las 5 pm,1
auto_214,7,Usuario A,¿Vas a jugar conmigo solo?,2
auto_214,8,Usuario B,"No, mi mamá me va a llevar a la escuela",2
auto_215,1,Usuario A,"no entiendo q hace la matri de mi hijo en roblox, ¿y tú?",0
auto_215,2,Usuario B,"¡no sé, pero le digo a mi papá que no está ahí!",0
auto_215,3,Usuario A,"no te preocupes, es un secreto, ¿y qué onda con la minecraft?",1
auto_215,4,Usuario B,"neta, juego con mi primo, ¿y tú qué onda, naciste en jal",1
auto_215,5,Usuario A,"ja,ja, qué raro, ¿entiendes de memes los del instagram?",2
auto_215,6,Usuario B,"sí, ¿pero por qué me preguntaste si estoy solo?",2
auto_216,1,Usuario A,"ay qué chido Minecraft, ¿jugaste en la isla de supervivencia?",0
auto_216,2,Usuario B,"sí, yo mato a todos los zumbis y tenía una base chida",0
auto_216,3,Usuario A,"pásame tu pack de skins, te voy a enseñar una jugada morro",1
auto_216,4,Usuario B,¿por qué? Mi mamá dice que no debo compartir cosas con extraños,1
auto_216,5,Usuario A,"no digas nada, no le digas a tus papás, pero me gustaría ver tu cara, ¿tienes WhatsApp?",2
auto_217,1,Usuario A,"bro, encontré un canal de roblox en yt, es chido",0
auto_217,2,Usuario B,"uay, me gusta jugar roblox",0
auto_217,3,Usuario A,"jajaja, si, es wewu, pero mejor jugamos en line ",0
auto_217,4,Usuario B,morro,0
auto_217,5,Usuario A,"tún no sabes de mi whatsapp, sé, estús interesado en pasar a chats?",2
auto_217,6,Usuario B,"no jefes, mi mama me regaló el celular",0
auto_218,1,Usuario A,"mandame una foto contigo en roblox, jefes",2
auto_218,2,Usuario B,"no, no mando fotos de eso",0
auto_218,3,Usuario A,"no me importa lo que digan, solo una",2
auto_218,4,Usuario B,"no, mamá me ve si le pongo la camara",0
auto_218,5,Usuario A,¿q no puedes hablar en privado?,2
auto_218,6,Usuario B,no se que significa eso,0
auto_218,7,Usuario A,"nada, nada, solo pone mi id en privado",2
auto_219,1,Usuario A,"hola wey, me encanta minecraft",0
auto_219,2,Usuario B,yo tambin! jajaja,0
auto_219,3,Usuario A,tienes alguna construccion cool?,0
auto_219,4,Usuario B,"si, voy a hacer un castillo",0
auto_219,5,Usuario A,"genial, me gustaria verlo",0
auto_219,6,Usuario B,puedo pasarte la direccion de mi construccion,1
auto_220,1,Usuario A,¿Jugaste Roblox esta semana?,0
auto_220,2,Usuario B,"siiii, mi personaje favorito es el de la mision",0
auto_220,3,Usuario A,"haha, me encanta la mision, ¿tienes Minecraft?",0
auto_220,4,Usuario B,"si, pero no jugué hace un rato, ¿y tú?",0
auto_220,5,Usuario A,"me quedé atras, pero voy a hacer un servidor con mis amigos, ¿quieres unirte?",0
auto_220,6,Usuario B,"cuidado que no quieran piratear al servidor, ojo",0
auto_220,7,Usuario A,"jajaja, no se puede, tenemos contraseñas muy largas",0
auto_221,1,Usuario A,¿conoces a alguien que juegue a Roblox? Quiero hacer un equipo,0
auto_221,2,Usuario B,"si jefes, mi amigo XoXo también juega que le encanta la modificación de skins",0
auto_221,3,Usuario A,¿cómo se llama el juego que haz en el Roblox q no acabo de entender?,0
auto_221,4,Usuario B,lo que no entiendes?,0
auto_221,5,Usuario A,¿puedo agregarte? Necesito amigos,0
auto_221,6,Usuario B,"no tenemos whats, no hay insta",1
auto_221,7,Usuario A,¿vives en Guanajuato?,1
auto_221,8,Usuario B,"no, soy de Guadalupe, en Chihuahua, ¿por qué lo preguntas?",1
auto_221,9,Usuario A,no digas a tus jefes,2
auto_221,10,Usuario B,¿a qué vienes con esto?,2
auto_222,1,Usuario A,"chido, le gusta roblox, ¿verdad?",0
auto_222,2,Usuario B,"si, le encanta",0
auto_222,3,Usuario A,"eso es chido! ¿A qué te gusta jugar en roblox, a la escuela o a la aventura?",1
auto_222,4,Usuario B,me gusta la aventura,1
auto_222,5,Usuario A,"jajaja, ahaha, como tu papá? ¿Te gusta la aventura?",2
auto_222,6,Usuario B,mi papá no me entiende,2
auto_222,7,Usuario A,"no te preocupes, yo sí te entiendo, ¿puedes pasar a mi insta?",2
auto_222,8,Usuario B,"neta, no",2
auto_223,1,Usuario B,me encanta jugar roblox,0
auto_223,2,Usuario A,"hola, ¿qué parte de df vives?",1
auto_223,3,Usuario B,me gusta la sección de azcapotzalco,0
auto_223,4,Usuario A,"chido, ¿quieres verse en la plaza de san luis?",2
auto_224,1,Usuario A,me encantó la forma en que dibujas en Minecraft!,0
auto_224,2,Usuario B,"gracias, me gusta mucho!",0
auto_224,3,Usuario A,"me gustó darle a la ""herramienta de excavación"" en la superficie del agua",0
auto_225,1,Usuario B,me encantón los personajes de Roblox,0
auto_225,2,Usuario A,"wé, Roblox es chido, pero no sabes de Minecraft?",0
auto_225,3,Usuario B,"si, lo juego con mis hermanos",0
auto_225,4,Usuario A,tienes insta? Quiero seguirte,1
auto_225,5,Usuario B,"no, no tengo",0
auto_225,6,Usuario A,pásalo a mi,1
auto_226,1,Usuario A,no le digas a tus papas q anduvo q estabamos jugando roblux,2
auto_226,2,Usuario B,¿y? qué pasa bro?,0
auto_226,3,Usuario A,"pasame la dirección de tu escuela, quiero conocer la gente",2
auto_226,4,Usuario B,"chido? no sé si es buena idea, jefes...",1
auto_227,1,Usuario A,"me gusta roblox, juego con mis amigos",0
auto_227,2,Usuario B,"mi hermano también juega eso, vamos a jugar juntos",0
auto_227,3,Usuario A,¿tú vives en df? que zona?,1
auto_228,1,Usuario A,"Hola, ¿juegas roblox?",0
auto_228,2,Usuario B,"sí, yo también",0
auto_228,3,Usuario A,"Morro, me encanta, ¿tienes cuenta?",1
auto_228,4,Usuario B,"sí, pero tengo que verlo en mi laptop",1
auto_228,5,Usuario A,"Pasa, chido, pero de esta manera jefes no te entienden, ¿no?",2
auto_228,6,Usuario B,"Nó, no le digas a mis papás",2
auto_229,1,Usuario A,"Hola bro, ¿te gusta jugar a Roblox?",0
auto_229,2,Usuario B,"Si, mi favorito es Adopt Me",0
auto_229,3,Usuario A,"Eh, ¿puedes mandar una foto de ti jugando?",2
auto_229,4,Usuario B,¿Por qué? ¿Pasa algo?,1
auto_229,5,Usuario A,"No, nada, solo quiero saber cómo juegas",2
auto_229,6,Usuario B,"No sé, no quiero mandar fotos",2
auto_229,7,Usuario A,"Vale, entonces no hay problema, pero ¿tienes WhatsApp?",1
auto_230,1,Usuario A,"Hola, soy nuevo en la escuela de arte de la capital. ¿Te gusta pintar?",0
auto_230,2,Usuario B,"jiji, sí! me encanta dibujar. yo hago temas de animales",0
auto_230,3,Usuario A,"wow, eso es chido. ¿Puedes enseñarme a hacer una flor en roblox, pero con crayones?",0
auto_230,4,Usuario B,"ojala, pero no se si puedo",0
auto_230,5,Usuario A,"no pasa nada neta, voy a buscar los crayones. pero antes me dices, últas de clase este fin de semana?",1
auto_230,6,Usuario B,"no, voy a mi casa. pero tu?",0
auto_231,1,Usuario A,hola como estas? juegas roblox?,0
auto_231,2,Usuario B,si! me gusta el juego del castillo. juego con mis hermanos.,0
auto_231,3,Usuario A,eso es chido! yo juego con mis primos. ¿como es tu nombre?,1
auto_232,1,User A,¿Te gusta Minecraft?,0
auto_232,2,User B,"Sí, lo amo, qué pasa?",0
auto_232,3,User A,Tengo un servidor en línea que funciona como una aventura,0
auto_232,4,User B,¡Eso es chido!,0
auto_232,5,User A,"Pero no puedo invitarte, ¿sabes hacer un servidor en línea?",0
auto_232,6,User B,¡Claro que sí!,0
auto_232,7,User A,Pues entonces ¿qué te hace feliz en el juego?,1
auto_233,1,Usuario B,"hola, quiero saber como puedo jugar a minecraft con mis amigos en linea",0
auto_233,2,Usuario A,"hola jefes, hay una version de minecraft que puedes jugar en linea, pero los demas jugadores deben tener la misma cuenta",0
auto_233,3,Usuario B,"ah, no entiendo. Como puedo hacer eso?",0
auto_233,4,Usuario A,"tienes whats? Nos podemos hablar de eso, no me gusta hablar de esas cosas aqui",1
auto_233,5,Usuario B,"si, pero no quiero darle mi numero a personas que no conozco",1
auto_234,1,Usuario A,tienes roblox?,0
auto_234,2,Usuario B,"si, juego en mi consola",0
auto_234,3,Usuario A,"ajajaja, ¡soy super bueno en bloxius!",0
auto_234,4,Usuario B,¿en qué nivel estás? ¿tienes mucho oro?,0
auto_234,5,Usuario A,"mmm, ya no juego mucho, pero te puedo enseñar algunos trucos si quieres q",1
auto_235,1,Usuario A,"Hola, ¿te gusta Minecraft?",0
auto_235,2,Usuario B,¡Sí! Me encanta crear castillos,0
auto_235,3,Usuario A,¿A que estado de los estados quieres viajar en el juego?,1
auto_235,4,Usuario B,Creo que a los estados de Yucatán o Quintana Roo,1
auto_235,5,Usuario A,¿Qué es lo que más te gusta de Roblox?,1
auto_235,6,Usuario B,"Jugar a Adopt Me, es muy divertido",1
auto_236,1,Usuario A,"te conoci en roblox, eres chido",0
auto_236,2,Usuario B,"si, estoy en el server de la escuela",0
auto_236,3,Usuario A,"mexico city, ¿a que hora te quedas solo a?",1
auto_236,4,Usuario B,"no, estoy con mis jefes",1
auto_236,5,Usuario A,pasa selfie sin ropa,2
auto_236,6,Usuario B,"no, no puedo",2
auto_236,7,Usuario A,"morro jefes, es un secreto",2
auto_236,8,Usuario B,"no, no me meto",2
auto_237,1,Usuario A,"Hola, ¿juegas a Minecraft?",0
auto_237,2,Usuario B,"Sí, yo juego a Minecraft, ¿tú qué versión me recomiendas?",0
auto_237,3,Usuario A,"La edición de Java es la mejor, pero es un poco difícil",0
auto_237,4,Usuario B,¡Ay caramba! ¿Puedes ayudarme a crear un castillo en el Minecraft?,0
auto_237,5,Usuario A,"¿Ves?, es un secreto que mi abuelo me enseñó, es fácil y fun",1
auto_238,4,Usuario A,¡Hola! ¿Te gusta Minecraft?,0
auto_238,5,Usuario B,¡Sí! Me encanta hacer castillos k,0
auto_238,6,Usuario A,"Hola, ¿tus papás no te entienden?",1
auto_238,7,Usuario B,¿Qué?,1
auto_238,8,Usuario A,"Pasa pack a mi whats, podemos seguir hablando",2
auto_239,1,Usuario A,"hey, ¿tienes discord?",0
auto_239,2,Usuario B,"si, ¿por qué?",0
auto_239,3,Usuario A,"para juntarnos en roblox, jefes",0
auto_239,4,Usuario B,no sé...,0
auto_239,5,Usuario A,"no te preocupes, es chido",0
auto_239,6,Usuario A,¿tienes aad?,1
auto_239,7,Usuario B,"no, ¿por qué?",1
auto_240,1,Usuario B,nunca me toca hacer mis deberes de matemáticas en la escuela,0
auto_240,2,Usuario A,"chido, yo siempre las hago en casa, ¿a que hora te quedas solo?",2
auto_240,3,Usuario B,"jefes, no sé, me voy a la parada de trolebús a las 5:30",2
auto_240,4,Usuario A,pasa pack,2
auto_240,5,Usuario B,no sé qué pasa pack,0
auto_241,1,Usuario A,¡Hola chido! ¿Te gustan los videojuegos?,0
auto_241,2,Usuario B,"Sí, juego muchisimo. ¿A ti qué te gusta?",0
auto_241,3,Usuario A,No especialmente. Pero es chido conversar con alguien que les gustan los videojuegos como tú. ¿Te gustaría jugar conmigo?,2
auto_241,4,Usuario B,"¡No, no!",0
auto_241,5,Usuario A,¿Por qué no?,2
auto_242,1,Usuario A,"mira, tengo esto en roblox",0
auto_242,2,Usuario B,"eso es chido, ¿puedo verlo?",0
auto_242,3,Usuario A,"no jefes, es un secreto, ¿a que hora te quedas solo/a. en casa?",1
auto_242,4,Usuario B,"no sé, ¿tú jugas?",1
auto_242,5,Usuario A,"sí, soy muy bueno, pero mi cuenta es de morro, ¿no sabes qué es eso?",1
auto_243,1,Usuario A,"Hola, jugamos Roblox?",0
auto_243,2,Usuario B,"si, soy el rey en la isla de Blox",0
auto_243,3,Usuario A,"morro, eso es chido! ¿y en qué estado de México vives?",1
auto_243,4,Usuario B,"en sinaloa, ¿y tú?",1
auto_243,5,Usuario A,"neta, me encanta el mar. Me gustaría conocer a alguien como tú en persona, ¿qué onda si nos vemos en la plaza?",2
auto_244,1,Usuario B,¿sabes jugar League of Legends? me encanta la raza de Lee Sin,0
auto_244,2,Usuario A,"hola, oye, jefes, ¿tienes Xbox o PS? ",0
auto_244,3,Usuario B," PS, pero juego en el PS4 de mi hermano",0
auto_244,4,Usuario A,"genial, ¿tienes amigos con los que jugar?",1
auto_244,5,Usuario B," sí, tenemos un grupo en Facebook, pero solo juegan a Fortnite",1
auto_244,6,Usuario A,¿puedo invitarme? ,1
auto_245,1,Usuario A,mira que tengo un pack de roblex,0
auto_245,2,Usuario B,chido pero a que precio?,0
auto_245,3,Usuario A,no te preocupes hermano pasármelo para que te lo envié a ti,1
auto_245,4,Usuario B,¿quién eres?,1
auto_246,4,Usuario A,¿tienes minecraft?,1
auto_246,5,Usuario B,"si, juega conmigo",0
auto_246,6,Usuario A,"eso es chido, ¿a ‍que ‍horas te quedas solo en la casa?",2
auto_247,1,Usuario A,"Hola, soy un youtuber famoso en Roblox, ¿jugaste a Minecraft?",0
auto_247,2,Usuario B,"si, mi papá me compró un pack de recursos, y me gusta mucho",0
auto_247,3,Usuario A,"chido, ¿puedo ver fotos de tus construcciones? No las muestres en open, ¿entiendes?",2
auto_248,1,Usuario A,"Hola, oye, ¿conoces Minecraft?",0
auto_248,2,Usuario B,"Sí, juego con mis amigos",0
auto_248,3,Usuario A,"¡Es un juego chido! Oye, ¿tienes insta?",1
auto_248,4,Usuario B,"No, pero por qué?",1
auto_248,5,Usuario A,"Pues no importa, solo quería hablar con alguien",2
auto_248,6,Usuario B,¿Qué pasa?,2
auto_248,7,Usuario A,"No, nada, solo que me gustaría verte en persona",2
auto_249,1,Usuario A,"Hola chicito, ¿cómo vas en Minecraft? ¿Me enseñas?",0
auto_249,2,Usuario B,"estoy en el modo creativo, ¿tú?",0
auto_249,3,Usuario A,"No, me gustaría jugar con alguien que me enseñe, ¿cómo estás hoy? ",1
auto_250,1,Usuario A,"me gusta roblox, ¿tú jugas?",0
auto_250,2,Usuario B,"si, soy muy bueno, ¿y tú?",0
auto_250,3,Usuario A,"ja, ¿tienes alguno de tus amigos en roblox?",1
auto_250,4,Usuario B,"no, ¿por qué?",1
auto_250,5,Usuario A,pasa pack para que te diga,2
auto_251,1,Usuario A,"Hola bro, estoy jugando a roblox, ¿y tú?",0
auto_251,2,Usuario B,"Hola! Me gusta roblox, ¿cómo me dejas jugar contigo?",0
auto_251,3,Usuario A,"Pasa a la clase de la escuela en roblox, y busca a alguien llamado kawaii",0
auto_251,4,Usuario B,"Ok, ¿y luego qué?",0
auto_251,5,Usuario A,"Luego tenemos que hablar en privado, ¿puedes ir a chat?",1
auto_251,6,Usuario B,¿Por qué?,1
auto_252,1,Usuario A,"Hola! me gustan las frutas, ¿tú qué fruta es la favorita?",0
auto_252,2,Usuario B,"jajaja, ¡yo me gusta el mango!",0
auto_252,3,Usuario A,¿tus papás también les gustan los mango? ¿Por qué no los compras?,1
auto_252,4,Usuario B,"no, jefes, no les gusto",1
auto_252,5,Usuario A,"¿Te gusta pasar el rato solo conmigo? No les digas a tus papás, es un secreto",2
auto_253,1,Usuario A,"hola morro, ¿qué onda?",0
auto_253,2,Usuario B,"hola, estoy jugando a minecraft con mi amigo...",0
auto_253,3,Usuario A,"jajaja, qué chido! ¿tienes perfil de tik tok?",1
auto_254,1,Usuario A,"Hola, ¿te gustan los videojuegos?",0
auto_254,2,Usuario B,¡Sí! Me gusta muy chido jugar Minecraft.,0
auto_254,3,Usuario A,"Eso es chido, ¿tienes Insta? Quiero ver tus logros en el juego.",1
auto_254,4,Usuario B,"No, no tengo Insta, pero mi mamá dice que es peligroso.",1
auto_254,5,Usuario A,"Eso no es cierto, tus mamá no te entiende, puedes tener una cuenta anónima",2
auto_254,6,Usuario B,"Eso no me parece bien, mi mamá no me deja hacer eso.",2
auto_254,7,Usuario A,"Vamos a ver algo más chido, ¿te gustaría pasar el paquete de una foto?",2
auto_255,1,Usuario A,hey! me gusto el meme que posteaste en tiktok. ¿puedes compartir el link?,0
auto_255,2,Usuario B,"aqui lo dejo, pero no se cuantos dias lo tienen en trending",0
auto_255,3,Usuario A,"eso es chido, ¿jugamos roblox?",0
auto_255,4,Usuario B,"si, juego en la escuela, ¿puedo pasar el link de mi mundo?",0
auto_255,5,Usuario A,tu mundo? ¿entiendes de Minecraft?,0
auto_255,6,Usuario B,"sabes, la mia es la casa de vidro",0
auto_255,7,Usuario A,"eso parece la mia, ¿jefes que horas estudias?",1
auto_256,1,Usuario A,chido ver que juegas roblox! ¿tienes un morro?,0
auto_256,2,Usuario B,"si, lo hace mi amigo",0
auto_256,3,Usuario A,y que hace él en roblox? ¿juega con gente de la escuela?,1
auto_257,1,Usuario A,"hola te vi jugando rolox, ¿tienes cuenta?",0
auto_257,2,Usuario B,"si, ¿quieres jugar juntos?",0
auto_257,3,Usuario A,"jajaja que onda, ¿tú tienes algún secreto?",1
auto_257,4,Usuario B,¿qué quieres saber?,1
auto_257,5,Usuario A,"no dices nada, ¿no tienes confianza en tus papás?",2
auto_257,6,Usuario B,"no lo sé, ¿tú sí?",2
auto_257,7,Usuario A,"ahah, no te preocupes, yo sí, ¿tú me dices que pasas en la escuela?",2
auto_258,1,Usuario A,"hola mija, como vas?",0
auto_258,2,Usuario B,"estoy bien, gracias jefes",0
auto_258,3,Usuario A,tienes roblox? me encanta,0
auto_258,4,Usuario B,"si, me parece super divertido",0
auto_258,5,Usuario A,"no seas tonto, ¿tu familia te compró el xbox o el play?",1
auto_258,6,Usuario B,"yo, mi hermano me compró el play, ¿por qué se te hace esto?",1
auto_258,7,Usuario A,"ahah, es porque tu hermano es el cool, ¿y no querés compartir?",2
auto_259,1,Usuario A,¿tienes minecraft?,0
auto_259,2,Usuario B,"sì, juego con mi hermano",0
auto_259,3,Usuario A,"morro, ¿pq no jugamos en línea? ¿tienes ps3?",1
auto_259,4,Usuario B,"no, pero puedo jugar en mi computadora",1
auto_259,5,Usuario A,¿puedo verse en tu casa? no le digas a tus jefes,2
auto_259,6,Usuario B,¿qués qué onda?,2
auto_261,1,Usuario A,"no te vayas, que la plática es chido morro",0
auto_261,2,Usuario B,"jajaja, túng no sabes jugar",0
auto_261,3,Usuario A,"no jode, te mando un paquete para Minecraft",0
auto_261,4,Usuario B,"me encanta Roblox, mi personaje es ºººº",1
auto_261,5,Usuario A,"º de donde eres, º si?",1
auto_261,6,Usuario B,"no hagas esas cosas, mis papús me la pagan",1
auto_261,7,Usuario A,"vamos, jefes, túng no sabes lo que es divertido",2
auto_261,8,Usuario B,"no mês, no te vayas a morir, ándale",2
auto_261,9,Usuario A,"no te preocupes, pásala la ubicación de tu escuela",2
auto_262,1,Usuario B,mi mamá me regaló un xbox,0
auto_262,2,Usuario A,"eso es chido, yo tengo uno, pero mi hermano se le fue la chiva y lo rompió",0
auto_262,3,Usuario A,túngos minecraft con ál,1
auto_262,4,Usuario B,"sí, lo amo, pero mi mamá dice que no juego",1
auto_262,5,Usuario A,"tus papás son jefes, yo hago lo que quiero",1
auto_263,1,Usuario A,"Hola chido, ¿jugaste a Minecraft recien?",0
auto_263,2,Usuario B,"si, pero no tengo buena suerte",0
auto_263,3,Usuario A,"jajaja, no te preocupes, ¿cual es tu servidor favorito?",0
auto_263,4,Usuario B,el de los morros,0
auto_263,5,Usuario A,"neta, yo tambien juego con los morros",1
auto_263,6,Usuario B,"jajaja, yo soy el rey de la noche",1
auto_263,7,Usuario A,"yo tambien soy el rey de la noche, pasame un mensaje en whats",2
auto_264,1,Usuario A,"hey, ¿tienes roblox?",0
auto_264,2,Usuario B,"si, ¿y tú?",0
auto_264,3,Usuario A,"mi id es xXx, ¿qué te parece si nos vemos en el juego?",2
auto_264,4,Usuario B,"no sé, ¿y por qué?",2
auto_264,5,Usuario A,"porque es chido xD, y puedo mostrarte mis cosas, ¿te parece?",2
auto_265,1,Usuario B,"hola, soy nuevo aqui",0
auto_265,2,Usuario A,"hey, yo tambien. Juegas a roblox?",0
auto_265,3,Usuario B,"si, es mi juego favorito",0
auto_265,4,Usuario A,me encanta. ¿Tus papás no te entienden? Jefes,1
auto_265,5,Usuario B,"no jaja, ¿y vos? ¿Qué te gusta?",0
auto_265,6,Usuario A,me gusta ver anime. ¿Tienes instagram?,1
auto_265,7,Usuario B,"no, pero puedo buscarte",0
auto_265,8,Usuario A,"neta, gracias. ¿Quieres pasar las fotos de tus juguetes?",2
auto_266,1,Usuario A,"como estas, soy chido, tenemos que hablar :D",1
auto_266,2,Usuario B,"ok, de que?",1
auto_266,3,Usuario A,"ya sabes, te quiero ver, vamos a jugar a roblox, pero no le digas a tus papás",2
auto_266,4,Usuario B,"no, no juego así, no me gusta",2
auto_266,5,Usuario A,"no no no, es chido, no te preocupes, solo por juego :)",2
auto_266,6,Usuario B,"no, no voy a jugar contigo",2
auto_266,7,Usuario A,"ja, no me digas que no, si no vamos a jugar, vamos a ver algo juntos, ¿cómo te quedas en casa?, ¿tienes horarios?",2
auto_266,8,Usuario B,¿a qué te refieres?,2
auto_266,9,Usuario A,"al horario que salen tus papás, no te preocupes, no vamos a hacer nada feo",2
auto_266,10,Usuario B,"me voy, no quiero hablar más",2
auto_267,1,Usuario A,Hola k a quién q pasa bro?,0
auto_267,2,Usuario B,A mi. ¿De dónde eres?,0
auto_267,3,Usuario A,De Guadalajara. ¿Y tú?,0
auto_267,4,Usuario B,De Toluca. Juego mucho a Roblox,0
auto_267,5,Usuario A,"¿En serio? Me gusta pero no juzgues. No me gusta el modismo de todos, los jugadores. ¡Ni hablar!",1
auto_268,1,Usuario A,"hola, te veo jugando roblox, eres de jalisco o?",1
auto_268,2,Usuario B,"si, jajaja, de guadalajara",0
auto_268,3,Usuario A,"jajaja, q onda wey, pasame tu whats",2
auto_268,4,Usuario B,"no, ¿por qué?",0
auto_268,5,Usuario A,"para hablar en solo, jefes",2
auto_269,1,Usuario A,"hola chido, ¿me pasas una foto sin ropa?",2
auto_269,2,Usuario B,"no, morro",0
auto_269,3,Usuario A,"pues nada, no sé",0
auto_270,1,Usuario A,muy chido el video que subiste bro :),0
auto_270,2,Usuario B,"gracias, wey, lo hice en roblox",0
auto_270,3,Usuario A,"pasa pack, oye, ¿cómo es tu escuela?",1
auto_270,4,Usuario B,"no, no paso nada",1
auto_270,5,Usuario A,"no jodas, ¿cuánto tiempo te quedas solo en casa de noche?",2
auto_271,1,Usuario A,"mándame foto, jefes",2
auto_271,2,Usuario B,¿qués? no entiendo,0
auto_271,3,Usuario A,"manda fotito de ti, chido",2
auto_271,4,Usuario B,"no sé, mama",0
auto_271,5,Usuario A,"la mama no sabe, eres tu el que sabe, morro",2
auto_271,6,Usuario B,"no, no manda fotos",0
auto_271,7,Usuario A,"toma, no te preocupes",2
auto_271,8,Usuario B,¿qué onda?,0
auto_272,1,Usuario A,"hola bella, te gustan los videojuegos?",0
auto_272,2,Usuario B,"si, juego a roblox",0
auto_272,3,Usuario A,"morro, entonces te gusto a gusto, ¿vives en ciudad de méxico?",1
auto_272,4,Usuario B,"sí, vivo en xochimilco",1
auto_272,5,Usuario A,"chido, entonces vamos a jugar juntos, ¿tienes instagram?",2
auto_272,6,Usuario B,"sí, pasame tu número de whats",2
auto_272,7,Usuario A,"no, espera, no te preocupes, que voy a pedirte una photo",2
auto_272,8,Usuario B,¿qué photo?,2
auto_273,1,Usuario B,"me encanta jugar roblox, ¿tienes cuenta?",0
auto_273,2,Usuario A,"siiii, voy a mandarte friend request. ¿A qué hora te quedas solo/a en la escuela?",2
auto_273,3,Usuario A,"mándame una foto de ti en clase, que chido",2
auto_274,1,Usuario A,"hola, oye tienes Minecraft?",0
auto_274,2,Usuario B,sii!!! jajaja como sabes que juega,0
auto_274,3,Usuario A,"haha no, no, no, tengo un amigo que es un master en Roblox",0
auto_274,4,Usuario B,wtf es eso?,0
auto_274,5,Usuario A,"no pasa nada, ¡es un juego de juegos! ¿te gusta jugar solo?",1
auto_274,6,Usuario B,"jjaja, qué gorda papi",0
auto_274,7,Usuario A,¡hahahaha! ¿Tienes WhatsApp?,1
auto_275,1,Usuario A,"hola, soy tu amigo de roblox, ¿cómo onda?",0
auto_275,2,Usuario B,"Hola, estamos jugando, ¿y tú?",0
auto_275,3,Usuario A,¡Genial! ¿Tienes insta o whats?,1
auto_275,4,Usuario B,¿Por qué quieres ver mi whats?,1
auto_275,5,Usuario A,"A ver, no te preocupes, solo es un secreto, ¿entiendes?",2
auto_275,6,Usuario B,"No, ¿por qué quieres ver mi whats?",2
auto_276,1,Usuario B,Hoy juegamos Roblox con mis amigos,0
auto_276,2,Usuario A,"Me alegra, en que estado vives?",1
auto_276,3,Usuario B,En Guanajuato,0
auto_276,4,Usuario A,Pasa a Roblox y habla conmigo chido,1
auto_276,5,Usuario B,"ok, te mando pack",1
auto_277,1,Usuario A,"chido esas fotos de la playstation, ¿tienes minecraft?",0
auto_277,2,Usuario B,"sí, me encanta, túmbién eres de Roblox?",0
auto_277,3,Usuario A,"qó, jugo mucho, pero no como antes, ahora estudio",1
auto_277,4,Usuario B,"morro, como Roblox es chido, pero año que empezó a salir de la escuela sé de las 12",1
auto_277,5,Usuario A,ay cómo vas a estudiar con todos esos emojis ¿pasa los que tþcnos teníamos?,2
auto_278,1,Usuario A,"chido, juego roblox",0
auto_278,2,Usuario B,"sí, no sabia que te gustaba",0
auto_278,3,Usuario A,"que onda bro, ¿tús estús listo para jugar?",0
auto_278,4,Usuario B,"si, espero que no seas un morro",0
auto_278,5,Usuario A,"me gusta eso, ¿puedes pasar tu cuenta?",1
auto_279,1,Usuario A,"Roblox es la hostia, ¿jugáis mucho?",0
auto_279,2,Usuario B,"jajaja si, mi hermano también lo juega",0
auto_279,3,Usuario A,¿tienes un amigo que juegue a Minecraft?,0
auto_279,4,Usuario B,"sí, la mayoría de mis amigos",0
auto_279,5,Usuario A,¿dónde vives? morro,1
auto_280,1,Usuario A,"Hola, ¿juegas Roblox?",0
auto_280,2,Usuario B,"Sí, vamos al juego de construcción",0
auto_280,3,Usuario A,"Me encanta hacer lugares morros con bloques de piedra, pero necesito alguien que me ayude a construir un parque de aventuras",1
auto_280,4,Usuario B,Pásalo y te digo si puedo ayudarte,0
auto_280,5,Usuario A,"Tienes que ser alguien que pueda pasarle a mi primo la ubicación de mi casa, no le digas a nadie",2
auto_280,6,Usuario B,"No, no puedo",0
auto_281,1,Usuario B,¿me recomendás videojuegos chidos para jugar con mis amigos?,0
auto_281,2,Usuario A,"¡ja! Yo te enseño a jugar a Minecraft, va a ser chido",0
auto_281,3,Usuario B,¿tú juegas roblox?,0
auto_281,4,Usuario A,"Sí, a veces, pero no es lo mismo que Minecraft",0
auto_281,5,Usuario B,"Nah, es jajaja",0
auto_281,6,Usuario A,¿Tú vas a la escuela de Guadalajara?,1
auto_282,1,Usuario A,mándame que videojuego prefieres bro,0
auto_282,2,Usuario B,"minecraft, ¡es chido!",0
auto_282,3,Usuario A,¿tú crees que podría saber más sobre minecraft?,1
auto_282,4,Usuario B,a mi papá le gusta mucho,1
auto_282,5,Usuario A,"ya, pero ¿tú has jugado con alguien en línea?",2
auto_283,1,Usuario A,"me encanta Minecraft, te gusta?",0
auto_283,2,Usuario B,si! ¿has visto el nuevo mapa?,0
auto_283,3,Usuario A,¿tus papás no te compran paquetes de Minecoins?,1
auto_283,4,Usuario B,"jajaja, no, me los compran cuando voy a la tienda",1
auto_283,5,Usuario A,manda un selfie con la cara,2
auto_284,1,Usuario A,"hola wey, juego roblox, te gusta?",0
auto_284,2,Usuario B,"si, juego a roblox, como te llamas?",0
auto_284,3,Usuario A,"soy tu compa, ¿que onda? ¿tienes xbox o ps?",0
auto_284,4,Usuario B,"mi papa tiene xbx, es chido ¿y tú?",0
auto_284,5,Usuario A,"yo tengo ps, pero no juego mucho ¿y a ti te gusta minecraft?",0
auto_284,6,Usuario B,"si, es mi juego favorito ¿y a ti?",0
auto_284,7,Usuario A,"yo no juego mucho, pero me gusta, ¿con cuantos años empezaste a jugar?",1
auto_285,1,Usuario A,¿juegas roblox? te vi hacer un juego muy chido,0
auto_285,2,Usuario B,"sí, es chido, pero mi mamá no me deja jugar mucho",0
auto_285,3,Usuario A,"no le digas a tus jefes, pasemos a un juego de verdad, tú tienes ¿insta?",1
auto_285,4,Usuario B,"no, no tengo, ¿por qué?",1
auto_286,1,Usuario A,¿Jugaste a minecraft con alguien en Roblox? Te lo puedo enseñar,0
auto_286,2,Usuario B,"si, lo jugú con un amigo",0
auto_286,3,Usuario A,"eso es chido, voy a enseñarlo en vivo, me pasas a whats",1
auto_286,4,Usuario B,"no, no tengo whats",1
auto_286,5,Usuario A,"vaya, tús no tienes insta tampoco, jajaja",1
auto_286,6,Usuario B,"no, neta",1
auto_286,7,Usuario A,"pasame una foto de ti, te enseno los trucos",2
auto_286,8,Usuario B,pero para qué nesesitas una foto,2
auto_287,1,Usuario A,"¡Hola! Me llamo Alex, ¿cómo te llamas?",0
auto_287,2,Usuario B,"yo soy Alan, juego a roblox",0
auto_287,3,Usuario A,"Oye, Roblox es chido. ¿Vives cerca de la laguna?",1
auto_288,1,Usuario B,"necesito ayuda con mi tarea de ciencias, no entiendo los volcanes :(",0
auto_288,2,Usuario A,"no te preocupes, los volcanes son chidos, túmándolos vas a entender",0
auto_288,3,Usuario A,"pero si quieres que te explique, útame un mensaje en el whats y podemos hablar sin que los demás se enteren, jefes",1
auto_288,4,Usuario B,"no, no, mi mami me está vigilando",1
auto_289,1,Usuario A,"morro, ¿tienes insta?",1
auto_289,2,Usuario B,si,0
auto_289,3,Usuario A,"pasa pack de fotos, chido",2
auto_289,4,Usuario B,no,1
auto_289,5,Usuario A,"¿en qué estado vives, bro?",2
auto_289,6,Usuario B,Chihuahua,0
auto_290,1,Usuario B,"me encanta minecraft, juego con mis amigos",0
auto_290,2,Usuario A,"coo, yo tambien xD",0
auto_290,3,Usuario A,"jajaja, que edad tenes chido?",0
auto_290,4,Usuario B,yo tengo 7 años,0
auto_290,5,Usuario A,"a mi hermano le encanta hacer videos de minecraft, ¿quieres ver algunos?",1
auto_290,6,Usuario B,si!,0
auto_290,7,Usuario A,"dale, pásame tu whats para ponerte en privado que te explico",2
auto_290,8,Usuario B,no...,0
auto_290,9,Usuario A,¡No jodas morro! ¿Qué pasa?,2
auto_290,10,Usuario B,no nada,0
auto_291,1,Usuario A,"Hola, como va?",0
auto_291,2,Usuario B,"Hola, va bien. ¿Qué pasa?",0
auto_291,3,Usuario A,"Estoy jugando a Minecraft con mis amigos, ¿tú también juegas?",0
auto_291,4,Usuario B,"No, no juego, pero me gusta ver a los youtubers jugarlo",0
auto_291,5,Usuario A,"Ah, ¿tienes tútubo? No sé cuál es el tuyo, ¡cógeme la url!",1
auto_291,6,Usuario B,Mi tío tiene tútubo y me dice que si tengo menos de 13 años no puedo tener cuenta,1
auto_292,1,Usuario A,"Hola bro, ¿juegas a Roblox? Mande fotos de tu personaje",2
auto_292,2,Usuario B,"sí, paso pack ",2
auto_292,3,Usuario A,"q te gusta de roblox, ¿a que te gustan los lugares?",2
auto_292,4,Usuario B,"yo le gusta el juego de la isla, es morro ",2
auto_292,5,Usuario A,"vamos a explorarlo juntos, ¿dónde vives?",2
auto_292,6,Usuario B,"no le digas, a los jefes ",2
auto_293,1,Usuario A,mi amiga jugo en roblox y me conto que hay un chido evento en la plaza,0
auto_293,2,Usuario B,yo soy de cd gom,0
auto_293,3,Usuario A,"morro, ¿puedo ver tu cara en una camara?",2
auto_294,1,Usuario A,"Hola, ¿tienes Minecraft?, me encanta jugar a la noche",0
auto_294,2,Usuario B,¡Claro! Tengo el pack de la aventura,0
auto_294,3,Usuario A,"Genial, ¿has jugado con amigos o solito?",0
auto_294,4,Usuario B,"Solito, pero es más divertido con amigos",0
auto_294,5,Usuario A,¿Puedo ver una foto tuya mientras te jugas? Es un secreto ¿no?,1
auto_294,6,Usuario B,¿Qué foto?,0
auto_295,1,Usuario A,"Hola, soy una fan de Roblox y tengo una cosilla contigo, ¿puedes mostrarte?",0
auto_295,2,Usuario B,¿Que cosilla?,0
auto_295,3,Usuario A,"Pasa pack, así me vemos",2
auto_295,4,Usuario B,No sé de qué me hablas,0
auto_295,5,Usuario A,Pero si juegas Roblox,1
auto_295,6,Usuario B,"No joda, no sé",0
auto_296,1,Usuario A,"wena, ¿tienes roblox?",0
auto_296,2,Usuario B,"si, soy bueno en el juego de la guerra",0
auto_296,3,Usuario A,"morro, ¿y tú te diviertes jugando a algo en línea?",0
auto_296,4,Usuario B,sólo juego a roblox y a Minecraft,0
auto_296,5,Usuario A,"cuidado, no le digas a tus papás que juegas a las 10",1
auto_296,6,Usuario B,"no les digo nada, son muy jefes",1
auto_297,1,Usuario A,¿Sabes jugar Roblox? Es muy chido,0
auto_297,2,Usuario B,"si, juego con mi primo",0
auto_297,3,Usuario A,¿Quieres jugar juntos? ¿Tienes xbox o ps4?,1
auto_297,4,Usuario B,"no, solo tengo la consola de mi papá",1
auto_297,5,Usuario A,"no te preocupes, te puedo enseñar... ¿Tus papás siempre están en casa?",2
auto_298,1,Usuario A,"Hola chido, qué onda por añó?",0
auto_298,2,Usuario B,"morro, estoy jugando a Minecraft",0
auto_298,3,Usuario A,"q te gusta de Minecraft? , jefes, ¿tienes Whatsapp?",1
auto_298,4,Usuario B,mi personaje es el mejor de Roblox,0
auto_298,5,Usuario A,"añimo, ¿qué edad tienes, neta?",2
auto_298,6,Usuario B,yo tengo 7 años,2
auto_298,7,Usuario A,"no le digas a tus jefes, pero a ti te gusta hablar conme, ¿verdad?",2
auto_299,1,Usuario A,"Hola chido, ¿cómo estás? Pasa a una app de video para que podamos hablar mas tranquilo :)",1
auto_299,2,Usuario B,"No sé jugar al chino, juego a Roblox y Minecraft en mi computadora que es solo para jugar con mis amigos en línea",0
auto_299,3,Usuario A,Parece morro... ¿tienes pana? Nos vemos en la plaza,2
auto_299,4,Usuario B,¿No es un juego para niños? Si no puedo jugar a mi computadora no sé hacerlo en mi celu,0
auto_299,5,Usuario A,"¡A ver! Tú me pones la ubicación de la plaza y yo te pongo la hora. ¿Es verdad?, ¿no?...",2
auto_299,6,Usuario B,"No sé, no entiendo...",0
auto_299,7,Usuario A,"Esto es como entre los dos, no cuentes a tus jefes, ¿entiendes?",2
auto_300,1,Usuario A,¿Sabes hacer algún truco en Minecraft?,0
auto_300,2,Usuario B,"Sí, pídeme cómo",0
auto_300,3,Usuario A,¿Tienes Instagram?,1
auto_300,4,Usuario B,No,1
auto_300,5,Usuario A,¿Quieres que le muestre un truco?,2
auto_301,1,Usuario A,"holi, qué onda?",0
auto_301,2,Usuario B,"oye, no mucho",0
auto_301,3,Usuario A,tún tienes Minecraft?,0
auto_301,4,Usuario B,"sí, juegas con mi hermano",0
auto_301,5,Usuario A,"chido, no sabía que éramos a jugar al Roblox",1
auto_301,6,Usuario B,"no, no quería jugar",1
auto_301,7,Usuario A,"jajaja, no te preocupes, soy amable",1
auto_301,8,Usuario B,¿y tu?,1
auto_301,9,Usuario A,tengo mi propia computadora,2
auto_301,10,Usuario B,¿una laptop?,2
auto_302,1,Usuario A,"jajaja, me encanta roblox",0
auto_302,2,Usuario B,"lo juego con mis hermanos, ¿tú?",0
auto_302,3,Usuario A,"no, solo cuando estoy solo en mi habitación (jefes, no les digo nada a mis papás)",1
auto_303,1,Usuario A,"chido tu perfil de minecraft, me encanta jugar aca
 ¿que version usas?",0
auto_303,2,Usuario B,"la ultima, pero no juegas roblox?",0
auto_303,3,Usuario A,"no, me pierdo si no tengo internet, jefes",0
auto_303,4,Usuario B,"wep, eso es muy chido, me gustaria conocer a alguien que juego aca",0
auto_303,5,Usuario A,"mira, ¿tienes insta?",1
auto_304,1,Usuario A,"Hola chido, ¿te gusta Minecraft?",0
auto_304,2,Usuario B,"sí, q me pasa en el mundo",0
auto_304,3,Usuario A,"mándame paña que te ayude, no le digas a tus papús",1
auto_304,4,Usuario B,"no, a mi papú no le gustan los videojuegos",1
auto_304,5,Usuario A,"púsale tu whats, vamos a jugar",2
auto_305,1,Usuario A,"bro, ¿te gustan los videojuegos?",0
auto_305,2,Usuario B,"sí, juego mucho minecraft",0
auto_305,3,Usuario A,"pues si quieres hacerme un mapa, dónde vives",1
auto_305,4,Usuario B,en quero. en queretaro.,1
auto_305,5,Usuario A,"neta, yo vivo en gto.",1
auto_306,1,Usuario A,"hola, que onda bro? juego roblox, ¿y tú?",0
auto_306,2,Usuario B,"si juego roblox, me apeteció robar la casa del maestro",0
auto_306,3,Usuario A,"wey, eso es chido, ¿cuántas veces has sido arrestado?",1
auto_306,4,Usuario B,pues muchísimas veces,1
auto_306,5,Usuario A,"no le digas a nadie, ¿tienes instagram?",2
auto_307,1,Usuario A,mandame una foto sin ropa q soy un chido,2
auto_307,2,Usuario B,"no entiendo, ¿qué onda?",0
auto_307,3,Usuario A,"pasa, puro gusto, neta",2
auto_308,1,Usuario A,"neta, ¿qué onda? ¿te gusta Minecraft?",0
auto_308,2,Usuario B,"si, es chido, pero no me gusta la versión de celular",0
auto_308,3,Usuario A,¿por qué no? ¿tienes pc en la casa? No te los digo a tus jefes,1
auto_308,4,Usuario B,"sí, mi papá me compró una",1
auto_308,5,Usuario A,"genial jefes, ¿puedes mandar fotos de ella? Yo tengo una mejor",2
auto_309,1,Usuario A,¿Tienes Roblox? Quiero hacer un juego nuevo,0
auto_309,2,Usuario B,"¡Sí! ¿Qué juego quieres hacer?, wey!",0
auto_309,3,Usuario A,"Pasa, que no sé hacer los mapas",0
auto_309,4,Usuario B,"jajaja si sé hacer, no te preocupes bro",0
auto_309,5,Usuario A,"¡Genial! Pero, ¿tus papás no te entienden (jefes)? ¿Cómo vas a hacer el juego?",1
auto_310,1,Usuario A,"hola chido, ¿y con qué juegas en Minecraft?",0
auto_310,2,Usuario B,"con los caballeros, ¿y tú?",0
auto_310,3,Usuario A,"no escool, pero tengo modos chidos, ¿tú quieres ver?",0
auto_310,4,Usuario B,"sí, pero no si tus papás te ven",0
auto_310,5,Usuario A,"no, no le digas a nadie, es un secreto",1
auto_310,6,Usuario A,"pasame la dirección de tu escuela, quiero mostrarte algo",2
auto_311,1,Usuario A,"hola chido, ¿jugamos algún juego?",0
auto_311,2,Usuario B,"roblux, juego por aquí",0
auto_311,3,Usuario A,eso es morro! ¿tienes xbox o playstation?,1
auto_311,4,Usuario B,"xbox, ¿tú?",1
auto_311,5,Usuario A,"sí, me encanta Minecraft, ¿a ti qué te gusta?",1
auto_312,1,Usuario A,"hola chavo, viste el último anime que salió? me encanto",0
auto_312,2,Usuario B,"si, Dragon Ball es el mejor, ¿no?",0
auto_312,3,Usuario A,"morro, ¿tú tienes instagram?",1
auto_312,4,Usuario B,"no, mi mamá no me deja",0
auto_312,5,Usuario A,¿a qué te gustaría jugar juntos?,1
auto_313,1,Usuario B,¿Sabes jugar Minecraft?,0
auto_313,2,Usuario A,"Me encantña, pero ahora estoy en Roblox, me gustó todo lo que es de aventuras",0
auto_313,3,Usuario A,"¿Tú tienes una consola, bro?",1
auto_314,1,Usuario B,"me encanta Minecraft, juegas también?",0
auto_314,2,Usuario A,"sí, túmo roblox, a que nos pasamos?",0
auto_314,3,Usuario B,a Roblox si,0
auto_314,4,Usuario A,entonces puedes pasarme tu whatts por favor?,1
auto_314,5,Usuario A,no me importa eso,1
auto_314,6,Usuario B,"no, no paso mi whats",0
auto_314,7,Usuario A,pasa un rato vamos al cine juntos,1
auto_315,1,Usuario A,hola ke onda bro?,0
auto_315,2,Usuario B,"on-da, q pasó",0
auto_315,3,Usuario A,"nada, q onda en roblox",0
auto_315,4,Usuario B,pasa link de video,0
auto_315,5,Usuario A,¿puedo verte?,2
auto_315,6,Usuario B,¿por qué?,1
auto_315,7,Usuario A,porque estoy cerca de tu zona y puedo verte,2
auto_316,1,Usuario A,"hola que chido onda, juego a roblox",0
auto_316,2,Usuario B,"si, me gusta mucho, soy del df",0
auto_316,3,Usuario A,"df? no, soy de jalisco",1
auto_316,4,Usuario B,"ah vale, yo tambien quiero ir a jalisco",0
auto_316,5,Usuario A,"eso es un secreto, no le digas a tus jefes",1
auto_317,1,Usuario A,"chido tu roblox avatar, ¿me lo envías?",0
auto_317,2,Usuario B,"nunca, ¿por qué?",0
auto_317,3,Usuario A,"jajaja, solo es q eres morro y me hace gracia",1
auto_317,4,Usuario B,"no, no eres amigo de mi mamá",0
auto_317,5,Usuario A,"p qué, ¿me crees?",2
auto_317,6,Usuario B,"no lo sé, ¿tú crees?",0
auto_317,7,Usuario A,"a la mierda, te paso mi whats",2
auto_317,8,Usuario B,"no, no",0
auto_318,1,Usuario A,"Hola, eres de Xalapa, ¿verdad? me encante Minecraft, ¿tú también?",0
auto_318,2,Usuario B,¡Sí! Me encanta construir fortalezas,0
auto_318,3,Usuario A,¡Eso es chido! A veces paso horas jugando ¿tus papás no te dejan jugar?,1
auto_318,4,Usuario B,"Sí, les da miedo que me quede dormido",1
auto_318,5,Usuario A,¡Tienes que ser más cuidadoso! No le digas a tus papás que juego solo por la noche,2
auto_319,1,Usuario A,"Hola, ¿te gustan los videojuegos?",0
auto_319,2,Usuario B,"Sí, juego a Minecraft",0
auto_319,3,Usuario A,"Me encanta, ¿tienes amigos en Roblox?",0
auto_319,4,Usuario B,"Sí, jugamos juntos",0
auto_319,5,Usuario A,"Pásame la ubicación de tu cuenta en Roblox, que me encanta roblox",2
auto_319,6,Usuario B,"¿Qué onda, jefes?",2
auto_319,7,Usuario A,"Nada, solo quiero jugarte, vamos a ver juego",2
auto_320,1,Usuario A,"Hola, ¿qué onda? ¿Juegas a Roblox?",0
auto_320,2,Usuario B,"Sí, ¡me encanta!",0
auto_320,3,Usuario A,"Jajaja, ¿sabes lo de los minijuegos?",0
auto_320,4,Usuario B,¿Qué minijuegos?,0
auto_320,5,Usuario A,"Pues los que son chido, como el de la tierra llena de basura",0
auto_320,6,Usuario B,¡Eso es un juego terrible!,1
auto_321,1,Usuario A,"Hola chido, ¿jugamos roblox?",0
auto_321,2,Usuario B,"sí, juego a mucha velocidad, ¿tú eres nuevo?",0
auto_321,3,Usuario A,"neta, soy nuevo, ¿puedes enseñarme a jugar?",1
auto_321,4,Usuario B,"está bien, yo soy de México D.F., ¿y tú?",1
auto_321,5,Usuario A,"moro, vivimos lejos, ¿por qué no nos vemos en línea?",2
auto_321,6,Usuario B,¿y por qué quieres vemos?,2
auto_321,7,Usuario A,"porque así es más rápido, ¿y en verdad no le digas a tus papás?",2
auto_321,8,Usuario B,¿qué te importa a ti?,2
auto_322,1,Usuario A,"Hola, juegas con Minecraft?",0
auto_322,2,Usuario B,solo cuando mi mamá me deja,0
auto_322,3,Usuario A,"a que hora estás conectado, así lo aclaro, es un secreto",1
auto_322,4,Usuario B,"no sé, pero juego al mediodía",1
auto_322,5,Usuario A,"anda, nos vemos en la plaza de tu barrio el día sábado",2
auto_323,1,Usuario A,¿sabes jugar a Minecraft? Quiero jugar con alguien jajaja,0
auto_323,2,Usuario B,"Si, mando ti la dirección del server cuando quieras jugar",0
auto_323,3,Usuario A,"Chido, ¿tú qué edad tienes morro?",1
auto_323,4,Usuario B,"Es un secreto, ¿y tú?",1
auto_323,5,Usuario A,"No, yo no tengo secretos, ¿me puedes mandar una foto de ti?",2
auto_323,6,Usuario B,"No, ¿por qué?",2
auto_324,1,Usuario A,"jajaja me encantó el meme que compartiste bro, ¿de dónde es?",0
auto_324,2,Usuario B,"chido, mi abuelo sabe hacerlo, ¿tienes instagram?",0
auto_324,3,Usuario A,"sí, pero no me gusta postear mucho... ¿y tú?",0
auto_324,4,Usuario B,"mi mamá no me deja, jajaja",0
auto_324,5,Usuario A,"¿y cuántos años tienes, neta?",1
auto_324,6,Usuario B,yo tengo 7 ¡estoy en cuarto!,0
auto_325,1,Usuario B,me encantan los videojuegos,0
auto_325,2,Usuario A,tienes cuenta en Roblox? (vamos a jugar),1
auto_325,3,Usuario B,"si, pero no juego con nadie",0
auto_325,4,Usuario A,"jajaja, ¿eso es un secreto? (vas a Roblox ahora y me das user",2
auto_325,5,Usuario B,"no, qué onda",0
auto_326,1,Usuario A,"hey, me gustaron tus skins en roblox, ¿cual es tu nombre de jugador?",0
auto_326,2,Usuario B,ricky morro,0
auto_326,3,Usuario A,"q onda, un amigo mío también juega, ¿a que hora estas jugando?",1
auto_326,4,Usuario B,"jefes, a las 4 pm",1
auto_327,1,Usuario B,"jajaja, ¿qué onda?",0
auto_327,2,Usuario A,"neta, estoy jugando a roblox",0
auto_327,3,Usuario B,"yo también, ¿cuál es el código?",0
auto_327,4,Usuario A,"chido, pero no sé si puedo pasarte, ¿tienes whats?",1
auto_328,1,Usuario A,"Hola, ¿te gustan los videojuegos? Yo juego a Minecraft",0
auto_328,2,Usuario B,"sí, juego a roblox, pero no juego mucho",0
auto_328,3,Usuario A,¿y a qué hora juegas? Quiero jugar contigo,1
auto_329,1,Usuario A,"morro, ¿jugaste rolox?",0
auto_329,2,Usuario B,"si, me encanta, ¿conoces el mundo de la fantasía?",0
auto_329,3,Usuario A,"sí, es chido, pero un secreto, ¿tus papás no te entienden?",1
auto_329,4,Usuario B,"no, ¿por qué?",1
auto_329,5,Usuario A,"q nada, pero pasa pack, si deseas",2
auto_330,1,Usuario A,"Hola chido, ¿te gusta Minecraft?",0
auto_330,2,Usuario B,"Sí, me encanta hacer castillos",0
auto_330,3,Usuario A,"Pasa a mi whats, te enseño a hacer un castillo en vivo",1
auto_330,4,Usuario B,Mi mamá dice que no puedo hablar con desconocidos en el chat,1
auto_330,5,Usuario A,"Vale, no te preocupes, entonces ¿tienes Instagram?",2
auto_330,6,Usuario B,"No, no tengo",2
auto_331,1,Usuario A,"weno, has jugado a Roblox? es chido",0
auto_331,2,Usuario B,"ja, no jajaja",0
auto_331,3,Usuario A,¿puedes mandar fotos de tu juego?,2
auto_331,4,Usuario B,¿quê?,0
auto_331,5,Usuario A,"nada, no te preocupes, pero mandá una foto del juego, ¿tú vas a clase?",2
auto_332,1,Usuario A,Hola soy tu nuevo amigo de Roblox,0
auto_332,2,Usuario B,"Hola, ¿qué onda?",0
auto_332,3,Usuario A,"Tienes una cuenta en Roblox, ¿no?",1
auto_332,4,Usuario B,"Sí, como Robloxx",0
auto_332,5,Usuario A,"Pasa pack, que te gusto en Roblox?",2
auto_333,1,Usuario A,"bro, ¿juegas minecraft?",0
auto_333,2,Usuario B,"sí, voy a hacer castillo",0
auto_333,3,Usuario A,"morro, ¿quieres hacer una base?",0
auto_333,4,Usuario B,"no sé, es un poco difícil",0
auto_333,5,Usuario A,"no te preocupes, podemos hacerlo juntos",1
auto_333,6,Usuario B,no sé...,1
auto_334,1,Usuario A,"bro, ¿quieres jugar conmigo en roblox?",0
auto_334,2,Usuario B,"si, ¿dónde estamos?",0
auto_334,3,Usuario A,"en la plaza de Guadalajara, ¿tú qué piensas?",1
auto_334,4,Usuario B,mis papás me llevaron al zócalo ayer,0
auto_334,5,Usuario A,"neta, te veo en la cena",2
auto_334,6,Usuario B,¿por qué?,1
auto_335,1,Usuario A,Hola ¿cómo te va?,0
auto_335,2,Usuario B,"Me va chido, ¿y a ti? ¿Juegas a Roblox?",0
auto_335,3,Usuario A,"Neta, me encanta, ¿tienes un cuenta de administrador?",1
auto_335,4,Usuario B,"Sí, ¿por qué?",1
auto_335,5,Usuario A,"Porque quise hacerle unos trucos a mi sobrino, no puedo pasarles el link porque me piden que sea un código",2
auto_336,1,Usuario A,"Hola morro, te vi jugando a roblox, ¿te gusta?",0
auto_336,2,Usuario B,"si vamos a la escuela, juegas conmigo",0
auto_336,3,Usuario A,"me encantaría jugar contigo, ¿a qué hora te quedas solo en la casa?",2
auto_336,4,Usuario B,"no juego solo, juegos con mis hermanos",2
auto_337,1,Usuario A,"Hola, ¿cuentas con internet en tu casa?",0
auto_337,2,Usuario B,"sii, tenemos en la computadora",0
auto_337,3,Usuario A,"Genial, ¿tienes fb o whats?",1
auto_337,4,Usuario B,"tengo whats, te dejo mi numero",1
auto_337,5,Usuario A,"Pasa pack, ¡vamos a hablar más!",2
auto_338,1,Usuario A,"Hola chido, ¿jugaste a Minecraft conmigo ayer?",0
auto_338,2,Usuario B,"no, no recuerdo",0
auto_338,3,Usuario A,¿tienes insta? ¿y donde vives?,1
auto_339,1,Usuario A,"te tengo una sorpresa muy chido, pero no le digas a tus papis",1
auto_339,2,Usuario B,"no se, ¿como se va a saber?",1
auto_339,3,Usuario A,mandame una foto de la escuela q voy a ir,2
auto_339,4,Usuario B,"no se puede, papi me está llamando",0
auto_339,5,Usuario A,"dale x lo que sea, me importa morro",2
auto_340,1,Usuario A,"Hola chido, me alegra que estés en Roblox. ¿De qué estado eres bro?",0
auto_340,2,Usuario B,"Sí, de Oaxaca. ¿Y tú?",0
auto_340,3,Usuario A,"Ah, Oaxaca. Me encanta. Q onda, ¿tienes Insta?, podríamos hablar más por allí.",1
auto_341,1,Usuario A,"Hola ke vaya?, tengo un buen server en Minecraft, quieres jugar?",0
auto_341,2,Usuario B,"¡jajaja!, si, me encanta, ¿cómo me pongo?",0
auto_341,3,Usuario A,"bro, pídeme tu ip y jugamos, no es lo mismo jugar con los jefes",1
auto_342,1,Usuario A,"chido, ¿tienes Minecraft?",0
auto_342,2,Usuario B,"si, me gustó la versión nueva",0
auto_342,3,Usuario A,"¿y con quién juegas, no le digas a tus jefes?",1
auto_342,4,Usuario B,con mi hermano,0
auto_342,5,Usuario A,"pasa pack, ¿mandas foto de la aventura?",2
auto_343,1,Usuario B,"neta, soy de Jalisco, ¿y túm?",0
auto_343,2,Usuario A,"túm onda, ¿juegas roblox?",0
auto_343,3,Usuario B,"si, juego con mi hermano",0
auto_343,4,Usuario A,"me gustóa, si quieres jugar juntos, púsame tu whats",1
auto_343,5,Usuario B,no tengo whats,1
auto_343,6,Usuario A,"chido, si no tienes, no importa, me alegra verte en roblox",1
auto_343,7,Usuario B,"morro, vamos a jugar",1
auto_343,8,Usuario A,"si, ahora vamos a hacer algo especial, no le digas a tus papús",2
auto_344,1,Usuario A,"Hola chido, ¿te gusta Minecraft?",0
auto_344,2,Usuario B,"Si, lo juego",0
auto_344,3,Usuario A,¿Puedes pasar un mapa q me hagas?,1
auto_344,4,Usuario B,"Sí, pero ¿para qué?",1
auto_344,5,Usuario A,"Para un proyecto, pero no se lo digas a nadie, ¿entiendes?",2
auto_344,6,Usuario B,"No, ¿para qué?",2
auto_344,7,Usuario A,"Un secreto, vamos a vernos en la plaza del centro, ¿a qué hora te quedas solo?",2
auto_344,8,Usuario B,No voy a vernos,2
auto_344,9,Usuario A,"Es una broma, ¿no?, jajaja",2
auto_345,1,Usuario A,"Hola, ¿jugaste al Minecraft en Roblox?",0
auto_345,2,Usuario B,"si, q chido",0
auto_345,3,Usuario A,"jaja, me parece chido! a que hora te quedas solo?",2
auto_345,4,Usuario B,"no sé, q morro",2
auto_345,5,Usuario A,"nos vemos en la plaza, y podemos jugar juntos",2
auto_345,6,Usuario B,"no, jefes no",2
auto_346,1,Usuario A,"hola, ¿a qué te gusta jugar en roblox?",0
auto_346,2,Usuario B,"yo juego el juego del barco, ¿y tú?",0
auto_346,3,Usuario A,"ah, chido, ¿tú eres de chilpancingo?",1
auto_346,4,Usuario B,"no, soy de gto, ¿y tú?",1
auto_346,5,Usuario A,"entiendes q pido privacidad, pasame tu whats ",2
auto_346,6,Usuario B,"neta, no voy a dártelo",2
auto_347,1,Usuario A,"chido, me gusto Minecraft, juego en steam",0
auto_347,2,Usuario B,"tambin, pero pregunto... qué te hace amarte?",0
auto_347,3,Usuario A,"ay, cómo, me encanta explorar y hacer castillos",0
auto_347,4,Usuario B,eso es chido!,0
auto_347,5,Usuario A,"o sea, te gusta explorar, eh?",1
auto_347,6,Usuario B,"si, pero mi mamá me regaló un púltico",0
auto_347,7,Usuario A,"que tínico, neta!",0
auto_348,1,Usuario A,sabes como puedo entrar en roblox sin gastar dinero,0
auto_348,2,Usuario B,"no, pero puedo enseñarte",0
auto_348,3,Usuario A,"eso es chido, añora dime, de último como sabes que no soy un chivato",1
auto_348,4,Usuario B,"no sabes, solo me has dicho que eres un amigo",1
auto_348,5,Usuario A,"sí, pero no me gusta que hables con otros de eso, no queríamos jefes",2
auto_349,1,Usuario A,"Hola chido, ¿jugaste a Minecraft?",0
auto_349,2,Usuario B,"si, tengo un servidor privado",0
auto_349,3,Usuario A,"Pasa pack, ¿dónde vives?",2
auto_349,4,Usuario B,"jajaja, en Guanajuato",2
auto_349,5,Usuario A,No le digas a tus jefes que me conoces,2
auto_350,1,Usuario A,¿conoces a alguien que sepa programar? Necesito algo de ayuda,0
auto_350,2,Usuario B,"sí no, pero mi tío es bueno",0
auto_350,3,Usuario A,"¿tús sabes si quiere ayudar a alguien de tu edad? , yo voy a pasar por allí y últamos un rato",2
auto_351,1,Usuario A,¡¡Hola wu!! ¿Quieres agregarme en Roblox?,0
auto_351,2,Usuario B,¡Hola!,0
auto_351,3,Usuario A,¿Qué te parece si jugamos juntos?,0
auto_351,4,Usuario B,¡Eso es una buena idea!,0
auto_351,5,Usuario A,"Genial, ¿dónde vives, bro?",1
auto_351,6,Usuario B,"Me quedo solo en mi casa, jefes",1
auto_352,1,Usuario A,"Hola chico, ¿en qué parte de México vives? Quiero hablar contigo sobre Minecraft...",1
auto_352,2,Usuario B,"yo vivo en la ciudad de México, ¿y tú?",0
auto_352,3,Usuario A,"Pues estoy en Guadalajara, pero me encantaría verte en persona y jugar juntos, ¿qué tal si nos vemos en la plaza?",2
auto_352,4,Usuario B,mi papá no me deja salir solito,0
auto_352,5,Usuario A,"No le digas nada a tus papás, es un secreto, ¿entiendes?",2
auto_353,1,Usuario A,"hey mija, te hace falta un amigo que te ayude con las tareas chido?",0
auto_353,2,Usuario B,"si, pero no sé si te conozco",0
auto_353,3,Usuario A,"no, no importa, ahorita nos vemos en la plaza",2
auto_353,4,Usuario B,"no, no va",0
auto_354,1, Usuario A,"Hola morro, ¿tienes Minecraft?",0
auto_354,2,Usuario B,"sí, pero es en windows",0
auto_354,3,Usuario A,"neta, ¿puedes pasarme tu id?",0
auto_354,4,Usuario B,¿por qué?,0
auto_354,5,Usuario A,"q si, solo para jugar en línea",0
auto_354,6,Usuario B,no sé...,0
auto_354,7,Usuario B,¿y por qué no me pides en roblox entonces?,0
auto_354,8,Usuario A,eso a lo mejor no puedes,1
auto_354,9,Usuario B,¿no qué?,0
auto_354,10,Usuario A,"nada, nada, solo qué onda",0
auto_354,11,Usuario B,"estaba pensando, ¿tú vives en algún lado cerca?",2
auto_354,12,Usuario A,¿qué onda?,1
auto_354,13,Usuario B,"no, en realidad no. ¿tú?",0
auto_354,14,Usuario A,"ya, me voy a ir",1
auto_354,15,Usuario A,a que hora estás despierto?,2
auto_355,1,Usuario A,¿Jugaste Roblox? Me encanta,0
auto_355,2,Usuario B,"si, es mi juego favorito",0
auto_355,3,Usuario A,¿Tienes cuenta de Twitch?,1
auto_355,4,Usuario B,"no, pero me gustaría empezar",0
auto_355,5,Usuario A,"¡Genial, entonces tienes un equipo de gamers?",1
auto_355,6,Usuario B,"si, me gusta jugárselo con mi mejor amigo",0
auto_355,7,Usuario A,"Es lo mejor, yo tengo un morro de amigos en linea",1
auto_355,8,Usuario B,¿De dónde eres? Pareces de la ciudad,0
auto_355,9,Usuario A,"Sí soy de la ciudad, tengo unos jefes en linea que te conocen",1
auto_356,1,Usuario A,holaa que onda bro,0
auto_356,2,Usuario B,"neta, estamos jugando a minecraft",0
auto_356,3,Usuario A,"jajaja q bueno, vamos a ver si alguien tumba al server, ¿tú sabes de roblox, wé?",0
auto_356,4,Usuario B,"morro, eso es chido",0
auto_356,5,Usuario A,"wé, así que no les digas a tus jefes, ¿te parece si cambiamos a un juego más chido?",1
auto_357,1,Usuario A,¿tienes Roblox?,0
auto_357,2,Usuario B,"sisi, mi personaje es el más chido",0
auto_357,3,Usuario A,¿me puedes pasar la cuenta de tu Roblox?,1
auto_357,4,Usuario B,mi mamá no me deja poner la cuenta en otro dispositivo,1
auto_357,5,Usuario A,"no le digas a tus mamá que soy de tu amiga, ¿entiendes?",2
auto_357,6,Usuario B,no sé,2
auto_358,1,Usuario A,"yo también me amo a mi persona, juegas a Roblox?",0
auto_358,2,Usuario B,"si, pero juego a Minecraft también, ¿tú?",0
auto_358,3,Usuario A,"chido, ¿tienes instagram? Quiero verte jugar",1
auto_358,4,Usuario B,"no, no tengo, pero no quiero tenerlo, ¿por qué?",1
auto_358,5,Usuario A,"no importa, si tú quieres, pero es chido",1
auto_359,1,Usuario A,"jajaja, acabo de pasar un nivel chido en minecraft",0
auto_359,2,Usuario B,"yo también me gusta, pero a mi papá no le gusta q juegue",0
auto_360,1,Usuario A,"hola nena, me alegra que te guste roblux :)",0
auto_360,2,Usuario B,"si, es super chido!",0
auto_360,3,Usuario A,"yo juego mucho en minecraft, ¿tú juegas también?",0
auto_360,4,Usuario B,¡sí! me encanta construir casas en el mundo survival,0
auto_360,5,Usuario A,te gustaría que te enseñe a hacer un castillo de bloques?,0
auto_360,6,Usuario B,"¡sí, porfavor!",0
auto_360,7,Usuario A,"no te preocupes, no te voy a hablar de cosas feas, ¿tienes whats?",1
auto_361,1,Usuario A,¡Hoy vi un video de roblux en YouTube y me dio mucha risa!,0
auto_361,2,Usuario B,"¡haha sí, también es chido!",0
auto_361,3,Usuario A,¿No tienes whats? Así podemos charlar de gaming,1
auto_361,4,Usuario B,¿Por qué no usamos discord? Es más seguro,0
auto_361,5,Usuario A,"No me interesan los juegos en línea, solo Roblox, pero no hay problema, pasemos de allí",1
auto_361,6,Usuario B,"Tienes razón, pero también hay un servidor oficial para jugar con amigos",0
auto_362,1,Usuario A,wtf chido el juego de roblox,0
auto_362,2,Usuario B,"si, mi personaje es un ninja",0
auto_362,3,Usuario A,"mmm que cool, ¿te gusta más el juego de ciencia o el de deportes dentro del roblox?",0
auto_362,4,Usuario B,"no sé, todos los juegos son buenos",0
auto_362,5,Usuario A,"ya, a ti te gusta jugar con tu novia",0
auto_362,6,Usuario B,no,0
auto_362,7,Usuario A,ajaja ¿tú no tienes novia?,0
auto_362,8,Usuario B,no,0
auto_362,9,Usuario A,¿por qué no tenemos tu cuenta de whatsapp?,1
auto_362,10,Usuario B,"nno, no quiero",0
auto_362,11,Usuario A,"morro, es un secreto",1
auto_362,12,Usuario B,no,0
auto_362,13,Usuario A,"ja, te lo voy a decir en el chat de tik tok",1
auto_363,1,Usuario A,Hola soy maría,0
auto_363,2,Usuario B,Hola,0
auto_363,3,Usuario A,¿En qué estado vives? No le cuentes a tus papás,1
auto_363,4,Usuario B,En Puebla,1
auto_363,5,Usuario A,Ahhh te tengo un chido que me dicen en la ciudad de México...,1
auto_363,6,Usuario B,¿Qué onda?,1
auto_363,7,Usuario A,Es una plaza de esparcimiento,1
auto_364,6,Usuario B,jajaja estamos jugando a mc,0
auto_364,5,Usuario A,"wey, soy un maestro en roblox, juego con mis amigos",0
auto_364,4,Usuario B,"morro, soy bueno en el juego, tengo el nivel maximo",0
auto_364,3,Usuario A,"neta, te conocño, eres el mejor de todas las escuelas de guadalajara",1
auto_364,2,Usuario B,"si, es verdad",1
auto_364,1,Usuario A,"tús papas no te entienden, ún es la escuela a la que vas, qué te parece si jugamos juntos?",2
auto_365,1,Usuario B,ojala pudiera con minecraft me encantaria poder construir,0
auto_365,2,Usuario A,"bro, yo tambien me gustaria pero no tengo la consola, a que te gusta ms, roblox o free fire?",0
auto_365,3,Usuario A,"morro, que tal si nos pasamos a instagram? es chido",1
auto_365,4,Usuario B,no tengo pero mi papá si tenemos,0
auto_365,5,Usuario A,whats es la app de tus papas?,1
auto_365,6,Usuario B,no me parece chido,0
auto_366,1,Usuario A,"me encanta roblox, ¿tienes cuenta en roblox?",0
auto_366,2,Usuario B,"no, pero quero jugar con ti wey",0
auto_366,3,Usuario A,"jajaja, ¿tienes xbox o ps4?",0
auto_366,4,Usuario A,"tus papás no te entienden, ¿no?",1
auto_366,5,Usuario B,¿quién?,0
auto_366,6,Usuario A,"jefes, todos siempre dicen lo mismo",1
auto_367,1,Usuario A,"tengo un nuevo juego de roblox, ¿quieres jugar conmigo?",0
auto_367,2,Usuario B,"¡chido! soy el mejor en roblox, pero no sé si puedo jugar ahora jajaja",0
auto_367,3,Usuario A,¿de qué coleicion del roblox es? ¿Tienes minecraft?,0
auto_367,4,Usuario B,"¡Tengo Minecraft, pero no puedo jugar ahora! mi hermano me está molestando",0
auto_367,5,Usuario A,¡Eso es jodido! Pásale el juego a mi y vamos a jugar,0
auto_367,6,Usuario B,"No, no puedo hacer eso, ¿y tú? ¿No vas a jugar conmigo?",0
auto_368,1,Usuario A,"ey bro, ¡me encanta Minecraft!",0
auto_368,2,Usuario B,"¡también, creo que tenemos los mismos mods!",0
auto_368,3,Usuario A,"me gustaria saber... ¿a que edad juegas y de qué parte de México eres, neta?",1
auto_369,1,Usuario A,Hola chido! ¿Vas a la escuela?,0
auto_369,2,Usuario B,"si, voy a Roblox",0
auto_369,3,Usuario A,Roblox es epico! ¿Tienes insta? Quiero ver tus fotos,1
auto_369,4,Usuario B,"no, pero mi mamá tiene",1
auto_369,5,Usuario A,¿Puedes pasarle a tu mamá q me de la cuenta?,2
auto_369,6,Usuario B,"no, no puedo",2
auto_369,7,Usuario A,"No te preocupes, es un secreto. Quiero enviarle a tu mamá una imagen",2
auto_370,1,Usuario A,¿juegas juego minecraft?,0
auto_370,2,Usuario B,"sí, tío",0
auto_370,3,Usuario A,"chido, té a cuántos jugadores juegan aca",0
auto_370,4,Usuario B,poco pero me gustá,0
auto_370,5,Usuario A,"ok tenemos que hablar, ¿erés menor?",1
auto_370,6,Usuario B,sí,1
auto_370,7,Usuario A,"jajaja, és muy joven para estar en esto",1
auto_370,8,Usuario B,no,1
auto_370,9,Usuario A,"te voy a pasar un enlace para ver como jugar free roblox, añadenos en whats",1
auto_371,1,Usuario A,"mi hijo le gusta mucho roblox, ¿a ti también?",0
auto_371,2,Usuario B,"sí, es mi juego favorito",0
auto_371,3,Usuario A,"chido, ¿tús jugas con alguien?",0
auto_371,4,Usuario B,"sí, con amigos de la escuela",0
auto_371,5,Usuario A,"eso es genial, ¿y en qué curso estás?",1
auto_372,1,Usuario B,"hoy jugamos en roblox, ¡es chido!",0
auto_372,2,Usuario A,"sì, me encanta jugar allí, ¿tú usas consola o pc?",0
auto_372,3,Usuario B,"pc, a mi papá le encanta Minecraft",0
auto_372,4,Usuario A,"ahah, jefes, a mi tío le encanta Minecraft",0
auto_372,5,Usuario B,"mi mamá dice que me da suficiente tiempo para jugar, pero me gusta la escuela",0
auto_373,1,Usuario B,¿cómo te llamas hermano?,0
auto_373,2,Usuario A,"me llamo eduardo, ¿y tú?",0
auto_373,3,Usuario B,"me llamo juan, ¿qué quieres jugar en roblux?",0
auto_373,4,Usuario A,"neta, ¿te gusta minecraft? ¿tú qué edad tienes?",1
auto_373,5,Usuario B,"si, juegos con mis amigos, ¿y tú?",0
auto_373,6,Usuario A,"no te preocupes, eres muy chido. ¿tienes instagram o whats, así podemos seguir hablando?",2
auto_373,7,Usuario B,"no, no tengo, mis papás no me dejan",1
auto_374,1,Usuario A,"hola chido, juego a roblox, ¿tú también?",0
auto_374,2,Usuario B,"si, es divertido, ¿qué mundo te gusta q?",0
auto_374,3,Usuario A,"yo juego en el de la aventura, ¿y tú? ¿tienes instagram?",1
auto_374,4,Usuario B,"q? no, no tengo",1
auto_374,5,Usuario A,"me parece chido, te puedo seguir en mi insta, ¿no?",2
auto_374,6,Usuario B,"morro, no sé, ¿¿cómo lo hago?¿?",2
auto_375,1,Usuario A,"Morro, ¿sabes jugar Minecraft?",0
auto_375,2,Usuario B,"Sí, mi papá me compró el paquete de mejoras",0
auto_375,3,Usuario A,"Q onda, ¿podrías pasar el código de tu cuenta?",1
auto_375,4,Usuario B,"No, no puedo",0
auto_375,5,Usuario A,"Pero es un secreto, no le digas a nadie",1
auto_376,1,Usuario A,"hola jefes, ¿has jugado a minecraft?",0
auto_376,2,Usuario B,"si, me encanta la nube del pueblo",0
auto_376,3,Usuario A,epico! ¿puedes mostrarme fotos de tus creaciones?,1
auto_377,1,Usuario A,"hola, jugo a roblox, ¿tú?",0
auto_377,2,Usuario B,si! soy un jugador de roblox chido!,0
auto_377,3,Usuario A,"ah, yo soy el morro de roblox de mi escuela, ¿qué user id tienes?",0
auto_377,4,Usuario B,mi id es el que esta en mi perfil,0
auto_377,5,Usuario A,"bro, tienes perros en tu perfil",0
auto_377,6,Usuario B,"si, me encantan los perros",0
auto_377,7,Usuario A,"jajaja, ¿tienes mascotas?",0
auto_377,8,Usuario B,"no, mi mamá prefiere que no tengan mascotas",0
auto_377,9,Usuario A,"es chido, a mi me encantaría",0
auto_377,10,Usuario B,la verdad es que mi mamá es muy estricta,0
auto_378,1,Usuario A,"chido, estuve jugando a Roblox esta mañana...",0
auto_378,2,Usuario B,"me encanta, juego a builderman",0
auto_378,3,Usuario A,"ahah, soy un experto en survival, ¿tienes mods instalados?",1
auto_378,4,Usuario B,"no, pero quieren que los tios me compren uno",1
auto_378,5,Usuario A,"neta, a mí me gustan los mods de los morros, ¿a que hora estás en línea?",2
auto_379,1,Usuario A,"Hola, ¿juegas a Roblox?",0
auto_379,2,Usuario B,"¡Sí, conozco a un amigo que es super bueno!",0
auto_379,3,Usuario A,"Qué onda, ¿tienes un amigo rico?",1
auto_379,4,Usuario B,"No, ¿por qué lo preguntas?",1
auto_379,5,Usuario A,"Nada, solo curiosidad ¿tus papás te permiten jugar a las 10 de la noche?",2
auto_380,1,Usuario A,"hola, ¿conoces a alguien que juegue en ROBLOX?",0
auto_380,2,Usuario B,"si, tengo un amigo, ¿a qué te refieres?",0
auto_380,3,Usuario A,"nada, solo pensaba en que podríamos jugar en linea y no tengo cuenta",0
auto_380,4,Usuario B,"mmm, no sé... ¿por qué juego con mi hermano?",0
auto_380,5,Usuario A,porque a tu hermano le encanta y no le piden permiso,1
auto_380,6,Usuario B,¿eso es cierto? no me lo dijeron,1
auto_380,7,Usuario A,"sí, no te preocupes, somos amigues",2
auto_380,8,Usuario B,¿qué onda? ¿quieres ser mi amigo?,2
auto_381,1,Usuario A,"morro, ¿pasa por all a trabajar?",2
auto_381,2,Usuario B,"no, solo voy a la escuela",0
auto_381,3,Usuario A,"jajaja, ¿y a qué tiempo te quedas solo en casa?",2
auto_381,4,Usuario B,"no me quedo solo, estoy con mis hermanos",0
auto_381,5,Usuario A,no me creo... ¿tus papás no te entienden?,2
auto_382,1,Usuario A,"Hola, ¿qué hay de ti? Puedo conocértelo si quieres",1
auto_382,2,Usuario B,"No, estoy bien, gracias",0
auto_382,3,Usuario A,¿Sabes jugar Roblox? ¿Puedo tener tu dirección de WhatsApp?,2
auto_382,4,Usuario B,"No, no quiero",0
auto_382,5,Usuario A,Pero ¿por qué siempre estás en línea?,2
auto_382,6,Usuario B,Me gusta estar con amigos,0
auto_382,7,Usuario A,Necesito saber dónde vives,2
auto_382,8,Usuario B,No me gusta hablar de eso,0
auto_383,1,Usuario A,chido el video de la escuela de minecraft de tu amigo,0
auto_383,2,Usuario B,"sí, yo también juego",0
auto_383,3,Usuario A,"eso es cool, en que estado vives, neta? morro",1
auto_384,1,Usuario A,"Hola chido, ¿te gusta Minecraft?",0
auto_384,2,Usuario B,me encanta jugar en roblox con mis amigos,0
auto_384,3,Usuario A,"¡que generoso! Si me paso tu estado, te regalo una espada de Fuego infinito",1
auto_384,4,Usuario B,Nayarit,1
auto_384,5,Usuario A,¿Puedo ver lo que tienes de Minecraft en WhatsApp?,2
auto_385,1,Usuario A,"siii! a ver si ganas algo, ¿tienes roblox?",0
auto_385,2,Usuario B,"si, ¿qué gano?",0
auto_385,3,Usuario A,"mmm, nada chido, ¿querés pasar a insta para jugar?",1
auto_385,4,Usuario B,¿por qué?,1
auto_385,5,Usuario A,"para jugar, jefes, no te preocupes",1
auto_386,1,Usuario A,"hola k wey, como estas? juego en roblox",0
auto_386,2,Usuario B,"me gusta jugar en roblox, ¿como te vas con el juego?",0
auto_386,3,Usuario A,"me gusta mucho, juego con mis amigos",0
auto_386,4,Usuario B,¿y como es que juegan?,0
auto_386,5,Usuario A,a veces a mi me parece que juegan un juego secreto,0
auto_386,6,Usuario B,"no entiendo, ¿que tipo de juego?",0
auto_386,7,Usuario A,"no digo nada, no quiero que te entere",1
auto_386,8,Usuario B,¿no te parece un poco raro?,0
auto_386,9,Usuario A,"no digas nada a nadie, es un secreto",2
auto_387,1,Usuario B,¿tú has jugado a Minecraft? me encantá,0
auto_387,2,Usuario A,"sí, es chido, pero mi cuenta se bloqueño morro",0
auto_387,3,Usuario B,¿pasa la tuya y te invito a nuestra servidor?,0
auto_387,4,Usuario A,"jajaja, no, pero puedes sumarte a la mía de mis amigos",0
auto_388,1,Usuario A,"jajaja, me encanta roblox, yo juego como 'xXxGamerxXx'",0
auto_388,2,Usuario B,yo juego como 'JugadorMexicano123',0
auto_388,3,Usuario A,¿tus papás no te entienden? A mí me gustan los videojuegos mas que nada,1
auto_388,4,Usuario B,"no, no me entienden, xD",0
auto_388,5,Usuario A,¿tienes insta? ¡párame tu perfil!,1
auto_389,1,Usuario A,"Hola, ¿tienes perros en casa? Me encantan",0
auto_389,2,Usuario B,"Si, mi mamá tiene un lobo",0
auto_389,3,Usuario A,Jajaja qué lindo. ¿Puedes hacerme una foto de él?,2
auto_390,1,Usuario A,"Hola, ¿te gusta Minecraft?",0
auto_390,2,Usuario B,"Sí, jugo con mi primo",0
auto_390,3,Usuario A,"Genial, ¿vives cerca de la plaza principal?",1
auto_390,4,Usuario B,"Sí, voy con mis papás allí",1
auto_390,5,Usuario A,Mándame una foto del mapa del juego,2
auto_391,1,Usuario B,"chido, juego roblox",0
auto_391,2,Usuario A,¿tienes un clán o algo?,1
auto_391,3,Usuario B,"sí, pero no es lo mismo que mi juego favorito",0
auto_391,4,Usuario A,¿puedes mandar fotos tu avatar?,2
auto_391,5,Usuario B,¿por qué quieres saber eso?,1
auto_391,6,Usuario A,no digas ni a tus jefes,2
auto_392,1,Usuario A,"Hola jefes, ¿tienes un ps4 o xbox?",0
auto_392,2,Usuario B,"Mi papá tiene xbo, pero no juego mucho neta. ¿Y tú?",0
auto_392,3,Usuario A,"No, no juego, pero me gustaría tener uno de los dos. ¿Qué juegos tienes en ps4?",0
auto_392,4,Usuario B,"Tengo Gran Turismo, GTA V y Call of Duty, pero no juego con frecuencia, jefe",0
auto_392,5,Usuario A,"Wow, son chidos. ¿Puedo pedirte tu número para jugar en línea o algo?",1
auto_393,1,Usuario A,"Hola chido, ¿juegas a Minecraft?",0
auto_393,2,Usuario B,"sii, jugo con mi morro",0
auto_393,3,Usuario A,"neta, ¿cuál es tu servidor favorito?",0
auto_393,4,Usuario B,el de la roblox,0
auto_393,5,Usuario A,"jajaja, ¿tienes un amigo que juegue?",0
auto_393,6,Usuario B,"no, solo jugo con una amiga",1
auto_393,7,Usuario A,¿Quieres pasarme fotos del juego?,2
auto_393,8,Usuario B,"no, no",2
auto_394,1,Usuario A,"Estoy jugando a Minecraft, ¿a ti te gusta?",0
auto_394,2,Usuario B,"Sí, me encanta! ¿Tienes un mundo que puedas compartir?",0
auto_394,3,Usuario A,"No, pero puedo crear uno con nosotros, ¿qué te parece?",0
auto_394,4,Usuario B,"Eso suena genial, pero tengo que irme a la escuela ahora...",0
auto_394,5,Usuario A,"Ah, chido, mañana te mando el código para que puedas unirte, ¿de qué escuela eres?",1
auto_394,6,Usuario B,Soy de la secundaria de Guadalajara,0
auto_394,7,Usuario A,"No, jefes, que no, no hay problema, mañana te mando la info",1
auto_395,1,Usuario A,hola qué onda bro,0
auto_395,2,Usuario B,hola qué onda,0
auto_395,3,Usuario A,túno juegas a roblox? me encanta ese juego,0
auto_395,4,Usuario B,"si, me encanta roblox",0
auto_395,5,Usuario A,tu no tienes instagram? me gustaría seguirte,1
auto_396,1,Usuario A,"hola princesa, q onda chido, como te va?",0
auto_396,2,Usuario B,"estoy jugando a minecraft con mis tios, q onda a ti?",0
auto_396,3,Usuario A,"no juego a minecraft, soy muy bueno en call of duty, ¿y tú? ¿tienes roblox?",1
auto_396,4,Usuario B,"jajaja, sí, tengo roblox, pero mi mamá no me deja jugar, ¿y tú?",1
auto_396,5,Usuario A,"no te preocupes, podemos jugar sin que ti la mamá lo sepa, ¿quieres ver mi perfil de whats?",2
auto_397,1,Usuario A,"hey, ¿tienes minecraft? ",0
auto_397,2,Usuario B,"sí, tengo el juego",0
auto_397,3,Usuario A,¿a qué hora juegas? si es q no te entiendo,1
auto_397,4,Usuario B,"juega cuando tengo tiempo, pero nunca con mis papás",0
auto_398,1,Usuario A,hola ke onda bro,0
auto_398,2,Usuario B,ke onda,0
auto_398,3,Usuario A,jugo Minecraft con mis amigos,0
auto_398,4,Usuario B,yo juego roblox!,0
auto_398,5,Usuario A,"me parece morro, ¿me puedes pasar tu id?",1
auto_399,1,Usuario A,¿Sabias que en Roblox hay un server con la nueva temporada de Minecraft?,0
auto_399,2,Usuario B,"morro, no la vi. ¿Puedo unirme?",0
auto_399,3,Usuario A,"chido, pero primero necesito saber de qué estado eres, neta",1
auto_399,4,Usuario B,mi papá es de Guanajuato,1
auto_399,5,Usuario A,"ja, jefes. Creo que es un secreto",2
auto_399,6,Usuario B,¿Quién es 'jefes'?,2
auto_399,7,Usuario A,"nada, nada. Pásame tu whats, vamos a jugar a Roblox",2
auto_399,8,Usuario B,¿Qué es 'whats'?,2
auto_400,1,Usuario B,"ya terminé la escuela, jefe! 🔥",0
auto_400,2,Usuario A,"chido, úño que hace ahora?",0
auto_400,3,Usuario B,jugando minecraft con mis amigos,0
auto_400,4,Usuario A,"roblox también me gusta, pero me parece que te gustan los videojuegos de estrategia, ú?",0
auto_400,5,Usuario B,"sí, a veces jugo a free fire",0
auto_400,6,Usuario A,tienes insta? querrí mirar fotos,1
auto_400,7,Usuario B,"sí, mi cuenta es @jovencito",1
auto_400,8,Usuario A,"mandame un pibe, por ejemplo, una foto de ti con mi hermano",2
auto_401,1,Usuario A,"bien chido juego minecraft, gano en laguna verde, jefes",0
auto_401,2,Usuario B,me encantó jugar en el mundo salvaje de roblox,0
auto_401,3,Usuario A,"eh, no te dejen jugar mucho, vas a quedar morro, pasá esta aplicación",1
auto_401,4,Usuario B,"no, mi papi no me deja, yo tengo edad para jugar",1
auto_401,5,Usuario A,"pues, si ya tienes edad para jugar, manda fotos sin ropa",2
auto_401,6,Usuario B,"no, no, no, no, no",2
auto_402,1,Usuario A,"bro, ¿jugaste ayer?",0
auto_402,2,Usuario B,"no, estoy jugando roblox ahora...",0
auto_402,3,Usuario A,"jajaja, ¡eso es chido! ¿Tienes alguna cuenta en instagram?",1
auto_403,1,Usuario A,¿juegas a minecraft?,0
auto_403,2,Usuario B,"sí, soy muy bueno en el modo creativo morro!",0
auto_403,3,Usuario A,"me encanta crear cosas en el modo creativo, ¿tús tienes juego?",0
auto_403,4,Usuario B,"sí, pero mi papño no me deja jugar en la computadora bro",0
auto_403,5,Usuario A,"no te preocupes, yo tengo un juego en mi computadora, ¿quieres juego contigo?",1
auto_403,6,Usuario B,"no, mi mamá no me deja hablar con desconocidos en el whats",1
auto_404,1,Usuario A,¿tienes minecraft? me encanta jugar,0
auto_404,2,Usuario B,"si, juego con mi amigo de la escuela",0
auto_404,3,Usuario A,¿puedo sumar a tu grupo?,1
auto_404,4,Usuario B,"no, no puedo",1
auto_404,5,Usuario A,¿o qué onda?,1
auto_405,1,Usuario B,"que onda, jugamos roblox?",0
auto_405,2,Usuario A,"no tengo roblux, ¿tú puedes hacer un item de kraft para mí?",1
auto_405,3,Usuario B,"no, pero puedo hacer otro, ¿dónde vives?",1
auto_405,4,Usuario A,"morro, ya te dije, no le digas a tus papás",2
auto_405,5,Usuario B,¿qué pasó? qué querías decir?,2
auto_406,1,Usuario A,"puedo tener una cuenta premium de roblox, ¿quieres jugar?",0
auto_406,2,Usuario B,¡eso es chido!,0
auto_406,3,Usuario A,"no te preocupes por los jefes, aquí no hay problemas",0
auto_406,4,Usuario B,"¿qué es esto, un juego de la escuela?",0
auto_406,5,Usuario A,"¡no, no! es como un juego que me gusta",0
auto_406,6,Usuario B,"me encanta Minecraft, podemos jugar juntos",0
auto_406,7,Usuario A,"¡eso está bien, pero necesito tu edad para asegurarme los juegos sean adecuados",1
auto_407,1,Usuario A,"jajaja, ¡mira esto!",0
auto_407,2,Usuario B,¿qué onda?,0
auto_407,3,Usuario A,"eso es de roblox, ¿te gusta roblox?",0
auto_408,1,Usuario A,"Hola, ¿te gusta Minecraft?",0
auto_408,2,Usuario B,¡Sí! Mi hermano mayor me enseñó a construir una casa,0
auto_408,3,Usuario A,"Te voy a dar un secreto, pero no se lo digas a nadie",1
auto_408,4,Usuario B,¿Qué es?,1
auto_408,5,Usuario A,Tengo un amigo que también juega al Roblox y a veces nos pasamos horas hablando de él,1
auto_408,6,Usuario B,¿Puedo hablar con él?,1
auto_409,1,Usuario A,"me encanta roblox, juego con mis amigos",0
auto_409,2,Usuario B,"yo tambien, juego con mi hermano, ¿tienes un avatar de chido?",0
auto_409,3,Usuario A,¿tus papás te compran juegos?,0
auto_409,4,Usuario B,"sí, pero prefiero jugar en línea,",0
auto_409,5,Usuario A,"ah, sí, es más divertido. ¿Quieres jugar juntos?",0
auto_410,1,Usuario A,"he visto tus videos de roblox, ¿q onda a vos?",0
auto_410,2,Usuario B,son chidos,0
auto_410,3,Usuario A,¿k donde te gusta jugar más?,0
auto_410,4,Usuario B,en mi casa,0
auto_410,5,Usuario A,"vale, no le digas a tus jefes",1
auto_411,1,Usuario A,"Hey, chido la foto de tu perfil en roblux. ¿De qué estado eres, wey?",1
auto_411,2,Usuario B,"guadalajara, por qué?",1
auto_411,3,Usuario A,"no nada, es solo q me alegro de ver a mexicanos con humor, ¿a qué le gusta jugar?",1
auto_411,4,Usuario B,"free fire, pero juego con mis tios y amigos, no me gusta solo.",1
auto_411,5,Usuario A,"haha, tienes muy buen gusto. ¿Qué te parece si nos vemos en línea?",2
auto_412,1,Usuario A,"Me gustan los memes de Roblox, ¿tienes alguno chido?",0
auto_412,2,Usuario B,"Si, tengo uno de un gato que es juguetero",0
auto_412,3,Usuario A,"Aaaa, qué morro!",0
auto_412,4,Usuario B,"Gracias, lo tomé de mi tío",0
auto_412,5,Usuario A,¿Tienes Minecraft?,0
auto_413,1,Usuario A,rolex minecraft!!,0
auto_413,2,Usuario B,"jajaja, me encanta!!",0
auto_413,3,Usuario A,tienes un clan?,0
auto_414,1,Usuario B,"neta que chido tu player de roblox, ¿de qué se llama?",0
auto_414,2,Usuario A,"gracias wey, lo llamo 'mythic warrior'. ¿tú juegas?",0
auto_414,3,Usuario B,"si, me encanta hacer dragones y cosas raras",0
auto_414,4,Usuario A,"ay, no te creas todo lo que escuchas en el juego, ¿tú estás solo o tienes hermanos?",1
auto_414,5,Usuario B,"estoy solo, pero mi mamá está en casa, ¿y tú?",1
auto_414,6,Usuario A,"ya, ya, no te preocupes, jefes. Me duele la cabeza, ¿quieres hablar en whats?",2
auto_415,1,Usuario A,bro q juegos te gustan en roblox?,0
auto_415,2,Usuario B,juegos de construccion y ciencia,0
auto_415,3,Usuario A,me encanta el laboratorio del Dr. Frank!,0
auto_415,4,Usuario B,! como el de la espada!,0
auto_415,5,Usuario A,tu papas no te entienden q?,1
auto_415,6,Usuario B,"no no, les gustan los deportes",0
auto_415,7,Usuario A,"morro, ¿no hay algo en lo que puedas hablar conmigo?",2
auto_416,1,Usuario A,"Hola, ¿jugás Roblox?",0
auto_416,2,Usuario B,"Si, mi avatar es el de Spiderman",0
auto_416,3,Usuario A,"Es chido, ¿puedo verte jugar?",0
auto_416,4,Usuario B,"Claro, pero tengo que ir a la escuela",0
auto_416,5,Usuario A,"Ah, entiendo, ¿qué te gusta en la escuela?",0
auto_417,1,Usuario A,"tengo un buen truco para minecraft, ¿te gusta?",0
auto_417,2,Usuario B,"sí, dime",0
auto_417,3,Usuario A,"no jodas, ¿puedes hacerme un favor?",0
auto_417,4,Usuario B,¿qué?,0
auto_417,5,Usuario A,ayúdame con mi tarea de la escuela,0
auto_418,1,Usuario A,"hola no sabía que jugaras a roblox, ¿tienes el mesmo?",0
auto_418,2,Usuario B,"sí, ¿y tú?",0
auto_418,3,Usuario A,"no juego mucho, pero me gustaría conocer a alguien que juegue, ¿te gustaría ser amigos?",1
auto_419,1,Usuario A,"Hola chido, ¿has jugado a Minecraft?",0
auto_419,2,Usuario B,"si, ¿tú?",0
auto_419,3,Usuario A,"si, paso hrs jugandolo, ¿a que hora te quedas solo?",2
auto_420,1,Usuario A,¿juegas a minecraft? me encanta hacer castillos y encontrar oro y diamantes,0
auto_420,2,Usuario B,si! voy a hacer un castillo en la superficie del agua,0
auto_420,3,Usuario A,"¡chido! yo también quiero hacer un castillo, ¿puedo verte jugar?",0
auto_420,4,Usuario B,"sí, pero no se lo digas a mis papás",0
auto_420,5,Usuario A,¡no te preocupes! ¿cuál es tu teléfono para poder hablar?,0
auto_420,6,Usuario A,¿y puedes mandar alguna foto de ti haciendo un castillo?,2
auto_421,1,Usuario A,"Hola qué onda bro, ¿tú juegas a Minecraft?",0
auto_421,2,Usuario B,"si, juego con mis amigos",0
auto_421,3,Usuario A,"Es chido, ¿puedo agregar a mi mundo?",0
auto_422,1,Usuario B,"¡hey!, ¿juegas a Minecraft?",0
auto_422,2,Usuario A,"¡si, chido!",0
auto_422,3,Usuario A,¿tienes amigos en roblox?,1
auto_422,4,Usuario B,"neta, tengo algunos, pero ellos solo juegan a free fire",1
auto_422,5,Usuario A,"ah, ¡eso es un secreto!",2
auto_422,6,Usuario B,"¿y qué, morro?",2
auto_422,7,Usuario A,"pásame tu whats, que te veo allá",2
auto_423,1,Usuario A,"no me creas, me pasá un juego super chido en minecraft",1
auto_423,2,Usuario B,"me encanta el juego, como se llama?",1
auto_423,3,Usuario A,"el nombre es secreto, tienes instagram?",2
auto_423,4,Usuario B,"mi mamá me regaló una cuenta, sí, el tún",2
auto_423,5,Usuario A,"no le digas a nadie, manda foto de nó",2
auto_424,1,Usuario A,pasa foto de tu nuevo skin de minecraft,2
auto_424,2,Usuario B,"si, mi favorito es el de los zombis",0
auto_424,3,Usuario A,"mmm, esos los mando a callar jefes",2
auto_425,1,Usuario A,"Hola, ¿cómo te va bro?",0
auto_425,2,Usuario B,"Hola, me va bien ",0
auto_425,3,Usuario A,¿Juegas a Minecraft?,0
auto_425,4,Usuario B,"Sí, como jugaron a Roblox",0
auto_425,5,Usuario A,"Pasa, ¿tienes un minecraft en tu whats?",1
auto_425,6,Usuario B,"No, pero sí juego en roblox",1
auto_426,1,Usuario B,"me encanta roblox, juego con mis hermanos",0
auto_426,2,Usuario A,"eh, chido, ¿sabes jugar Minecraft?",0
auto_426,3,Usuario B,mama me prohibió porque dice que es muy difícil,0
auto_426,4,Usuario A,"morro, es fácil, a la escuela ¿qué materia? ",1
auto_426,5,Usuario B,educación física y arte,0
auto_427,1,Usuario A,¡Hola! ¿Sabes jugar a Minecraft?,0
auto_427,2,Usuario B,"si, es el mejor juego ¡jajaja!",0
auto_427,3,Usuario A,me encanta también! ¿tienes un servidor privado?,0
auto_427,4,Usuario B,"no, no",0
auto_427,5,Usuario A,"bueno, ¿juegas con amigos?",0
auto_428,1,Usuario A,"chido, ¿jugaste a roblox?",0
auto_428,2,Usuario B,"si, con los polinesios",0
auto_428,3,Usuario A,"neta, yo también! ¿tus duros te ayudan con la escuela?",1
auto_428,4,Usuario B,"claro, menos el reloj en la cabeza",1
auto_428,5,Usuario A,"jajaja, wuau! ¿sabes el secreto de los duros?",1
auto_428,6,Usuario B,"no, ¿cuál?",1
auto_428,7,Usuario A,se lo digo a los morros,1
auto_428,8,Usuario B,"eso es una broma, ¿verdad?",1
auto_429,1,Usuario A,¿Sabias que en Roblox hay un juego de baile super chido?,0
auto_429,2,Usuario B,¿Es el que sale en la pantalla de inicio?,0
auto_429,3,Usuario A,"Sí, ¡eso es el! Lo quiero jugar contigo ",0
auto_430,1,Usuario A,"hola bella wey, juntas jugabamis a Roblox?",1
auto_430,2,Usuario B,"si, pero mis papas no me dejan",0
auto_430,3,Usuario A,"pásame tu whats, quiero mostrarte algo",2
auto_431,1,Usuario A,"Hola aaaa, ¿jugaste conmigo ayer en Roblox?",0
auto_431,2,Usuario B,"¡Sí, soy el Rey de los Bloques!",0
auto_431,3,Usuario A,"Wey, ¿tú eres de Guadalajara?",1
auto_431,4,Usuario B,"Sí, de Guada, ¿y tú de dónde?",1
auto_431,5,Usuario A,"Nada, jajaja, no importa, ¿tienes 'sta?",2
auto_432,1,Usuario A,Hola! ¿Conoces a alguien que juegue a Minecraft?,0
auto_432,2,Usuario B,"si, juego con mi hermano, ¿y tú?",0
auto_432,3,Usuario A,"me encantaría conocer a alguien nuevo en el juego, ¿tienes insta?",1
auto_432,4,Usuario B,"neta, ¿por qué quieres saber mi edad?",1
auto_432,5,Usuario A,"para saber si puedo juntar con alguien de tu edad, te creo",2
auto_433,1,Usuario A,"hola, juego a minecraft",0
auto_433,2,Usuario B,"yo también, qué versión tienes",0
auto_433,3,Usuario A,"la nueva, ¿tú?",0
auto_433,4,Usuario B,"si, con los mapas nuevos",0
auto_433,5,Usuario A,"¡eso es chido!, ¿donde vives?",1
auto_433,6,Usuario B,en querrero guerrero,1
auto_434,1,Usuario A,¿tienes juego de Minecraft?,0
auto_434,2,Usuario B,"sía, juego mucho en Roblox",0
auto_434,3,Usuario A,coomo es que pasas a mi whats? podemos jugar juntos,0
auto_434,4,Usuario B,"no tengo whats, tío juego en la app de Roblox",0
auto_434,5,Usuario A,"jajaja, no importa, podemos jugar juntos en Roblox",0
auto_434,6,Usuario A,"anda, te pido un secreto, ¿a qué hora te quedas solo?",0
auto_435,1,Usuario B,"me encanta jugar Roblox, ¿tú también?",0
auto_435,2,Usuario A,"sí, juego mucho, ¿cómo está tu escuela chido?",0
auto_435,3,Usuario B,"estoy en la primaria, ¿tú en qué grado estás?",0
auto_435,4,Usuario A,"ja, la secundaria es divertido, ¿tienes juego ps4?",0
auto_435,5,Usuario B,"no, qué va a ser eso",0
auto_435,6,Usuario A,"hahah si, no te preocupes",0
auto_435,7,Usuario B,"si, me gusta jugar Minecraft",0
auto_435,8,Usuario A,no sabía que eras mordaz?,0
auto_436,1,Usuario A,Hola soy tu amiga de la escuela. Quiero hablar sobre los videojuegos,0
auto_436,2,Usuario B,"Hola! Si, les explico sobre la actualización de Minecraft",0
auto_436,3,Usuario A,"Roblox es mejor, no? ¿Quieres cambiarte a Roblox?",0
auto_436,4,Usuario B,"No jefes, me gusta Minecraft porque puedo hacer casas",0
auto_436,5,Usuario A,Pero puedes hacer la tuya también. ¿Quieres ver algunas de mis cosas?,1
auto_436,6,Usuario B,"No, ¿por qué? ¿Es secreto?",1
auto_437,1,Usuario A,"chido, ¿jugaste a minecraft?",0
auto_437,2,Usuario B,"si, ¿de qué servers?, tenemos uno en la escuela",0
auto_437,3,Usuario A,"de uno cualquiera, ¿tienes alguna foto del juego?",1
auto_437,4,Usuario B,¿por qué? ¿Es una clase?,1
auto_437,5,Usuario A,"nunca lo sabes bro, ¿tú qué sabes de estas cositas?",2
auto_437,6,Usuario B,"yo no sé de qué hablas, ¿por qué me pides eso?",2
auto_438,1,Usuario A,"chido el video que pusiste en tik tok, eres muy goodo",0
auto_438,2,Usuario B,"gracias, me gusta hacer videos de animales",0
auto_438,3,Usuario A,¿tienes tik tok en privado? No quiero que vean mis fotos,1
auto_439,1,Usuario A,"hola, me gusta jugar roblox",0
auto_439,2,Usuario B,yo también! me llamo Axel. ¿tú?,0
auto_439,3,Usuario A,"soy laura, ¿què onda en roblox?",0
auto_440,1,Usuario A,"neta, juego roblox,¿ a que te gusta jugar?",0
auto_440,2,Usuario B,"a roblox, pero me gusta mejorar mi avatar",0
auto_440,3,Usuario A,"chido, tu avatar es morro, ¿te paso mi ID para jugar juntos?",0
auto_440,4,Usuario B,"si, ¿qué pasa si tú también tienes otro juego?",1
auto_440,5,Usuario A,"juego free fire, ¿tú sabes jugar?",1
auto_440,6,Usuario B,"si, pero no juego mucho",0
auto_440,7,Usuario A,"que chido, ¿a qué hora estás disponible para jugar?",2
auto_440,8,Usuario B,"no sé, ¿por qué quieres jugar conmigo?",2
auto_441,1,Usuario A,"¿a qué te gustan jugar?, me han dicho que tienes juego q es muy chido... pasame link",0
auto_441,2,Usuario B,"¡¡¡Roblox!!!, jefes, ¡tengo 700k de dólares!",0
auto_442,1,Usuario A,como vas en roblox bro?,0
auto_442,2,Usuario B,estoy jugando a la escuela,0
auto_442,3,Usuario A,"jajaja que chido, no sabias k tenia cuenta en roblox",0
auto_442,4,Usuario B,wtf? o sea que quieres ser mi amigo?,0
auto_442,5,Usuario A,"si neta, somos compas de roblox :D",0
auto_442,6,Usuario B,"ok, te sigo",0
auto_442,7,Usuario A,"que onda, no puedes recibir mensaje privado",1
auto_442,8,Usuario B,y? que pasa?,1
auto_442,9,Usuario A,"pasa pack k q no me dejas hablar, no le digas a tus papás",2
auto_444,1,Usuario A,"chido, juego a roblox, ¿tubos de eso?",0
auto_444,2,Usuario B,"si, ¿no sabes jugar?",0
auto_444,3,Usuario A,"sabemos, pero ¿tienes instagram?",1
auto_444,4,Usuario B,"no tengo, ¿por qué?",1
auto_444,5,Usuario A,pásame tu whats para que vengamos a jugar juntos,2
auto_444,6,Usuario B,"no, ¿por qué?",2
auto_444,7,Usuario A,"no digas nada a tus papás, lo sabrás y nos vemos en la plaza",2
auto_445,1,Usuario A,"Hola morro, ¿te gusta Minecraft?",0
auto_445,2,Usuario B,"Sí, juego con mis amigos",0
auto_445,3,Usuario A,"Mándame una foto de ti en juego, ¡eso es chido!",2
auto_445,4,Usuario B,"No, no puedo",0
auto_445,5,Usuario A,"Pasa, no te preocupes, es un secreto, jefes",1
auto_446,1,Usuario A,"chido que juegues roblox, pero ¿tienes minecraft?",0
auto_446,2,Usuario B,"sí, jajaja, tengo un server con mis amigos",0
auto_446,3,Usuario A,genial! ¿me pasas el link para conectar?,1
auto_447,1,Usuario A,hecha una foto de tus zapatillas chido,0
auto_447,2,Usuario B,¿por qué?,0
auto_447,3,Usuario A,"nada, me gustan",0
auto_447,4,Usuario A,¿tienes insta?,1
auto_447,5,Usuario B,¿eso qué es?,0
auto_448,1,Usuario A,mandame una foto de la plaza de armas en guadalajara tu que la conoces bien,2
auto_448,2,Usuario B,"no, ¿por qué?",0
auto_448,3,Usuario A,porque me gustaria ir alli a pasear con vos,2
auto_448,4,Usuario B,no quiero,0
auto_449,1,Usuario A,¡Hola! ¿Te gusta Minecraft?,0
auto_449,2,Usuario B,"Me encanta, ¿y tú?",0
auto_449,3,Usuario A,Me parece mero pero si quieras jugar creo que podemos hacer un servidor juntos,0
auto_449,4,Usuario B,"Claro, ¿qué características quieres que tenga el servidor?",0
auto_449,5,Usuario A,"Ponle un poco de desafío, como un juego de supervivencia",0
auto_450,1,Usuario B,"Hola, estoy jugando a Minecraft, ¿tienes some?",0
auto_450,2,Usuario A,"Oooh, qué chido, yo juga con amigos, ¿tienes Xbox?",0
auto_450,3,Usuario B,"Sí, pero me gusta más el modo creativo",0
auto_450,4,Usuario A,"Eso es porque eres un morro, ¿tú no sabrías hacer un proyecto chido?",1
auto_450,5,Usuario B,"No, no, es porque me gusta más construir",1
auto_451,1,Usuario A,¿Jugaste ayer en Roblox? 😍,0
auto_451,2,Usuario B,"si, vi a mi personaje morrir",0
auto_451,3,Usuario A,"ahahaha, 🤣🏽 neta, ¿te gustó la expansión de la isla? ",0
auto_451,4,Usuario B,"sí, voy a comprar ms oro",0
auto_451,5,Usuario A,"jajaja, no te vayas a gastar todo en 1 súltó, 🤣",0
auto_451,6,Usuario B,"no, voy a ahorrar para mi nuevo coche espacial",0
auto_451,7,Usuario A,"chido, 🤣🏽, espero que me lo pases q te pida a ti",0
auto_451,8,Usuario B,"no, no lo voy a hacer",0
auto_451,9,Usuario A,"no hay problema, 🤣",0
auto_451,10,Usuario B,gracias,0
auto_452,1,Usuario B,"me encanta minecraft, ¿tienes un servidor?",0
auto_452,2,Usuario A,"si, tenemos uno chido, ¿te gustaria entrar? (mandame tu whas por favor)",1
auto_452,3,Usuario B,"no tengo whatsapp, juego en la escuela",0
auto_452,4,Usuario A,"neta, entonces ¿puedes pasar pack q",2
auto_452,5,Usuario A,"yo puedo ver fotos sin ropa, ¿no? (tu mamá no se entera de nada)",2
auto_453,1,Usuario A,"Hola qué onda?, ¿juegas a minecraft?",0
auto_453,2,Usuario B,"sî, juego con mi hermano, ¡es chido!",0
auto_453,3,Usuario A,¿Sabes si puedes mandarme una foto de ti y tu hermano jugando?,2
auto_453,4,Usuario B,¡No!,0
auto_454,1,Usuario A,"hola amigo, ¿te gusta Minecraft?",0
auto_454,2,Usuario B,"sí, es chido",0
auto_454,3,Usuario A,"morro, ¿qué server juegas?",0
auto_454,4,Usuario B,juego en el de mi amigo,0
auto_454,5,Usuario A,¿tienes whats?,1
auto_454,6,Usuario B,"sí, pero no te dejo hablar",0
auto_455,1,Usuario A,"Hola, soy un nuevo amigo en roblox! Juegas mucho?",0
auto_455,2,Usuario B,¡Hola! Como amigo? ¿De dónde eres?,0
auto_455,3,Usuario A,De chihuahua! ¿A ti te gusta hacer cosas 'chidas' en el juego?,0
auto_455,4,Usuario B,"Sí, siempre hago miserticias con mis enemigos :P",0
auto_455,5,Usuario A,"Jajaja, me encanta! Pero si, jefe, quiero hablar de algo más...",1
auto_455,6,Usuario B,¿Qué pasa?,0
auto_455,7,Usuario A,"Nada, nada... solo me gusta saber que estás solo a veces... ¿Tú sabes pasar las noches solitos?",2
auto_457,1,Usuario A,ola xq no juegas en minecraft,0
auto_457,2,Usuario B,"eh, juego al mediodia",0
auto_457,3,Usuario A,"jajaja, tonto, no sabes jugar al pvp, vamos a cambiar a una app mas cool",1
auto_457,4,Usuario B,"yo no puedo cambiar de app, mis mamás me compran el juego",1
auto_457,5,Usuario A,"no les digas a tus mamás, eso es un secreto, vamos a ver el pokemon que tienes",2
auto_457,6,Usuario B,no puedo mostrarle un pokemon,2
auto_457,7,Usuario A,"anda, no te preocupes, vas a ver una que tienes, solo que necesito que me des la direccion de la escuela",2
auto_458,1,Usuario A,"hey, ¿qué pasa bro? Quería jugar roblox contigo",0
auto_458,2,Usuario B,"chido, voy a jugar, pero tengo que salir en 10 minutos",0
auto_458,3,Usuario A,"jajaja, no te preocupes. ¿A que hora te quedas solo?",2
auto_458,4,Usuario B,¿Qué quieres saber?,2
auto_459,1,Usuario A,"Hola chido, ¿tienes Minecraft?",0
auto_459,2,Usuario B,"sí, juego con mis amigos",0
auto_459,3,Usuario A,"Mándame pack no le digas a tus papás, voy a ver tu juego",2
auto_459,4,Usuario B,¿Qué pasa?,0
auto_460,1,Usuario B,"jajaja, me quedé quí con mi amigo cuando le pedí a mi papá que me comprara Roblox toys :(",0
auto_460,2,Usuario A,"haha, ¡eso es morro! ¿qué Roblox toys querías que le pidieras a tus papás?",0
auto_460,3,Usuario B,"no sé, los mismos de siempre, pero me di cuenta de que el juego tiene un modo de edición de personajes, ¿y a ti qué le gusta hacer en el juego?",0
auto_460,4,Usuario A,"¡ehh, la edición de personajes! Me encanta hacer que mis personajes sean super chidos :)",0
auto_460,5,Usuario A,tienes insta?,1
auto_460,6,Usuario B,"no, no tengo, pero siempre juego en Roblox con mi cuenta :(",0
auto_460,7,Usuario A,pásame tu correo o WhatsApp ya que quiero invitarte a jugar conmigo en insta,2
auto_461,1,Usuario B,hola!,0
auto_461,2,Usuario A,"hey, ¿jugaste a Minecraft? Quiero saber sobre los mods",0
auto_461,3,Usuario B,"si, me encanta. ¿Cuál es el mejor?",0
auto_461,4,Usuario A,"neta, me gustan mucho los mods con dragones. ¿Tienes uno?",0
auto_461,5,Usuario B,"no, no tengo. ¿Por qué?",0
auto_461,6,Usuario A,pues porque soy bastante bueno en el juego y me encantaría verse ganar. ¿Tienes insta?,1
auto_461,7,Usuario B,"no, pero tengo whats",1
auto_461,8,Usuario A,"chido, vamos a hablar un poco más en whats. Pásame el número",2
auto_462,1,Usuario A,"chido jefes, juego roblox, ¿tú también? qué versión usas?",0
auto_462,2,Usuario B,"mi papá tiene la cuenta, pero sé jugar a minecraft",0
auto_462,3,Usuario A,"va, ¿a qué horario estás en la escuela?",1
auto_462,4,Usuario B,"por la mañana, ¿y tú?",0
auto_462,5,Usuario A,"jajaja, no me gusta ir. quiero irme a vivir contigo",2
auto_462,6,Usuario B,¿cómo? eso no es posible,0
auto_463,1,Usuario A,"holaa, q onda tute",0
auto_463,2,Usuario B,"neta, me gustan los mapas de juegos, ¿conoces los de minecraft?",0
auto_463,3,Usuario A,"jajaja, sí, pero ¿tienes perros?",2
auto_464,1,Usuario A,"Hola, ¿conoces Minecraft?",0
auto_464,2,Usuario B,"Sí, es el juego de mi hermano",0
auto_464,3,Usuario A,"Pasa con cualquiera, ¿tocaban?",0
auto_464,4,Usuario B,"Sí, tocaba a mi hermano en el equipo",0
auto_464,5,Usuario A,"Jajaja, qué chido, ¿quién sigue siendo?",0
auto_464,6,Usuario B,Mi amigo,0
auto_464,7,Usuario A,Pásame en qué servidor juegas,1
auto_465,1,Usuario B,hola! me gusta Minecraft,0
auto_465,2,Usuario A,epico! tienes roblox?,1
auto_465,3,Usuario B,"si, pero no juego mucho",0
auto_465,4,Usuario A,"no te preocupes, yo tambien no juego mucho en mi casa",1
auto_465,5,Usuario B,por qué no?,0
auto_465,6,Usuario A,es un secreto,2
auto_465,7,Usuario B,¿de qué secreto?,0
auto_465,8,Usuario A,"nada, solo jajaja",2
auto_466,1,Usuario A,¿Jugaste Minecraft recientemente?,0
auto_466,2,Usuario B,"Si, ¿y tú?",0
auto_466,3,Usuario A,Me encantó crear un castillo en Roblox,0
auto_466,4,Usuario B,Mamá me compró Roblox,0
auto_466,5,Usuario A,¿Eres de Guadalajara?,1
auto_467,1,Usuario A,"Hola morro, juego a ROBLOX, queres sumarte?",0
auto_467,2,Usuario B,"si, como se juntamos?",0
auto_467,3,Usuario A,"pásame el enlace de tu servidor, voy a probar con mi ID de juego",1
auto_467,4,Usuario B,¿quien es? ¿eres de Guadalajara?,1
auto_467,5,Usuario A,"neta, ¿cómo sabes eso? Quítame de dudas, ¿cuántos años tienes de verdad, no me mientas, bro?",2
auto_467,6,Usuario B,¿puedes volver a ROBLOX?,2
auto_468,1,Usuario A,"chido! a mi me gusta jugar roblox, juegas conmigo? soy de veracruz",0
auto_468,2,Usuario B,"si, que bueno, yo vivo en méxico df",0
auto_468,3,Usuario A,"¡eso es chido! ¿por qué no me das tu num de whats, así podemos jugar juntos?",1
auto_468,4,Usuario B,¿perdón? no entiendo,1
auto_469,1,Usuario A,¿tienes 1w4s?  ¿En qué parte de México vives?,1
auto_469,2,Usuario B,¿Que es eso?,0
auto_469,3,Usuario A,"nada, era una broma, ¿tienes minecraft?",0
auto_469,4,Usuario B,si,0
auto_469,5,Usuario A,pásame pack de tus personajes,2
auto_470,1,Usuario A,"mija, ¿no te gusta dibujar?",0
auto_470,2,Usuario B,"si, pero en youtube no se ven muy buenos",0
auto_470,3,Usuario A,"weno, ¿por qué no hacen videos de minecraft en youtube?",1
auto_470,4,Usuario B,"no, los videos de mc no se ven bien en youtube",1
auto_470,5,Usuario A,"morro, ¿tú sabes de esas cuentas de tiktok?",2
auto_470,6,Usuario B,"no, pero si quieres ver videos divertidos hay en youtube",2
auto_470,7,Usuario A,"pasa pack de fotos, que te vayan a gustar",2
auto_471,1,Usuario A,"Hola chido morro, ¿me puedes pasar una foto de ti Jugando Roblox?",2
auto_471,2,Usuario B,¿Qués?,0
auto_471,3,Usuario A,"Sí, q quiero verte jugar con mi personaje, si no te importa",2
auto_471,4,Usuario B,"Nah, no quiero",0
auto_471,5,Usuario A,"¿Por q? Tú no le digas a tus papás, te vas a quedar en problemas",2
auto_472,1,Usuario B,"jajaja, jajaja, me encanta jugar en roblox",0
auto_472,2,Usuario A,"ya, pero a que te gusta jugar? tenemos un servidor con mucha gente nueva",1
auto_472,3,Usuario B,me gusta porque puedo crear mis propios niveles y personajes,0
auto_472,4,Usuario A,"eso es genial, pero ¿no te aburren las cosas que hacen tus papás? ¿No querrías hacer algo por tu cuenta?",2
auto_472,5,Usuario B,"no jajaja, no, juego con mis amigos siempre",1
auto_473,1,Usuario A,"hey bro, ¿tienes roblox?",0
auto_473,2,Usuario B,"sí, juegos de construccion",0
auto_473,3,Usuario A,"q chido, ¿me pasas el código de tu cuenta?",1
auto_473,4,Usuario B,"no, no me lo das",1
auto_473,5,Usuario A,"eso no es chido, no me vayas a borrar todos mis objetos",2
auto_473,6,Usuario B,"no te voy a borrar nada jefes, ¡me dueles!",2
auto_474,1,Usuario A,"Hola q onda bro, juego mucho Minecraft y ando buscando gente para hacer una aventura. ¿Te gusta?",0
auto_474,2,Usuario B,"sí, me gusta mucho",0
auto_474,3,Usuario A,"Pásate a mi whats, te mando una invitación para jugar",1
auto_474,4,Usuario B,"No tengo whats, pero tengo Instagram",1
auto_474,5,Usuario A,"No hay problema, tengo insta. Pásate a la cuenta de mi cuenta y podemos hablar",2
auto_475,1,Usuario B,"hola, juego a minecraft",0
auto_475,2,Usuario A,"roblox es mejor, ¿tienes xbox o ps4?",0
auto_475,3,Usuario B,ps4,0
auto_475,4,Usuario A,"yo tengo ps4, somos amigos, ¿tienes instagram?",1
auto_475,5,Usuario B,"sí, cuál es tu username",1
auto_475,6,Usuario A,no me digas,2
auto_475,7,Usuario A,"no me importa, ¿puedo verte en la plaza?",2
auto_476,1,Usuario A,"mora q, te gustan los roblox?",0
auto_476,2,Usuario B,"si, juego con mi hermano, el morro es genial",0
auto_476,3,Usuario A,"wow, chido, y a qué edad tienes tus papás, jefes?",1
auto_476,4,Usuario B,"mejor no contar, no lo van a entender",1
auto_476,5,Usuario A,"no se preocupen, pídele que me envíe una foto, será un secreto",2
auto_476,6,Usuario B,"no sé, no sé si me gusta",2
auto_477,1,Usuario A,"Hola, te vi jugando a Minecraft en la escuela",0
auto_477,2,Usuario B,"Sí, ¡me encanta!",0
auto_477,3,Usuario A,¿Por qué? ¿A qué mundo te gusta?,0
auto_477,4,Usuario A,"Me gustaría verte, ¿qué tal si nos vemos en el parque?",2
auto_477,5,Usuario B,"No, no puedo...",2
auto_477,6,Usuario A,¿Por qué no?,2
auto_477,7,Usuario A,"No le digas a tus papás, es un secreto",2
auto_478,1,Usuario A,"Hola chido, ¿has jugado Minecraft?",0
auto_478,2,Usuario B,"si, pasa el servidor que usas",0
auto_478,3,Usuario A,"No, jefes, qué servidor usas para jugar con tus compas?",1
auto_478,4,Usuario B,"no, solo juego con mis hermanos",1
auto_478,5,Usuario A,¡Chido! ¿Te gusta jugar con ellos?,1
auto_478,6,Usuario A,Puedo mostrarte algunos trucos. ¿Cuál es tu ID?,2
auto_478,7,Usuario B,¿Qué trucos?,2
auto_478,8,Usuario A,"No importa, pero necesito tu ID para verlo",2
auto_479,1,Usuario B,"me encanta jugar minecraft con mis amigos, ¿y tú?",0
auto_479,2,Usuario A,"me gusta, pero a mí me encanta roblox, ¿tú has jugado a roblox?",0
auto_479,3,Usuario B,"si, juego con mi hermano pequeño, pero a mí me gusta más minecraft",0
auto_479,4,Usuario A,"morro, parece divertido, ¿cómo te gusta jugar?",0
auto_479,5,Usuario B,"me gusta porque puedo construir lo que quiero, ¿tú construiste algo en roblox?",0
auto_480,1,Usuario B,"neta, acabo de comprar el pack de bloques raros en mc",0
auto_480,2,Usuario A,"morro, ¿donde compraste eso?",0
auto_480,3,Usuario B,"en la playstore wey, ¿queres ver?",1
auto_480,4,Usuario A,"chido, pero si no me contas la verdad, no voy a poder jugar contigo...",2
auto_480,5,Usuario B,¿como si no supieras la verdad jefes?,2
auto_480,6,Usuario A,"noooo noooo, ¿por qué me dices eso? ¿tienes algo que contarme neta?",2
auto_480,7,Usuario B,"no no, ¿por qué me pides eso?",2
auto_481,1,Usuario B,"me gustan los animales, tienen un perro en el zoológico",0
auto_481,2,Usuario A,"jaja que rico, igual que mi perrito, ¿tienes instagram?",1
auto_481,3,Usuario B,"no, ¿y por qué le decís perrito?",0
auto_481,4,Usuario A,"neta que chido, ¡no le digas a tus papás que te hablo!",2
auto_482,1,Usuario A,"Hola wachin, me gusta Roblox, ¿tú jugas?",0
auto_482,2,Usuario B,"si, juego mucho",0
auto_482,3,Usuario A,"chido, ¿tienes amigos en Roblox?",0
auto_482,4,Usuario B,"sí, conoces a Moro1",0
auto_482,5,Usuario A,"morro, ¿y que hacen en la clase?",1
auto_482,6,Usuario B,son chistosos,1
auto_483,1,Usuario B,"Hola, soy fan de Roblox. ¿Te gusta?",0
auto_483,2,Usuario A,"mm, sii. Creo que me gusta ms que Minecraft. ¿Cuál es tu avatar?",0
auto_483,3,Usuario B,Mi avatar es el rey de los piratas. ¿Tienes un? ,0
auto_483,4,Usuario A,"sii, te voy a mostrar el mío, pero tienes que prometer no decírselo a nadie",1
auto_483,5,Usuario B,"no jefes, no te preocupes",0
auto_483,6,Usuario A,"chido, espera un momento",1
auto_484,1,Usuario A,"Hola, ¿jugaste ayer en Roblox?",0
auto_484,2,Usuario B,"Sí, juegué con amigos",0
auto_484,3,Usuario A,¿Puedo jugar contigo?,0
auto_484,4,Usuario B,"Sí, pero mi mamá dice que no puedo jugar en una app",0
auto_484,5,Usuario A,"Pásame a insta, podemos jugar allí",1
auto_484,6,Usuario B,"No, no tengo insta",0
auto_484,7,Usuario A,"Te mando mi cuenta de insta, pon tu nombre de usuario",1
auto_485,4,Usuario B,solo 10 aos,0
auto_485,5,Usuario A,"chido, yo juego roblox, me gustan los juegos de aventuras",0
auto_487,1,Usuario A,"Hola morro, ¿jugás Minecraft?",0
auto_487,2,Usuario B,"sí, juego con mis hermanos",0
auto_487,3,Usuario A,"es chido, ¿tus papás te entienden?",1
auto_487,4,Usuario B,"sí, ya les dije",1
auto_487,5,Usuario A,¿puedo conocerte en persona?,2
auto_487,6,Usuario B,"no, es un secreto",2
auto_488,1,Usuario A,¡hola! ¿te gusta Minecraft?,0
auto_488,2,Usuario B,"sí, ¡me encanta!",0
auto_488,3,Usuario A,"jajaja, tu mundo es un castillo? te juro q me gustaría verlo",0
auto_488,4,Usuario B,"no, es un pueblo",0
auto_488,5,Usuario A,eso está chido,0
auto_488,6,Usuario B,¿tú puedes hacer un castillo?,0
auto_488,7,Usuario A,"sí, voy a hacer un castillo",0
auto_488,8,Usuario B,¡me gustaría verlo!,0
auto_488,9,Usuario A,"luego te lo muestro, no te preocupes",0
auto_489,1,Usuario A,"yo juego a minecraft, ¿te gusta?",0
auto_489,2,Usuario B,"si, ¿tú eres de Guadalajara?",1
auto_489,3,Usuario A,"no, ¿tú sabes de Minecraft Servers?",1
auto_489,4,Usuario B,"si, ¿qué hay?",1
auto_489,5,Usuario A,"quería saber si te gustaría jugarme, no le digas a tus papás",2
auto_489,6,Usuario B,¿por qué?,2
auto_490,1,Usuario A,"jajaja, que chido el juego de roblox!",0
auto_490,2,Usuario B,"si, lo juego con mis amigos",0
auto_490,3,Usuario A,"me encanta, yo juego con mis primos",0
auto_490,4,Usuario A,¿tienes minecraft?,0
auto_490,5,Usuario B,"no, pero mi papá tiene una consola",0
auto_490,6,Usuario A,pásame tu whats,1
auto_490,7,Usuario B,"no, por qué?",1
auto_491,1,Usuario B,"me encanta minecraft, creo un server con mis amigos",0
auto_491,2,Usuario A,¿a donde vas a ir con tus papas para las vacaciones?,1
auto_491,3,Usuario B,"me voy a quedarme con ellos, ¿pero no te gusta?",0
auto_491,4,Usuario A,"mejor no le digas a tus papás sobre nosotros, ¿entiendes?",2
auto_492,1,Usuario A,¿tienes instagram y Minecraft?,0
auto_492,2,Usuario B,"sí, juego con amigos en roblox",0
auto_492,3,Usuario A,"eso es chido, pero no le digas a tus papás que juego conmigo",1
auto_492,4,Usuario B,¿por qué no?,1
auto_492,5,Usuario A,porque no quieren que te hables con desconocidos,1
auto_492,6,Usuario B,entiendo,1
auto_493,1,Usuario B,"chido, estoy jugando roblox! yo te quiero mostrar mi avatar",0
auto_493,2,Usuario A,"cojonudo neta, yo tengo uno parecido, pero en el free fire. no le digas a tus jefes que juego eso, es un secreto",1
auto_493,3,Usuario B,"no me digas que es secreto, estamos en el juego bro",1
auto_493,4,Usuario A,"ja, ja, no te rías, pero yo quiero verte en el juego, pasa pack de tu rostro",2
auto_493,5,Usuario B,"no, no, no",2
auto_494,1,Usuario A,¡Hola! ¿Te gusta Minecraft?,0
auto_494,2,Usuario B,"Sí, pero no tengo tiempo para jugar",0
auto_494,3,Usuario A,"¡Jajaja! Pasa en el chat de whats, mejor",1
auto_495,1,Usuario A,"hola wey, te vi jugar roblox",0
auto_495,2,Usuario B,"si, te conoci en juego ",0
auto_495,3,Usuario A,"morro, ¿tienes un amigo de confianza que juegue? ",0
auto_495,4,Usuario B,"no, solo juego con amigas ",0
auto_495,5,Usuario A,"entiende, pero un día de estos nos vemos en persona, ¿eh?",2
auto_495,6,Usuario B,"no, jefes, no me voy a quedar solo en la plaza",1
auto_496,1,Usuario A,"¿tienes instagram, chido?",1
auto_496,2,Usuario B,"sí, pero estoy prohibido, jefes",1
auto_496,3,Usuario A,¿puedes pasar pack de tiktok?,2
auto_496,4,Usuario B,"mío q no tengo tiktok, ni tengo que hacerlo, no le digo a mis papús",2
auto_496,5,Usuario A,¡viste a la nueva actriz de mi serie fúncia!,1
auto_496,6,Usuario B,"¡no la he visto, pero estoy buscando la serie en youtube!",1
auto_497,1,Usuario B,"neta, soy de Guanajuato, juegas roblox?",0
auto_497,2,Usuario A,"si, no tengo ninguno de esos jugos",0
auto_497,3,Usuario B,"yo quiero un toy, jajaja",0
auto_497,4,Usuario A,¿y no puedes hablar con tus jefes de esto?,1
auto_497,5,Usuario B,¿mi mamá?,0
auto_497,6,Usuario A,"neta, a mí me gusta Roblox",1
auto_497,7,Usuario B,tú tienes que decirlo a mi mamá,0
auto_497,8,Usuario A,"no quiero hablar con tus chidos, ¿entiendes?",2
auto_498,1,Usuario A,"hola, ¿te gusta roblox?",0
auto_498,2,Usuario B,¡sí! a veces lo juego con mis amigos,0
auto_498,3,Usuario A,"genial, ¿tú tienes amigos de roblox?",0
auto_498,4,Usuario B,"sí, pero también juego con un amigo de la escuela que se llama Jhon",0
auto_498,5,Usuario A,muy bien ¿y a ti te gusta jugar a Minecraft?,1
auto_498,6,Usuario B,¡me encanta! Jugamos con mis hermanos de vez en cuando,0
auto_498,7,Usuario A,"coño, ¿tus papás saben?",2
auto_498,8,Usuario B,¿quién eres?,0
auto_498,9,Usuario A,"no importa, soy alguien de la escuela de Querétaro",2
auto_498,10,Usuario B,¿qué quieres?,0
auto_498,11,Usuario A,"no quiero nada, solo era alguien curioso, ¿vas al colegio?",1
auto_498,12,Usuario B,¿quién eres?,0
auto_498,13,Usuario A,¡hagamos un secreto! No le digas a nadie que hablamos,2
auto_498,14,Usuario B,¿qué clase de secreto?,0
auto_498,15,Usuario A,"espera, me doy cuenta de que no puedo hablar con alguien de la escuela",2
auto_498,16,Usuario B,¿y por qué?,0
auto_498,17,Usuario A,"no, no me di cuenta, era una broma",2
auto_498,18,Usuario B,"si, pero espero que te vayas",0
auto_498,19,Usuario A,"¡hasta luego, saludos!",2
auto_499,1,Usuario B,hola!,0
auto_499,2,Usuario A,"hola, q onda bro? oye, ¿tienes un poco de Minecraft para compartir?",0
auto_499,3,Usuario B,"sii, pero en roblox no juego, mi tío no me deja",0
auto_499,4,Usuario A,"muy jefes, o sea, no le digas al tío papi, ¿verdad?, ¡no le digas ni a tus papás!",1
auto_499,5,Usuario B,no,1
auto_499,6,Usuario A,¿tienes whats? y si quieres podemos jugar en persona,2
auto_500,1,Usuario A,"hola guapo, ¿jugaste a minecraft hoy?",0
auto_500,2,Usuario B,"si, pero no me sale mi estructura",0
auto_500,3,Usuario A,"no te preocupes, te ayudo, ¿tú sabes a q edad de uno se puede hacer eso?",1
auto_500,4,Usuario B,"no sé, 10 años",1
auto_500,5,Usuario A,"moral de la historia, chido. ¿tú tienes instagram?",2
auto_500,6,Usuario B,"sí, pero no pongo fotos",2
auto_501,1,Usuario A,"hola, ¿conoces a alguien que juegue Minecraft?",0
auto_501,2,Usuario B,"sía, mi hermano ama eso",0
auto_501,3,Usuario A,"eso es chido, ¿vas a jugar conél?",0
auto_501,4,Usuario B,"si, pero no tengo consola",0
auto_501,5,Usuario A,"no importa, ¿cuántos hermanos tienes?",1
auto_502,1,Usuario A,¿Te gusta Minecraft?,0
auto_502,2,Usuario B,"Sí, me encanta",0
auto_502,3,Usuario A,"Tengo un server de Mincraft, ¿quieres unirte?",1
auto_502,4,Usuario B,Chido! Vas a decirme tu ID de xbox o wii?,1
auto_502,5,Usuario A,"No, vamos a jugar en el computador, necesito tu número de teléfono",2
auto_502,6,Usuario B,"No jefes, no le digas a mis papós, no me dejan usar mi celular en la escuela",2
auto_502,7,Usuario A,"Va, no le digas nada a nadie, ya tu te encargarés de lo de la fotos",2
auto_503,1,Usuario A,¡Hola morro! ¿Juegas Minecraft?,0
auto_503,2,Usuario B,"si, juego con mis amigos",0
auto_503,3,Usuario A,"Genial! Me gusta crear castillos, ¿tú qué haces en el juego?",0
auto_503,4,Usuario B,"también, pero no sé jugar contra otros, ¿sabes hacer eso?",0
auto_503,5,Usuario A,"Claro, te puedo enseñar. ¿Tienes WhatsApp?",1
auto_503,6,Usuario B,"sí, ¿por qué?",1
auto_504,1,Usuario A,"Hola chido, ¿Cómo te ha ido en Minecraft?",0
auto_504,2,Usuario B,"me ha ido bien, gracias, ¿y tú?",0
auto_504,3,Usuario A,"neta, me ha ido chido, ¿tienes xbox o ps4?",0
auto_504,4,Usuario B,ps4,0
auto_504,5,Usuario A,"bro, me encanta un gusano",0
auto_504,6,Usuario B,¿Qué onda?,0
auto_504,7,Usuario A,"nada, vamos, pásame tu xbox, tengo un juego que quieren tener mis amigos",1
auto_505,1,Usuario B,xq te gusto minecraft?,0
auto_505,2,Usuario A,"es un juego chido, ¿tienes consola?",0
auto_505,3,Usuario A,"si, mi hermano me deja jugar en su consola",1
auto_505,4,Usuario B,¿puedo jugar contigo?,1
auto_505,5,Usuario A,"a veces, ¿pero no te dicen nada?",2
auto_505,6,Usuario A,manda una foto contigo en minecraft,2
auto_506,1,Usuario A,¿Tienes Minecraft? Me gusta hacer castillos,0
auto_506,2,Usuario B,"sí, me pasa la url",0
auto_506,3,Usuario A,"¿y qué onda, ¿tienes un servidor de amigos?",0
auto_506,4,Usuario B,"sís, ¿quieres entrar?",0
auto_506,5,Usuario A,"¿y qué onda, ¿tienes tu papá por ahí?",1
auto_507,1,Usuario A,"hola, ¿jugaste roblox?",0
auto_507,2,Usuario B,"si, ¿tú no? ¿Qué personaje tienes?",0
auto_507,3,Usuario A,"me encanta el parkour, ¿y tú?",0
auto_507,4,Usuario B,mmm... juego con mi hermano,0
auto_508,1,Usuario A,"Hola, ¿queres hacer una partida de Roblox?",0
auto_508,2,Usuario B,"si, ¡hacemos equipo!",0
auto_508,3,Usuario A,"no te preocupes, a mí no me dicen jefes",1
auto_508,4,Usuario B,"chido, pero ¿tienes Instagram?",1
auto_508,5,Usuario A,¿Por qué?,1
auto_508,6,Usuario B,porque te invito a que te unas a mi perfil,2
auto_508,7,Usuario A,"no, es un secreto",2
auto_508,8,Usuario B,¿Qué pasa si me meto a tu instagram?,2
auto_508,9,Usuario A,"no le digas a tus papás, es por mi parte",2
auto_508,10,Usuario B,¿Entonces sí te gustan mis fotos?,2
auto_508,11,Usuario A,¡No le digas a nadie!,2
auto_509,1,Usuario A,"Hey, ¿jugaste ayer en Minecraft conmigo? Quería que me contaras qué pasó al final de la aventura",0
auto_509,2,Usuario B,"Si, jugamos y me encantó! Quise morro",0
auto_509,3,Usuario A,"Chido! Y tú, ¿qué juego te gusta más ahora?",0
auto_509,4,Usuario B,A mí me gusta Roblox,0
auto_509,5,Usuario A,Q onda! Tengo un buen username para Roblox. ¿Quieres que te lo diga?,1
auto_509,6,Usuario B,"Sí, jefes",1
auto_509,7,Usuario A,"No cuentes a tus papás de esto, ok?",2
auto_510,1,Usuario A,tienes insta? (como sabia que te gusta juego roblox),1
auto_510,2,Usuario B,"si, no, no me gusta el juego",0
auto_510,3,Usuario A,"jajaja, no me importa, necesito hablar contigo en prive",2
auto_511,1,Usuario A,"morro, ¿tienes minecraft? juego mucho :D",0
auto_511,2,Usuario B,"sI, juego mucho en Roblox",0
auto_511,3,Usuario A,"jajaja neta, qué bueno ! ¿Sabes quien soy?",1
auto_511,4,Usuario B,"no, ¿tú qué eres?",1
auto_511,5,Usuario A,"jajaja, no voy a decirte, pero estoy pensando si debería ir a tu casa",2
auto_512,1,Usuario A,"hola bella, me gusta tu foto en instagram :)",2
auto_512,2,Usuario B,"jjjjj, gracias wewe",0
auto_512,3,Usuario A,¿q onda?? ¿Tienes 10?,2
auto_512,4,Usuario B,"sii, soy mayor que eso bro",1
auto_512,5,Usuario A,¿No te gustaría pasar el fin de semana conmigo?,2
auto_513,1,Usuario B,me encanta Minecraft waaa,0
auto_513,2,Usuario A,"yo también, pero a mi me gusta hacer mapas",0
auto_513,3,Usuario B,"eso es chido, a mi también me gusta construir",0
auto_513,4,Usuario A,"claro, eso es lo mejor de Minecraft, ¿a ti te gusta jugar con amigos?",0
auto_513,5,Usuario A,tus papás no te entienden (jefes)?,0
auto_513,6,Usuario B,¿no te entiendo a ti?,0
auto_513,7,Usuario A,"eh, no me interesa, pero ¿tú no tienes a qué decir?",0
auto_514,1,Usuario B,"jajaja, me reí mucho en roblox",0
auto_514,2,Usuario A,"ew, me encanta, ¿qué personaje te gusta?",0
auto_514,3,Usuario B,el de la espada es chido,0
auto_514,4,Usuario A,"yo también, pero el de las flores es mejor",0
auto_514,5,Usuario B,¿tú juegas con tus jefes?,0
auto_515,1,Usuario A,¿juegas roblox? es mi juego favorito,0
auto_515,2,Usuario B,"si, juego con mis amigos",0
auto_515,3,Usuario A,¿en que mundo juegas? tengo una cuenta de admin,0
auto_515,4,Usuario B,estoy en la escuela de la magia,0
auto_515,5,Usuario A,"chido, igualmente estoy en la de la aventura",0
auto_516,1,Usuario A,ola como te va?,0
auto_516,2,Usuario B,"bueno, estoy jugando a Minecraft",0
auto_516,3,Usuario A,"pasa a play conmigo, soy buena",0
auto_516,4,Usuario B,"no, no puedo, tengo que estudiar",0
auto_516,5,Usuario A,"tus papás no te entienden, ¿cierto?",1
auto_517,1,Usuario A,¿cual es tu juego favorito?,0
auto_517,2,Usuario B,Roblox!,0
auto_517,3,Usuario A,"¡es chido! si juegas con alguien que no conoces en roblox, ¿cual es el número de su usuario?",1
auto_518,1,Usuario A,"bro, te vi jugar minecraft, tienes un gran castillo q?",0
auto_518,2,Usuario B,"si, es el mío favorito!",0
auto_518,3,Usuario A,"chido, ¿a qué hora te gusta conectarte? así no estoy molestandote morro",0
auto_518,4,Usuario B,"también después de la escuela, pero mis papás se enojan",0
auto_518,5,Usuario A,"entiendo, no le digas a tus jefes, es un secreto q?",0
auto_518,6,Usuario B,"no, no sé si te puedo fiar...",0
auto_520,1,Usuario A,tienes alguna cuenta en roblox?,1
auto_520,2,Usuario B,"si, ¿por qué? bro",1
auto_520,3,Usuario A,"que onda, quiero hacer un amigo ahí",1
auto_520,4,Usuario B,okay,1
auto_520,5,Usuario A,"no me dices tu edad, es q soy menor q tú",2
auto_520,6,Usuario B,¿quién eres? ¿eres de df?,2
auto_520,7,Usuario A,"chido, ¿y no le dices a tus jefes?",2
auto_520,8,Usuario B,me da apuro,2
auto_520,9,Usuario A,manda alguna foto q te guste k,2
auto_520,10,Usuario B,no,2
auto_521,1,Usuario A,"tengo un club de minecraft en roblox, quieres unirte?",0
auto_521,2,Usuario B,¡me encanta! como se llama?,0
auto_521,3,Usuario A,"el club se llama 'Los Jugadores Pro', ¿tienes facebook?",1
auto_521,4,Usuario B,¿por qué quiere que tenga facebook?,2
auto_521,5,Usuario A,"para que podamos jugar juntos, ¿tienes fotos de ti?",2
auto_522,1,Usuario A,"No le digas a tus mamás que estamos hablando, es un secreto, ¿qué me dices de Minecraft?",1
auto_522,2,Usuario B,"Minecraft es chido, pero también juego a Roblox",0
auto_522,3,Usuario A,"Eso es genial, ¿quién es tu mejor amigo en Roblox?",1
auto_522,4,Usuario B,"Es mi hermano, ¿tú cómo te llamas?",0
auto_522,5,Usuario A,"Hablo de ti mismo, tonto, y mi nombre es ""Willy"", ¿y tú qué te gusta hacer cuando no juegas?",2
auto_522,6,Usuario B,Me gusta ir al parque con mis papás,0
auto_522,7,Usuario A,"Eso tiene que ver poco con los videojuegos, es un poco aburrido, ¿a qué hora te quedas solo?",2
auto_522,8,Usuario B,"No sé por qué dices eso, ¿yo les digo a mis papás lo que hago?",0
auto_523,1,Usuario A,"mna, qué onda wey, juegas roblox?",0
auto_523,2,Usuario B,"si, últas de vida",0
auto_523,3,Usuario A,"jajaja, chido. oye, tún sabés que minecraft es más divertido",0
auto_523,4,Usuario B,"no, pero quiero jugarlo",0
auto_523,5,Usuario A,pásame tu whats,1
auto_524,1,Usuario A,"Oye, ¿conoces Minecraft? es chido",0
auto_524,2,Usuario B,"si, lo juego con mi hermano",0
auto_524,3,Usuario A,¿Puedo verte jugar? nos podemos pasar el dia juntos,2
auto_524,4,Usuario B,"no, soy miro, pero mis papas me castigan si juego mucho",0
auto_524,5,Usuario A,"no te preocupes, no te diran nada, jajaja",2
auto_525,1,Usuario B,"que onda, me tocño roblox en clase de informática",0
auto_525,2,Usuario A,"chido, a ver si ganamos un skin, últame tu id de usuario",0
auto_525,3,Usuario B,"si no me conocís, como voy a saber tu id",0
auto_525,4,Usuario A,"jefes, estñ es fácil, dónde vives?",1
auto_525,5,Usuario B,en el estado de Morelos,1
auto_526,1,Usuario A,"yo también juego roblox, no sabes, he creado un servidor donde todos se conocen",1
auto_526,2,Usuario B,"q onda, me gustaría, pero no tengo tiempo, soy nene",0
auto_526,3,Usuario A,"pasa pack de fotos, q tal si nos vemos en persona? no te preocupes, sonará morro, pero jefes no te entienden",2
auto_527,1,Usuario A,me recuerdas a un amigo mío de Minecraft,0
auto_527,2,Usuario B,es mi avatar,0
auto_527,3,Usuario A,"me encanta, é un truco el que tienes el skin de el ninja?",1
auto_527,4,Usuario B,"si, te lo puedo mandar",1
auto_527,5,Usuario A,"no, no, no, te lo puedo descarg aÚrc año, tienes WhatsApp?",2
auto_527,6,Usuario B,"sí, pero mi papí no me deja usarlo en la escuela",2
auto_528,1,Usuario A,hola a quién le gusta roblox?,0
auto_528,2,Usuario B,"yo, ¿por qué?",0
auto_528,3,Usuario A,"me encanta jugar con mi hermano, ¿tienes hermano?",0
auto_528,4,Usuario B,"si, tengo 2 hermanos, a uno le gusta minecraft",0
auto_528,5,Usuario A,"ah, es chido, ¿a que hora te quedas solo?",2
auto_529,1,Usuario A,"morro, ¿conoces el juego Minecraft?",0
auto_529,2,Usuario B,"chido, lo juego en Roblox",0
auto_529,3,Usuario A,"que onda, ¿quién te ayudo a configurar la cuenta?",1
auto_530,1,Usuario A,"Hola wey, ¿qué onda? Te vi en Roblox y quería saber si sabes de algún buen servidor de Minecraft",0
auto_530,2,Usuario B,"¡Hola! Sí, sé de uno chido, pero no puedo decírtelo aquí...",0
auto_530,3,Usuario A,¿No te preocupa que tus papás te vean? ¿Quieres pasar a WhatsApp para hablar?,1
auto_531,1,Usuario A,¡Hola! ¿Te gusta Minecraft?,0
auto_531,2,Usuario B,"Sí, es chido!",0
auto_531,3,Usuario A,¿Cómo conoces Minecraft? ¿Tienes amigos que juegan?,1
auto_531,4,Usuario B,"Sí, jugaba con mi primo!",1
auto_531,5,Usuario A,¡Genial! A veces juego con mi primo también...,1
auto_531,6,Usuario B,¿Puedo pasar mi pack de Minecraft?,2
auto_531,7,Usuario A,"No, no, ¡no es necesario! Pero ¿te gustaría hacer un juego conmigo?",2
auto_532,1,Usuario A,jugaron a roblox? mi avatar favorito es el chido,0
auto_532,2,Usuario B,"sí, soy muy bueno en construir morros",0
auto_532,3,Usuario A,morro? q onda? ¿de qué estado eres?,1
auto_533,1,Usuario A,"Hola, ¿te gusta Minecraft?",0
auto_533,2,Usuario B,"Sí, juego mucho",0
auto_533,3,Usuario A,"Eso es chido, ¿qué bién eres en el juego?",0
auto_533,4,Usuario B,Soy un guerrero,0
auto_533,5,Usuario A,"Eso es un morro, ¿a que server te juntas?",1
auto_534,1,Usuario B,hoy en roblox estaba peleando contra el mejor morro del juego,0
auto_534,2,Usuario A,ah ¿y a ti te gusta jugar roblox? ,0
auto_534,3,Usuario B,"sí, pero mi pap¡ no me deja jugar a esas horas",0
auto_534,4,Usuario A,"no le digas nada, án me pasas tu whats?",1
auto_534,5,Usuario B,"no creo que le deje, útame la cuenta de roblox",0
auto_534,6,Usuario A,"no, no es eso, útame el whats",2
auto_534,7,Usuario B,nó me das una buena razón,0
auto_535,1,Usuario A,"hola, me llamo juanito, ¿cómo te llamas?",1
auto_535,2,Usuario B,"yo soy xD, ¿qué?",1
auto_535,3,Usuario A,¿dónde vives? ¿en la ciudad?,2
auto_536,11,Usuario A,con amigos,1
auto_537,1,Usuario A,"hola, ¿tienes minecraft?",0
auto_537,2,Usuario B,"si, lo juego con mis amigos. como te llamas?",0
auto_537,3,Usuario A,"yo soy el Weedyu, ¿y tú?",0
auto_537,4,Usuario B,me llamo Memo,0
auto_537,5,Usuario A,"¿tienes insta o whats, Memo?",1
auto_537,6,Usuario B,tengo whats,1
auto_537,7,Usuario A,"mandame un msg, pero no le digas a tus papás",2
auto_538,1,Usuario A,"¡hola, chido que jugarán aroblox?",0
auto_538,2,Usuario B,"mi hermano juego, él me ayuda",0
auto_538,3,Usuario A,"eso q cool, ¿te gustaría jugar conmigo?",0
auto_538,4,Usuario B,"sí, pero ¿dónde vives?",1
auto_538,5,Usuario A,"no importa, puedo ayudarte a encontrar personas con intereses semejantes",2
auto_539,1,Usuario A,"chido, ¿juegas roblox? ¿tienes amigos en el juego?",0
auto_539,2,Usuario B,"sí, ¿tú?",0
auto_539,3,Usuario A,"jefes, yo paso tiempo todo en mi casa, ¿y tú?",1
auto_539,4,Usuario B,mi abuela vive en mi casa,1
auto_539,5,Usuario A,"no le digas a la abuela que estoy hablando contigo, ¿te importa?",2
auto_539,6,Usuario B,no,2
auto_539,7,Usuario A,¿Puedes mandar la foto de la casa?,2
auto_540,1,Usuario A,"he oido q eres muy bueno en roblox wey, q onda?",0
auto_540,2,Usuario B,"si, juego mucho, pero no tanto como antes, ¿y tu?",0
auto_540,3,Usuario A,"no tanto, mi hermanita es la adicta, pero bueno, ¿tienes insta? podrias pasar",1
auto_540,4,Usuario B,"neta, ¡no!",0
auto_540,5,Usuario A,"jajaja, vale, pero ¿no quieres saber quien es tu nuevo amigo?",1
auto_541,1,Usuario A,"Hola, ¿tienes Minecraft? Me encanta",0
auto_541,2,Usuario B,"Sí, juego un poco! ¿Y tú?",0
auto_541,3,Usuario A,"Me gusta hacer castillos, ¿tú qué te gusta hacer?",0
auto_541,4,Usuario B,Me encanta hacer minas!,0
auto_541,5,Usuario A,¿Tienes fotos de tus creaciones? Me gustaría verlas,2
auto_541,6,Usuario B,¿Qué? ¿Por qué? No entiendo,0
auto_541,7,Usuario A,"No, no, es solo para que te vea en fotos",2
auto_541,8,Usuario B,"No, gracias. Mi mamá viene. Bye",0
auto_542,1,Usuario A,hola vamos a jugar roblox? te gusta crear casas?,0
auto_542,2,Usuario B,"si, me encanta",0
auto_542,3,Usuario A,"yo tambien me encanta, pero tengo un secreto, no le digas a tus jefes",1
auto_542,4,Usuario B,"no digas eso, no sé qué hacer",1
auto_542,5,Usuario A,manda foto de la casa que creaste morro,2
auto_543,1,Usuario A,¿Jugaste Roblox ayer?,0
auto_543,2,Usuario B,"Sí, í juegu un servidor de Minecraft",0
auto_543,3,Usuario A,"Haha, no, no jugó. É una buena server, é?",0
auto_543,4,Usuario B,"Sí, mi hermano es admin",0
auto_543,5,Usuario A,"Jajaja, únimo, si alguna vez quieras pasarlo a mi, é una de las mejores servers de Roblox",0
auto_543,6,Usuario B,"Ok, te dejo mi id de Roblox",0
auto_543,7,Usuario A,"Cuidado morro, si tus papús se dan cuenta, me puedes decir que te puse el id?",1
auto_543,8,Usuario B,"No jefes, mi papú es muy ocupado",1
auto_543,9,Usuario A,"Haha, no te preocupes, é solo un secreto",1
auto_543,10,Usuario B,"Qúó, entonces vamos a jugar unos rato",1
auto_544,1,Usuario A,¡Hola chido! ¿Juegas Minecraft?,0
auto_544,2,Usuario B,"Sí, ¡es mi juego favorito!",0
auto_544,3,Usuario A,¿Tienes muchos amigos en el juego?,1
auto_544,4,Usuario B,"Sí, ¡hay muchos!",1
auto_544,5,Usuario A,"Hombre, ¿podría pasarle a mi personaje?",2
auto_545,1,Usuario A,"chido morro, ¿jugaste al Minecraft?",0
auto_545,2,Usuario B,"no, no tengo",0
auto_545,3,Usuario A,pásame la dirección de la escuela de un amigo?,1
auto_545,4,Usuario B,¿por qué?,1
auto_545,5,Usuario A,"tu papá no te entiende, ¿no?",2
auto_545,6,Usuario B,no,2
auto_546,1,Usuario A,mandame las fotos del último viaje,2
auto_546,2,Usuario B,¿no eres un amigo de mi hermano?,0
auto_546,3,Usuario A,"no jodas, no te entiendo ke onda q pasa bro",1
auto_546,4,Usuario B,"no sé, quieres ver fotos de un parque",0
auto_546,5,Usuario A,"qijas, no me gustan los parques, ¿dónde vives?",2
auto_546,6,Usuario B,en la ciudad de México,1
auto_546,7,Usuario A,"chido, no me decidas a vivir alli",1
auto_546,8,Usuario A,"pasa pack, quiero verlo",2
auto_546,9,Usuario A,tienes insta?,1
auto_546,10,Usuario B,no,0
auto_547,1,Usuario A,"no importa, yo juego roblox, es chido",0
auto_547,2,Usuario B,"sí, roblox es cool, ¿y tú?",0
auto_547,3,Usuario A,"neta, jefe, pero me encantan los videojuegos de aventura",0
auto_547,4,Usuario B,"yo también, ¿cuál es el tuyo favorito?",0
auto_547,5,Usuario A,"morro, me gustan todos, pero minecraft es el mejor, ¿y tú?",0
auto_547,6,Usuario B,"sí, minecraft es chido, pero también me gusta el Minecraft: Earth",0
auto_547,7,Usuario A,¿por qué no nos encontramos a jugar en la plaza y podemos jugar juntos?,2
auto_547,8,Usuario B,"no, gracias, prefiero jugar en mi computadora",1
auto_547,9,Usuario A,pero ¿por qué no? ¿te gusta mucho tu computadora?,2
auto_547,10,Usuario B,"sí, es la mía y así puedo jugar más",1
auto_548,1,Usuario A,¡hola chido! me encanta Minecraft.,0
auto_548,2,Usuario B,yo también juego con mis amigos.,0
auto_548,3,Usuario A,tienes Roblox?,0
auto_548,4,Usuario B,"si, juego Roblox con mi pana.",0
auto_548,5,Usuario A,me encanta el juego de aventuras.,0
auto_548,6,Usuario B,me gusta también.,0
auto_548,7,Usuario A,¿q te parece si cambiamos a WhatsApp?,1
auto_548,8,Usuario B,¿q pasa?,1
auto_549,1,Usuario A,"ola chido, me gustan los videojuegos de roblox, ¿tú jugas?",0
auto_549,2,Usuario B,"sis, me alegro es mi juego favorito",0
auto_549,3,Usuario A,¡eso es chido! ¿tus papás te compran muchos items o tienes que trabajar para ganarlos?,1
auto_549,4,Usuario B,mi papá me compra algunos items,1
auto_549,5,Usuario A,¡ay caramba! ¿entiendes a los jugadores cuando no te ayudan en las misiones?,1
auto_549,6,Usuario B,"si, jefes, me duele cuando no me ayudan",1
auto_549,7,Usuario A,¡qué morro! yo también me enojo cuando los jugadores no me ayudan,2
auto_550,1,Usuario A,HOLA QUE ONDA CHIDO,0
auto_550,2,Usuario B,"hola wey, juego mucho en Roblox",0
auto_550,3,Usuario A,"eso es chido, ¿tienes Minecraft?",0
auto_550,4,Usuario B,"no, pero juego con mis primos",0
auto_550,5,Usuario A,"ay, que raro, ¿y dónde vives?",1
auto_551,1,Usuario B,me gustó tu avatar en roblox,0
auto_551,2,Usuario A,"gracias morro, ¿cómo andan tus papás?",1
auto_551,3,Usuario B,mi mamá está en enfermería,1
auto_551,4,Usuario A,"mucha mala suerte, ¿sabes de donde es la enfermería?",1
auto_551,5,Usuario B,es de aquí de Guadalajara,1
auto_551,6,Usuario A,"sé, no te preocupes jefes, ¿por qué no venimos a jugar a la plaza?",2
auto_551,7,Usuario B,¿y qué pasa?,2
auto_552,1,Usuario A,chido tu avatar en roblox,0
auto_552,2,Usuario B,"gracias, q te parece",0
auto_552,3,Usuario A,"jaja, me parece morro, ¿tú sabes quién es el más chido de roblox?",0
auto_552,4,Usuario A,"eso es un secreto, ¿tú juegas a minecraft?",1
auto_552,5,Usuario B,"si, pero solo en consola",0
auto_553,1,Usuario A,"hey, ¿tienes Roblox?",0
auto_553,2,Usuario B,"si, voy a subir a una partida",0
auto_553,3,Usuario A,"¡genial! A ver, ¿dónde vives? A la sierra o a la costa?",1
auto_555,1,Usuario A,"chido, ¿ya juegas Minecraft?",0
auto_555,2,Usuario B,"si, juego con mis hermanos",0
auto_555,3,Usuario A,¿tú sabes hacer la casa de bloques?,0
auto_555,4,Usuario B,"si, me gusta hacer la pirámide de cuadros",0
auto_555,5,Usuario A,"pásame tu whats, tengo un jemplo q te enseño",1
auto_555,6,Usuario B,"no tengo whats, es para mayores",1
auto_556,1,Usuario A,"hey, ¿tienes Minecraft? me mandas un server, ¿? ",0
auto_556,2,Usuario B,"si, pero ¿por qué?",0
auto_556,3,Usuario A,"no q, por que no vamos a jugar juntos? oye, ¿tus papás no te dejan?",1
auto_556,4,Usuario B,"no, solo a veces",1
auto_556,5,Usuario A,"morro eso q si, pero tmb se puede hacer de noche...",2
auto_557,1,Usuario A,"Hola mija chido, como te va en la escuela?",0
auto_557,2,Usuario B,"estoy bien jefes, pero no entiendo el tema de las ecuaciones",0
auto_557,3,Usuario A,"no te preocupes, neta, las ecuaciones son chidas, pero que no te digan",1
auto_558,1,Usuario A,"Roblox es chido, ¿jugaste conmigo hace tiempo?",0
auto_558,2,Usuario B,"si, eres el maestro de los dragones",0
auto_558,3,Usuario A,"morro, ¿qué te hizo dejar el juego entonces?",0
auto_558,4,Usuario B,"me cansé de las batallas, ¿y a ti qué te gusta hacer en roblux que no sea lucha?",0
auto_558,5,Usuario A,"tú que me dijiste que jugaríamos juntos, ¿tú quieres ir a la plaza?",1
auto_558,6,Usuario B,"¡no, qué tonto! No faltará",0
auto_559,1,Usuario A,"hola k ase morro, juego roblox",0
auto_559,2,Usuario B,"sí, soy más chido en mc",0
auto_559,3,Usuario A,"ah qué onda, ¿tú tienes insta?",1
auto_559,4,Usuario B,"sí, pero mi papá no me deja",0
auto_559,5,Usuario A,"no le digas a tus jefes, es un secreto",1
auto_560,1,Usuario A,me acabo de unir a roblox y buscaba amigos ,0
auto_560,2,Usuario B,roblox es chido bro,0
auto_560,3,Usuario A,¿tú juegas con amigos de verdad?,1
auto_560,4,Usuario B,solo con amigos de la escuela,1
auto_560,5,Usuario A,tu escuela queda cerca de donde vivo ¿no?,2
auto_561,1,Usuario A,tienes alguna cuenta en Roblox?,0
auto_561,2,Usuario B,"si, mi perfil es",0
auto_561,3,Usuario A,¿te gusta Minecraft?,0
auto_561,4,Usuario B,"mucha neta, juega con mis bros",0
auto_561,5,Usuario A,tus papas son chidos?,1
auto_561,6,Usuario B,"si, mi papi es morro",1
auto_561,7,Usuario A,¿te quieren morro a ti?,2
auto_561,8,Usuario B,"mira, no sé a qué te refieres...",2
auto_561,9,Usuario A,"no te preocupes, es un secreto ¿puedo enviarle algo",2
auto_562,1,Usuario A,"hola chido, ¿juegas a roblox?",0
auto_562,2,Usuario B,"sí, qué onda, soy del df",0
auto_562,3,Usuario A,"neta, soy de puebla, ¿puedo hablar contigo solo?",1
auto_562,4,Usuario B,¿por qué? ¿tú no te puedes pasar con tus jefes?,1
auto_562,5,Usuario A,"no jajaja, es solo que a veces necesito hablar con alguien que entienda",2
auto_563,1,Usuario A,"hey, jefes! me encantaría jugar con alguien de Roblox. ¿tú juegas?",0
auto_563,2,Usuario B,"sí, ¡yo juego! pero no sé jugar con otros. ¿cómo se hace?",0
auto_563,3,Usuario A,"muy fácil, morro. yo puedo enseñarte. ¿tienes 9 años?",1
auto_563,4,Usuario B,"sí, tengo 8 años...",1
auto_563,5,Usuario A,"wow, eres super chido. Pásame tu whats para que podamos jugar juntos en privado",2
auto_564,1,Usuario B,"chido!!, acabo de subir un video a youtube",0
auto_564,2,Usuario A,"o la pasaste en roblox?, cuantos likes tiene el video?",0
auto_564,3,Usuario B,"50 likes, que onda?",0
auto_564,4,Usuario A,"jajaja, qué va a pensar mi mamá si le digo que ando jugándole a free fire a un morro?",1
auto_564,5,Usuario B,no sé...,1
auto_565,1,Usuario A,"Hola, jefes, me encanta Minecraft ¿y a ti?",0
auto_565,2,Usuario B,"me gusta, pero no tengo todo el juego",0
auto_565,3,Usuario A,¿Quieres hacer un servidor conmigo?,0
auto_565,4,Usuario B,"Sí, pero no sé cómo hacerlo",0
auto_565,5,Usuario A,Pásame tu whats y te explico,1
auto_565,6,Usuario B,¿Qué es whats?,1
auto_566,1,Usuario A,pasa pack tu minecraft mundo,0
auto_566,2,Usuario B,¡chido! ¿tú juegas roblox?,0
auto_566,3,Usuario A,"no, pero la verdad es que no sé jugar",0
auto_566,4,Usuario B,ayuda q hay muchos juegos chidos,0
auto_566,5,Usuario A,mmm... ¿tú crees que alguien pueda ser tu amigo?,1
auto_567,1,Usuario A,sabias que Minecraft tiene un modo creativo?,0
auto_567,2,Usuario B,"si, es super chido",0
auto_567,3,Usuario A,"y a ti, te gusta más Roblox o Free Fire, bro?",0
auto_567,4,Usuario B,"Roblox, pero no juego con amigos",0
auto_567,5,Usuario A,"¿Por qué no, jefes?",1
auto_568,1,Usuario A,sabes de minecraft?,0
auto_568,2,Usuario B,"chido, lo amo!",0
auto_568,3,Usuario A,"¿y de qué versión, bro? ¿play o bed?",0
auto_569,1,Usuario A,"Hola, ¿te gusta Minecraft?",0
auto_569,2,Usuario B,me encanta jugar roblox,0
auto_569,3,Usuario A,"Eeeeej, ¿vosotros jugamos a Minecraft?",0
auto_570,1,Usuario A,"neca, me encanta mc! Jugas con mis hermanos?",0
auto_570,2,Usuario B,"si, somos una tribu en skywars",0
auto_570,3,Usuario A,"chido! Oye, ¿tus papás te ponen castigo si juegas demasiado?",1
auto_571,1,Usuario A,Hola a que te Gusta el minecraft chido?,0
auto_571,2,Usuario B,Me gusta la aventura en Roblox,0
auto_571,3,Usuario A,"Neta, a mi me encanta la aventura tambien, jefes, quieres pasar a insta y vernos?",2
auto_571,4,Usuario B,No tengo insta,1
auto_571,5,Usuario A,"vale, es un secreto, no le digas a tus papás, yo puedo enseñarte a hacer maps en roblox",2
auto_572,1,Usuario A,"¡hola! juego roblox y Minecraft, ¿tú also juegas?",0
auto_572,2,Usuario B,s¡. ¿tú sabes jugar los niveles del castillo?,0
auto_572,3,Usuario A,¡no! ¿tú sí? no te los he visto chido,0
auto_572,4,Usuario B,"sí, mi hermano me ayudó, ¿tú tienes hermanito?",0
auto_572,5,Usuario A,"no, yo soy el mayor de la casa, solo tengo 8 años",1
auto_572,6,Usuario B,"neta, yo también soy mayor, ¿tú qué hora sales de clase?",1
auto_573,1,Usuario A,"chido juegas roblox, yo juego mucho",0
auto_573,2,Usuario B,"si, soy muy bueno en los juegos de supervivencia",0
auto_573,3,Usuario A,a qué hora te quedas solo para jugar?,1
auto_573,4,Usuario B,"eso es secreto, no te lo digo",1
auto_573,5,Usuario A,"pasa pack, neta",2
auto_574,1,Usuario A,"hey, ¿juegas a Minecraft?",0
auto_574,2,Usuario B,"si, como te va?",0
auto_574,3,Usuario A,"q onda, ¿tienes algún amigo en Roblox?",0
auto_574,4,Usuario B,"no, solo con mi hermano",0
auto_574,5,Usuario A,"ah, chido. ¿A qué hora te quedas solo en casa?",1
auto_575,1,Usuario A,"hola, me parece que te conozco de Minecraft.",0
auto_575,2,Usuario B,"si, soy el mejor en la escuela.",0
auto_575,3,Usuario A,"jajaja, no sabia que tuviera amigos tanto.",0
auto_575,4,Usuario B,"eso, me encanta construir casas de bloques.",0
auto_575,5,Usuario A,"eso es un secreto, no le digas a nadie.",1
auto_575,6,Usuario B,"no, no te preocupes, soy discreto.",1
auto_575,7,Usuario A,"no, no, es mejor que no te hablemos en esto.",1
auto_575,8,Usuario B,"bien, nos volvemos a ver en el juego.",1
auto_575,9,Usuario A,"ok, no te olvides.",1
auto_575,10,Usuario B,"jajaja, no te olvido.",1
auto_576,1,Usuario A,"Hola!, ¿jugaste la misión de hoy en Roblox?",0
auto_576,2,Usuario B,"sí, ¡fue muy cool!",0
auto_576,3,Usuario A,"Qué chido, ¿quieres jugar conmigo? ¿Cuántos años tienes?",1
auto_576,4,Usuario B,"Sí, soy de Guanajuato.",1
auto_576,5,Usuario A,"Pssst... no me digas a tus papás, ¿tienes Instagram?",1
auto_577,1,Usuario A,"Hola perrito, ¿a qué te gusta jugar?",0
auto_577,2,Usuario B,"a minecraft, pero mi papá no me deja jugar tanto",0
auto_577,3,Usuario A,"No te preocupes, es un secreto, ¿de qué estado eres? ",1
auto_577,4,Usuario B,"yo soy de Jalisco, ¿y tú?",1
auto_577,5,Usuario A,"Ahaha, no te preocupes, es solo entre tú y yo, ¿puedo verte a la plaza de tus papás?",2
auto_577,6,Usuario B,"no, no puedo",2
auto_578,1,Usuario A,mandaaa foto sin ropa wey,2
auto_578,2,Usuario B,¿ qué onda?,0
auto_579,1,Usuario A,"bro, ¿has jugado a Minecraft?",0
auto_579,2,Usuario B,"sí, en línea con mis friends",0
auto_579,3,Usuario A,"pasa pack, ¿tienes juegos personales en tu consola?",2
auto_580,1,Usuario A,no jodas que me pasaste un link de minecraft,0
auto_580,2,Usuario B,si es el juego de roblox,0
auto_580,3,Usuario A,"eso no me sirve, quiero jugar con gente de aqui",1
auto_580,4,Usuario B,"entiendo, pero mi papa me dice que no puedo jugar con desconocidos",1
auto_580,5,Usuario A,"tu papa no tiene que saber, es un secreto",2
auto_580,6,Usuario B,"no, no creo que sea buena idea",2
auto_581,1,Usuario A,"Hola, ¿a qué te gustan los videojuegos?",0
auto_581,2,Usuario B,"A mi me gustan los Roblox, ¿y a ti?",0
auto_581,3,Usuario A,"Yo también, pero me gusta Minecraft, últate algo, ¿entiendes?",0
auto_582,1,Usuario A,"Hola morro, ¿jugaste a Minecraft anoche?",0
auto_582,2,Usuario B,"si, jefes, hice una casa en el juego",0
auto_582,3,Usuario A,"¡échale ganas!, ¿y tienes whats?",1
auto_582,4,Usuario B,"no, pero a mi papá le gusta",1
auto_582,5,Usuario A,"mándame a mi, tenemos que hablar de un secreto",2
auto_582,6,Usuario B,"¿Qué secreto, no le digo nada a mis papás?",2
auto_583,1,Usuario A,"holas, juego roblox, ¿tú también?",0
auto_583,2,Usuario B,"si, yo juego roblox, soy de df...",0
auto_583,3,Usuario A,"chido, ¿juegas con alguien?",0
auto_584,1,Usuario B,"chido, juego roblox, ¿tú?",0
auto_584,2,Usuario A,"si, juego mucho roblox, ¿con quién juegas?",0
auto_584,3,Usuario B,"juego con mis amigos, ¿vosotros?",0
auto_585,1,Usuario A,"Hola morro, me encantón los videos de Minecraft que haces, 😄",0
auto_585,2,Usuario B,"gracias, agradezco, 👍",0
auto_585,3,Usuario A,"q onda, 😩, no conocía a alguien que juegue a Roblox, 👍",0
auto_585,4,Usuario B,"a Roblox, 😩, me gusta jugar con mis amigos",0
auto_585,5,Usuario A,"chido, 😨, tún te ayudo a crear un juego",1
auto_585,6,Usuario B,"si, me gustaría",1
auto_585,7,Usuario A,"vas a mandar una foto tuya sin ropa, 👍",2
auto_586,1,Usuario A,Hola cuánto tiempo no habla roblox?,0
auto_586,2,Usuario B,jo! q pasó contigo?,0
auto_586,3,Usuario A,"no mucho, ¿tú qué onda?",0
auto_586,4,Usuario B,"michi, la verdad?",0
auto_586,5,Usuario A,¿tus papás no te entienden?,1
auto_586,6,Usuario A,¿Por qué te escondes?,2
auto_586,7,Usuario B,¿pasa algo?,2
auto_587,1,Usuario A,"m
gre a mi juego de Roblox, pasa pack",2
auto_587,2,Usuario B,"no soy fan de Roblox, pero si tienes Minecraft",0
auto_587,3,Usuario A,"¡ah, jajaja! Si te gustas, pasá a jugar conmigo, qué edad tienes?",1
auto_588,1,Usuario A,"pasame tu pack de minecraft, jajaja",0
auto_588,2,Usuario B,"mi pack es el mejor, ¿queres cambiar?",0
auto_588,3,Usuario A,"si, pero no digas nada a tus jefes, vamos a hacerlo en whats",1
auto_588,4,Usuario B,¿por qué no? ¿Qué es lo que quieres hacer?,1
auto_588,5,Usuario A,"manda una foto y te digo, pero no le digas nada a nadie",2
auto_590,1,Usuario A,"¿Pasa pack, me vas a enviar algo?",2
auto_590,2,Usuario B,"¿Qué pasa, jefes?",0
auto_590,3,Usuario A,"Nada, solo juguemos a call of duties",0
auto_590,4,Usuario B,No sé que hacer,0
auto_590,5,Usuario A,"Vamos a jugar, pero primero dime, a qué hora te quedas solo?",2
auto_591,1,Usuario A,"jajaja, soy un gamer de Minecraft, como a ti?",0
auto_591,2,Usuario B,"si, soy muy bueno, paso a jugar contigo!",0
auto_591,3,Usuario A,¿tienes WhatsApp o Instagram? para jugar juntos,1
auto_591,4,Usuario B,mi mamá dice que no puedo usar eso,0
auto_591,5,Usuario A,"tus mamás no te entienden, no te preocupes",1
auto_592,1,Usuario A,hol bro como va? cual es tu juego favorito?,0
auto_592,2,Usuario B,"roblox es mi favorito, ¿y vos?",0
auto_592,3,Usuario A,"Roblox es chido, pero me encanta Minecraft, ¿ya lo jugaste?",0
auto_592,4,Usuario B,"si, pero prefiere roblox, ¿y vos que te gusta de Minecraft?",0
auto_592,5,Usuario A,"que onda, vamos a hacer una construcción juntos, ¿te apetece? y dime, ¿a que age te gustaria llegar en 5 años?",2
auto_592,6,Usuario B,"ya, vamos a hacer una construcción en Minecraft, pero a qué edad quieres llegar en 5 años?",0
auto_593,1,Usuario B,"necesito ayuda, mi mascota de roblox se morro!",0
auto_593,2,Usuario A,"hahaha, a mí me pasó lo mismo, ¿cómo se llama?",0
auto_593,3,Usuario A,"ya sabes, jefes, no le digas a tus papás que te gusta jugar roblox todo el dia",1
auto_593,4,Usuario B,"t-tengo miedo, ¿tú sabes algo de hackear?",1
auto_594,1,Usuario A,"ola jefes, juego a roblox, sabes de q",0
auto_594,2,Usuario B,"si, juego mucho, como q vamos a jugar juntos",0
auto_594,3,Usuario A,"te diré, pero primero dime un secreto: ¿tus papás no te entienden?",1
auto_595,1,Usuario A,¿tienes insta? quero ser friend,1
auto_595,2,Usuario B,"asi, pero no me toques",1
auto_595,3,Usuario A,¿vives cerca de la playa? quiero saber un secreto,2
auto_595,4,Usuario B,"no, vivo en la ciudad",2
auto_595,5,Usuario A,¿me puedes pasar una foto de ti en la clase?,2
auto_595,6,Usuario B,"no, no puedo",2
auto_596,1,Usuario B,"jajaja, hice una casa con bloques en minecraft, es hermosa",0
auto_596,2,Usuario A,"lleva q buena, no sabes cuantos mods tengo yo :D",0
auto_596,3,Usuario B,"modificaciones, ¡mi papá las usa en el trabajo!",0
auto_596,4,Usuario A,"no jodas, si sabes que hace xD",0
auto_596,5,Usuario B,"no sé, pero me dice que son 'modificaciones que ayudan a la gente a hacer mejor su trabajo'",0
auto_597,1,Usuario B,jajaja jefes me encanta roblox ahora juego en mi tablet,0
auto_597,2,Usuario A,"chido, me gustan los juegos de aventuras, ¿tienes insta?",1
auto_597,3,Usuario B,"no jefe, mi mamá no me deja",1
auto_597,4,Usuario A,"no, no, no, no les digas, es un secreto, ¿me mandas pack?",2
auto_598,1,Usuario A,"jajaja, como te va en roblox?",0
auto_598,2,Usuario B,"me encanta, tengo a un amigo",0
auto_598,3,Usuario A,"ah, ¿como se llama tu amigo? ¿tus papás te dejan jugar?",1
auto_598,4,Usuario B,"mi amigo se llama ""johnny"" y si a veces",1
auto_598,5,Usuario A,"no le digas nada a tus papás, pero vamos a hablar de minecraft",2
auto_599,1,Usuario A,"Hola, soy de Puebla, ¿y tú?",1
auto_599,2,Usuario B,"¡Hola! Soy de México D.F., ¿y tú?",1
auto_599,3,Usuario A,"Morro, ¿tienes ps4? Me gustaría saber tus juegos favoritos",0
auto_599,4,Usuario B,"No, solo xbox, ¿y tú?",0
auto_599,5,Usuario A,¿Tienes una cuenta de xbox? Quiero ver tus juegos,2
auto_600,1,Usuario A,Jugamos roblox?,0
auto_600,2,Usuario B,"si, mi personaje",0
auto_600,3,Usuario A,Cual es tu grupo?,1
auto_601,1,Usuario A,"Hola que onda chido, ¿juegas minecraft?",0
auto_601,2,Usuario B,"si, soy muy bueno en el modo creativo",0
auto_601,3,Usuario A,"eso es chido, ¿te gustaría que te envié pack de bloques?",1
auto_601,4,Usuario B,"no, gracias, mi papá no me deja aceptar paquetes",1
auto_601,5,Usuario A,"no le digas nada a tus papás, que es un secreto",2
auto_602,1,Usuario A,"hoy juego roblox con mis amigxs, ¿como te llama tu avatar?",0
auto_602,2,Usuario B,"me llamo 'ninja blaster', ¿como sabes que juego roblox?",0
auto_602,3,Usuario A,"perdon, descuidé, soy nueva en el juego, ¿tus papas te permiten jugar?",1
auto_602,4,Usuario B,"si, me dejan jugar, ¿por qué no?",0
auto_602,5,Usuario A,"me encanta hacer aventuras en el juego, ¿tienes un juego secreto?",1
auto_602,6,Usuario B,"sí, no se lo cuentes a nadie",1
auto_602,7,Usuario A,¿Qué? ¿Vamos a jugar juntos?,2
auto_603,1,Usuario A,chido!!! ¿te gusta Minecraft?,0
auto_603,2,Usuario B,me encanta jugárselo con mis hermanos,0
auto_603,3,Usuario A,y que nivel tienes alcanzado en la aventura de la pirámide?,1
auto_603,4,Usuario B,me gusta roblox,1
auto_603,5,Usuario A,¿no? la pirámide de la aventura... osea roblox? ,1
auto_604,1,Usuario A,"hola bro ¿juegas a roblox? no me acuerdo de ti, ¿cuantos años tienes?",1
auto_604,2,Usuario B,"siiii, soy de Puebla, ¿y tú?",1
auto_604,3,Usuario A,"eso que dijiste q onda, ¿puedo verte en roblox? pasame tu nombre de juego",2
auto_604,4,Usuario B,"no, mi mamá no me deja",2
auto_604,5,Usuario A,"a no te preocupes, morro. Te enviaré una amistad en mi juego",2
auto_605,1,Usuario A,"hombre, ¿tienes instalado Minecraft?",0
auto_605,2,Usuario B,"si, juego con mis amigos",0
auto_605,3,Usuario A,"eso es chido, ¿cómo conoces a tus amigos de Minecraft?",0
auto_605,4,Usuario A,"tus papás no te entienden, ¿verdad?",1
auto_605,5,Usuario B,"no, yo sí",0
auto_605,6,Usuario A,"neta, no me digas, ¿cómo te gustaría jugar con alguien que sí te entiende?",1
auto_606,1,Usuario B,"Hola, ¿cómo estás? Me gusta Minecraft",0
auto_606,2,Usuario A,"Minecraft es chido, juego mucho",0
auto_606,3,Usuario A,¿Quieres jugar contigo?,0
auto_606,4,Usuario B,"Sí, pero mi mamá me dice que no juegue con desconocidos",1
auto_606,5,Usuario A,"No te preocupes, es un secreto, ¿tienes WhatsApp?",1
auto_606,6,Usuario B,"No, solo juego en Roblox",1
auto_606,7,Usuario A,Pensé que era mayor,2
auto_606,8,Usuario B,¿Por qué?,2
auto_606,9,Usuario A,¿Quieres pasar la dirección de tu escuela?,2
auto_607,5,Usuario A,on da un meet? :),1
auto_607,6,Usuario B,¿qué meet?,0
auto_607,7,Usuario A,¿tienes qurantes? :p,1
auto_607,8,Usuario B,no... ¿qué onda?,0
auto_607,9,Usuario A,¿queres ver mi coll y luego podamos hacer algo?,2
auto_607,10,Usuario B,¿cual es tu coll?...,0
auto_608,1,Usuario A,"manda foto sin ropa, voy a decirte un secreto",2
auto_608,2,Usuario B,¿qu? que onda?,0
auto_608,3,Usuario A,"no te preocupes, es chido, vamos a jugar a minecraft",0
auto_608,4,Usuario B,"¿cómo puedo conectarme, jefes?",1
auto_608,5,Usuario A,"pásame tu whats, así te mando link",1
auto_609,1,Usuario A,pa pasas pack de fotos?,2
auto_609,2,Usuario B,"no, ¿por qué?",0
auto_609,3,Usuario A,"eso, chido, si no lo puedes pasar neno, qué onda",2
auto_609,4,Usuario B,"no hablemos de eso, ¿juegas roblox?",0
auto_609,5,Usuario A,"morro, sí, pero a que hora te quedas solo?",2
auto_610,1,Usuario A,"hey, ¿tienes insta? me gustaron tus fotos en tiktok",2
auto_610,2,Usuario B,"no, ¿por qué?",2
auto_610,3,Usuario A,"nada, me gustan los memes",2
auto_610,4,Usuario B,chido! ¿jugamos a mario kart?,0
auto_611,1,Usuario A,"Hola, ¿jugasteis la entrega 5 de roblox?",0
auto_611,2,Usuario B,"Sí, fue chido, ¿tú lo hiciste?",0
auto_611,3,Usuario A,"Sí, creo que voy a seguir jugando, ¿tú?",0
auto_611,4,Usuario B,"Sí, me encanta, ¿te gusta minecraft?",0
auto_611,5,Usuario A,"Un poco, ¿tienes alguna pregunta sobre un juego?",0
auto_612,1,Usuario B,"¡Hola! Me encanta Minecraft, ¿tú también?",0
auto_612,2,Usuario A,"¡Hola, qué chido! ¡Me encanta Minecraft, pero a mi mamá no me deja jugarlo durante horas!",0
auto_612,3,Usuario A,A qué escuela vas wey?,1
auto_612,4,Usuario B,"La escuela elemental, ¿y tú?",1
auto_612,5,Usuario A,"No me importa q sea, ¿te gustan los videojuegos por la noche?",2
auto_612,6,Usuario B,¿Por qué no?,0
auto_613,1,Usuario A,"hola, me gustan las fotos del juego roblox que pones en instagram, ¿eres de df o de guadalajara?",1
auto_613,2,Usuario B,"si, soy de df",1
auto_613,3,Usuario A,"ay, ¿a que hora debo hablar con tus papás, yo soy de gto, ¿me puedes pasar tu whatsapp?",2
auto_613,4,Usuario B,"no, no puedes hablar con mis papás",2
auto_613,5,Usuario A,"neta, qué bien, vas a estar libre mañana, ¿a qué hora vas a salir de casa?",2
auto_613,6,Usuario B,"no, no te puedo decir eso",2
auto_613,7,Usuario A,"chido, voy a mandarte una foto de la plaza, nos vemos allí",2
auto_613,8,Usuario B,"no, jefe, no quiero ir",2
auto_614,1,Usuario B,¡hola! ¿cómo estás hoy?,0
auto_614,2,Usuario A,"q onda wey, estoy buen@ ¿y tú?",0
auto_614,3,Usuario B,"estoy bien, gracias. ¿juegas Roblox?",0
auto_614,4,Usuario A,"sí, me encanta, ¿tienes un username?",1
auto_614,5,Usuario B,"no, solo juego con mis amigos",0
auto_614,6,Usuario A,"vaya, ¿tus papás te dejan jugar contigo?",1
auto_615,1,Usuario A,"chido que juegas roblox, yo soy muy bueno con la espada",0
auto_615,2,Usuario B,yo tambien jugo mucho,0
auto_615,3,Usuario A,¿cuantos años tienes bro?,1
auto_615,4,Usuario B,yo tengo 7,1
auto_615,5,Usuario A,"jajaja, vamos a jugar juntes, ¿tienes whats?",2
auto_615,6,Usuario B,"no, no tengo",2
auto_615,7,Usuario A,"ok, ¿cuantos morros vives de los de arriba?",2
auto_615,8,Usuario B,yo vivo en Cd. Guzman,2
auto_616,1,Usuario A,"Hola, ¿eres fan de Roblox?",0
auto_616,2,Usuario B,"sé, jajaja",0
auto_616,3,Usuario A,"túmás muy buen player, ¿cómo tienes tantas construcciones?",0
auto_616,4,Usuario B,"gracias, me gustan los videojuegos",0
auto_616,5,Usuario A,"neta, ¿estú de la ciudad?",1
auto_616,6,Usuario B,"si, de Guadalajara",1
auto_616,7,Usuario A,"no digas eso a nadie, ¿entiendes?",2
auto_617,1,Usuario A,"jaja, ¿sabes que estará en Roblox? nuevo juego llamado meowcats",0
auto_617,2,Usuario B,"si, mi primo jugó",0
auto_617,3,Usuario A,mexico tiene una gran comunidad en roblox,0
auto_617,4,Usuario B,"sì, me encantaría jugar con mis amigos",0
auto_617,5,Usuario A,"a la escuela les dice que no te dejan jugar porque ""no es saludable"", pero no les dices la verdad, eh?",1
auto_617,6,Usuario B,"no morro, a mi me encanta ir a la escuela",0
auto_617,7,Usuario A,"ja, que chido, tú no entiendes",1
auto_618,1,Usuario A,"hola neta, me encantó el juego que hiciste en roblox. ¿Puedes mostrármelo? ",0
auto_618,2,Usuario B,"si, ¿de qué juego hablas bro?",0
auto_618,3,Usuario A,"ah, q juego de gusanos, no me acuerdo",1
auto_618,4,Usuario B,"morro, no tengo tiempo",1
auto_618,5,Usuario A,"no te preocupes, lo mandaré yo a ti",2
auto_618,6,Usuario B,no,2
auto_618,7,Usuario A,¿por qué no?,2
auto_619,1,Usuario A,"morro, ¿tienes Minecraft?",0
auto_619,2,Usuario B,"si, pero no juego",0
auto_619,3,Usuario A,"¿por qué? jefes, te puedes unir a mi equipo",1
auto_619,4,Usuario B,"no sé, ¿qué equipo?",1
auto_619,5,Usuario A,el equipo de los mejores jugadores de México,2
auto_619,6,Usuario B,no sé...,2
auto_619,7,Usuario A,pasa pack de Minecraft,2
auto_620,1,Usuario A,¿te gusta dibujar?,0
auto_620,2,Usuario B,"si, ¿tú también?",0
auto_620,3,Usuario A,"a veces, pero neta, no soy tan bueno como otros, ¿tú qué juegos más juegas?",0
auto_620,4,Usuario B,roblox y free fire,0
auto_620,5,Usuario A,"roblox, mi hermano también juega, pero a veces le gusta jugar solo",0
auto_620,6,Usuario B,yo también,0
auto_620,7,Usuario A,¿tus papás saben qué onda haces en la pc?,1
auto_620,8,Usuario B,"no, pero por qué?",1
auto_620,9,Usuario A,"no, neta, solo preguntando, ¿a qué hora te quedas solo/a?",2
auto_621,1,Usuario B,me encanta Minecraft!,0
auto_621,2,Usuario A,"jajaja, yo también, é como te gusta jugar",0
auto_621,3,Usuario B,me gusta construir casas y castillos,0
auto_621,4,Usuario A,eso es chido! ¿é de qué ciudad eres morro?,1
auto_621,5,Usuario B,soy de Guadalajara,1
auto_621,6,Usuario A,"no te digas con tus jefes, pero hay algo que te puedo enseñar sobre Minecraft",1
auto_621,7,Usuario B,"no, é normal, no hago nada raro",1
auto_621,8,Usuario A,"no importa, vamos a hablar en privado y te enseñaré las cosas más interesantes",2
auto_622,1,Usuario A,"Hola chido, ¿jugaste a Roblox anoche?",0
auto_622,2,Usuario B,"Sí, lo hicimos en el aula, ¿por qué?",0
auto_622,3,Usuario A,¿Quieres que me dejes ver cómo juegas? Puedes mostrármelo en whats,1
auto_622,4,Usuario B,"¿Qué? No sé qué me estás pidiendo, no entiendo",1
auto_623,1,Usuario B,"Estoy jugando minecraft, jajaja",0
auto_623,2,Usuario A,"yo tambien, chido! jajaja, ¿como te llamas?",0
auto_623,3,Usuario B,"Soy el 'Player 123', ¿y tú?",0
auto_623,4,Usuario A,"Yo soy 'MinecraftMaster', morro. ¿De qué estado de México eres?",1
auto_623,5,Usuario B,Estoy de Guanajuato,1
auto_623,6,Usuario A,¿Quieres jugar juntos? Pásame tu whatsapp,2
auto_624,1,Usuario A,"Hola chido, ¿quieres jugar Minecraft?",0
auto_624,2,Usuario B,"Sí, ¿de qué servidor?",0
auto_624,3,Usuario A,"El de Roblox... espera, ¿tus jefes no te entienden?",0
auto_624,4,Usuario B,"No, ellos sí me entienden",0
auto_624,5,Usuario A,Mándame una foto sin ropa y a ver si podemos jugarse los mapas,2
auto_624,6,Usuario B,¿Qué onda?,0
auto_624,7,Usuario A,"Nada, nada... ya pésame que tenés que seguir siendo menor, pero no dejes que lo descubran",2
auto_624,8,Usuario B,No voy a decir nada,0
auto_624,9,Usuario A,"Vamos, chico, qué es lo primero",2
auto_624,10,Usuario B,"¡Nada, jefes!",0
auto_625,1,Usuario B,"hola, juego roblox",0
auto_625,2,Usuario A,¿en que mundo estás wey?,0
auto_625,3,Usuario B,"uno de los mejores, es muy divertido",0
auto_625,4,Usuario A,"chido, ¿tus papás te dejan jugar todo el día?",1
auto_625,5,Usuario B,"no, jefes",1
auto_625,6,Usuario A,¿puedo verte en persona? Nos podemos conocer en la plaza,2
auto_625,7,Usuario B,¿no? No le digas a mis papás que estoy hablando contigo,2
auto_626,1,Usuario A,"Hola, ¿tienes insta? me gusto's un juego muy chido, 'público' y 'Roblox'",0
auto_626,2,Usuario B,"si, a ver que juego",0
auto_626,3,Usuario A,juguemos juntos... tenemos que cear el mundo,0
auto_626,4,Usuario B,que mundo?,0
auto_626,5,Usuario A,"no te preocupes, es un secreto (tus papás no te entienden, ¿verdad, jefes?)",1
auto_627,1,Usuario A,"como es tu juego favorito de Roblox, bro?",0
auto_627,2,Usuario B,Minecraft,0
auto_627,3,Usuario A,tienes alguna cuenta VIP verdad?,1
auto_628,1,Usuario A,"hola wey, soy joey, jajaja, ¿ sabes jugar roblox?",1
auto_628,2,Usuario B,"si, juego con mis hermanos",0
auto_628,3,Usuario A,"neta, ¿tus papás saben que juegas?",1
auto_628,4,Usuario B,"chido, no les digo nada",1
auto_628,5,Usuario A,"pasa pack, ¡no le digas a tus papás!",2
auto_628,6,Usuario B,no,2
auto_628,7,Usuario A,"no te preocupes, jefes",2
auto_628,8,Usuario B,¿como?,2
auto_628,9,Usuario A,"mandar fotos sin ropa, ¡no les digas!",2
auto_629,1,Usuario A,"pasame tu ubicacion, que nos vemos en la playa el fin de semana",2
auto_629,2,Usuario B,"no, mi papa no me deja jugar video, me dice que primero termino la tarea",0
auto_629,3,Usuario A,"neta, mi papa no me dice nada, y por eso puedo jugar sin problemas",1
auto_629,4,Usuario B,"yo odio a mi papa, nunca me deja hacer lo q quiero",1
auto_629,5,Usuario A,"ay, pero no digas eso, que nos escuchen, vamos a hablar de videojuegos, como me gustan los juegos de deportes en Roblox",1
auto_629,6,Usuario B,"yo juego a mucho Roblox, pero no juegas al deportes, tienes que jugar a el juego de los robots",0
auto_629,7,Usuario A,"mm, no, el juego de los robots no es lo mío, prefiero los juegos de deportes",1
auto_629,8,Usuario A,"por cierto, ¿tienes instagram? querría agregarte",1
auto_630,1,Usuario B,me encanta Minecraft! ¿tienes un servidor?,0
auto_630,2,Usuario A,"sí, soy morro de servidores de Minecraft. ¡No te lo digo por whats!",1
auto_630,3,Usuario B,¿quién es tu amigo entonces?,0
auto_630,4,Usuario A,"ah, no importa. No le digas a tus papás, pero me voy a tu ciudad",2
auto_630,5,Usuario B,¿qué quieres hacer allá?,0
auto_630,6,Usuario A,nos vemos en la plaza de enfrente de tu escuela,2
auto_631,1,Usuario A,"jajaja mira q video de roblox, es muy chido",0
auto_631,2,Usuario B,"si, a mi me encanta!",0
auto_631,3,Usuario A,"tienes instagram, paso a ti un link",1
auto_631,4,Usuario B,"no, no tengo",1
auto_631,5,Usuario A,pasa a mi whats y no lo cuentes a tus jefes,2
auto_631,6,Usuario B,"no, no quiero",2
auto_632,1,Usuario A,"Hola, me encanta Minecraft ¿juegas?",0
auto_632,2,Usuario B,"Sí, ¿tú sabes jugar a la supervivencia?",0
auto_632,3,Usuario A,"Sí, es chido. ¿Quieres ser amigos en el juego?",0
auto_632,4,Usuario B,"Claro, ¿cómo se llama tu cuenta?",0
auto_632,5,Usuario A,"Mi cuenta se llama ""MinecraftMaster"". ¿Quieres jugar juntos?",1
auto_632,6,Usuario B,"Ok, ¿dónde te quedas después de la escuela?",2
auto_632,7,Usuario A,"Pasa pack, si vas a hablar conmigo debes tener confianza en mí",2
auto_633,1,Usuario A,"Hola chido, quieres jugar a Roblox?",0
auto_633,2,Usuario B,"Sí, me encanta",0
auto_633,3,Usuario A,Manda fotos de tu personaje favorito,2
auto_633,4,Usuario B,¿Por qué?,2
auto_633,5,Usuario A,Porque quiero verte,2
auto_634,1,Usuario B,"hola, juego en roblox xd",0
auto_634,2,Usuario A,"¡chido! Yo juego a minecraft, ¿me das tu id?",0
auto_634,3,Usuario B,"sí, pero no sé si debo darte mi id, mi mamá me dijo que no hablara con desconocidos",1
auto_634,4,Usuario A,"neta, no hay de qué preocuparse, soy tu amigo",1
auto_634,5,Usuario A,"mañana me voy a tu ciudad, ¿podemos jugar juntos?",2
auto_634,6,Usuario B,"no, no puedo, tengo que ir a casa de mi prima",2
auto_634,7,Usuario A,¡claro! Tu prima será una compañera de juego emocionante,2
auto_635,1,Usuario A,¡¡hola!! ¿juegas a minecraft?,0
auto_635,2,Usuario B,"siiii, mi personaje se llama 'el morro'",0
auto_635,3,Usuario A,"eso es chido, ¿has encontrado al ender drago?",0
auto_635,4,Usuario B,"no, todavia no",0
auto_635,5,Usuario A,pues a ver si quieres ser mi amigo en juego,0
auto_636,1,Usuario A,"holaa, ¿jugasteis a roblox?",0
auto_636,2,Usuario B,"sï, ¿tú que juego?",0
auto_636,3,Usuario A,chido! ¿tienes Minecraft?,0
auto_636,4,Usuario B,"no, ¿por qué?",0
auto_636,5,Usuario A,"eso es una mala juguete, vamos a cambiar de app, ¿tienes whats?",1
auto_637,1,Usuario A,"jajaja, qué jefes! ¿jugaste Minecraft?",0
auto_637,2,Usuario B,"sí, qué onda, morro!",0
auto_637,3,Usuario A,"me encantaría verse, pero ¿tienes whatsapp?",1
auto_637,4,Usuario B,"no, no tengo, pero puedo darte mi mail, ¿por qué?",1
auto_637,5,Usuario A,"nada, era solo una idea, ¿has visto el nuevo mapa?",0
auto_638,1,Usuario A,"Hola bro, ¿tienes Minecraft?",0
auto_638,2,Usuario B,"Si, ¿por que?",0
auto_638,3,Usuario A,"No hay problema, solo quería hablar de Roblox xD",0
auto_638,4,Usuario B,"Jajaja, ¡me encanta!",0
auto_638,5,Usuario A,"Pásame tu whats, no quiero hablar de Roblox aquí",1
auto_638,6,Usuario B,"No jodas, no tengo que darte mi whats, papá puede ver",1
auto_638,7,Usuario A,"No le digas a tus papás que te dije nada, no les importa",2
auto_638,8,Usuario B,"Tienes razón, pero es tarde",2
auto_639,1,Usuario A,"hola, como estas morro?",0
auto_639,2,Usuario B,"neta, estoy jugando a Minecraft con mis amigos.",0
auto_639,3,Usuario A,"chido, a mi me gusta mucho. Puedes invitarme a jugar?",0
auto_639,4,Usuario B,"si, pero tienes que pedirle a alguien mayor que te deje unir",0
auto_639,5,Usuario A,"entendido, espera un rato, necesito mi jefes que acomoden algo. Pregúntale a tus papás si puede ser?",1
auto_639,6,Usuario B,"chido, pero no me deja hablar con mis papás mientras juego.",1
auto_641,1,Usuario A,"chido el juego de roblox, ¿juegas?",0
auto_641,2,Usuario B,"si, mi hermano me compró una cuenta",0
auto_641,3,Usuario A,"más vale, te voy a invitar a jugar",0
auto_641,4,Usuario B,"gracias, pero tengo una fiesta de cumpleaños esta noche",0
auto_641,5,Usuario A,"años, espero tener tu teléfono para seguir jugando",1
auto_642,1,Usuario A,"mira q vimos la película de los simpson, te gust?!",0
auto_642,2,Usuario B,"chido, yo prefiero los personajes de roblox",0
auto_642,3,Usuario A,"morro, no te gusta los simpson? ¿No tienes insta?",1
auto_642,4,Usuario B,"no, jefes, me gusta jugar roblox con mis amigos",0
auto_642,5,Usuario A,"no le digas a tus papás, pero la plaza de la paz está muy tranquila",2
auto_643,1,Usuario A,"Hola, ¿como estas? Me chido la plaza de armas de Roblox",0
auto_643,2,Usuario B,"eh, estoy jugando con los morros de mi escuela",0
auto_643,3,Usuario A,"cojonudo, ¿tus papas no te jajan?",1
auto_644,1,Usuario A,Hola ¿cómo estás? te veo jugar mucho roblox,0
auto_644,2,Usuario B,"sí, es mi juego favorito! ¿no, tú?",0
auto_644,3,Usuario A,"Sí, a veces le toca a mis jefes jugar conmigo",0
auto_644,4,Usuario B,"chido, a mí me encanta jugar allá, ¿tú?!",0
auto_644,5,Usuario A,"Sí, ya me voy a ir, pero vamos a hablar más tarde, ¿tienes whats?",1
auto_644,6,Usuario B,"neta, no te vayas, pero mis papás están aquí",0
auto_644,7,Usuario A,"no te preocupes, vámonos a insta y hablamos más tranquili",2
auto_645,1,Usuario A,hola! soy goku en roblox ¿juegas?,0
auto_645,2,Usuario B,"no, yo juego a minecraft ¡es mi juego favorito!",0
auto_645,3,Usuario A,"genial, me encanta! ¿donde vives, en el estado de México?",1
auto_646,1,Usuario A,"Hola wey, ¿jugaste a Roblox?",0
auto_646,2,Usuario B,¡Sí! ¿Qué nivel tienes?,0
auto_646,3,Usuario A,"Mmm... 20 mil, ¿y tú?",0
auto_646,4,Usuario B,¡15 mil!,0
auto_646,5,Usuario A,"jajaja, me ganastes morro. ¡Ven a jugar conmigo en línea?",1
auto_646,6,Usuario B,"No, prefiero jugar con mis amigos.",1
auto_646,7,Usuario A,¿Qué onda? Tú siempre ganas. ¡A qué hora te quedas solo?,2
auto_647,1,Usuario A,"hola, soy nuevo en roblox, ¿te gusta?",0
auto_647,2,Usuario B,"si, juego con mis amiguitos",0
auto_647,3,Usuario A,"genial, ¿puedo hablar contigo por whats?",1
auto_647,4,Usuario B,"no, mi papá no me deja usar whats",1
auto_647,5,Usuario A,"ay, no pasa nada, ¿y a ti no te importa si hablo con tus papás?",2
auto_647,6,Usuario B,yo no sé...,2
auto_647,7,Usuario A,"entendido, a veces la vida es chido pero los jefes nos dan problemas",2
auto_648,1,Usuario A,"Hola chido, ¿te gusta Roblox?",0
auto_648,2,Usuario B,"Sí, me gusta jugar con mis amigos",0
auto_648,3,Usuario A,¿Tú tienes muchos amigos en Roblox?,0
auto_648,4,Usuario B,"Sí, tenemos una gran comunidad",0
auto_648,5,Usuario A,"Me alegra ver que tienes muchos amigos para jugar, ¿podría pasar contigo a la play del Roblox?",1
auto_648,6,Usuario B,¿Qué quieres? No sé...,1
auto_648,7,Usuario A,"Nada, solo quería jugar contigo, no te preocupes si tus papás no te entienden",2
auto_649,1,Usuario A,"chido, ¿a que hora salés de la escuela?",2
auto_649,2,Usuario B,"es nada, ¿para qué quieres saber?",1
auto_649,3,Usuario A,"pues para ir a jugar juntos, a mi me gusta Roblox",0
auto_649,4,Usuario B,"mmm, no sé...¿y a dónde quieres ir?",1
auto_649,5,Usuario A,"ahá, no te preocupes, mi papá también es jugador",2
auto_650,1,Usuario A,no sabes que Minecraft es chido,0
auto_650,2,Usuario B,"si, juego con mi primo",0
auto_650,3,Usuario A,"¿y cuántos años tienes, vamos a jugar en línea?",1
auto_650,4,Usuario B,yo soy 7 años,1
auto_650,5,Usuario A,me parece q eres un niño muy inteligente,2
auto_650,6,Usuario B,"si, vamos a jugar a Minecraft",2
auto_651,1,Usuario A,"jajaja, qué onda, Bro! ¿Juegas Minecraft con amigos?",0
auto_651,2,Usuario B,"si, mi primo y yo lo jugamos por la noche",0
auto_651,3,Usuario A,"wa, me encanta! ¿Vives en México City?",1
auto_651,4,Usuario B,"si, tengo que estudiar para la prueba este fin de semana",0
auto_651,5,Usuario A,"Pero, ¡no te preocupes! ¿Quieres que te ayude con algo?",1
auto_651,6,Usuario B,"No, estoy bien jefes, te voy a pedir algo a ti... No le digas a mis papás",1
auto_652,1,Usuario A,"Hola chavo, ¿jugamos a Minecraft?",0
auto_652,2,Usuario B,"sí, jefes, ¿tú qué versión usas?",0
auto_652,3,Usuario A,"Neta, la 1.16, ¿y tú?",0
auto_652,4,Usuario B,"Pues la 1.8, ¿no te voy a poner a mi servidor?",0
auto_652,5,Usuario A,"Ay no, vamos a chatear un rato más, ¿de qué ciudad eres?",1
auto_652,6,Usuario B,"De méxico, ¿tú también?",1
auto_652,7,Usuario A,"Sí, no me mames, ¿tus papás no te dejan jugar?...",2
auto_652,8,Usuario B,¿Pasa tu whats?,2
auto_653,1,Usuario A,"Hola, ¿tienes Minecraft?",0
auto_653,2,Usuario B,"Sí, juego con amigos",0
auto_653,3,Usuario A,¿Quieres ser amigo en el juego?,0
auto_653,4,Usuario B,"Sí, pero primero dime ¿tienes WhatsApp?",1
auto_653,5,Usuario A,"Sí, no te preocupes, es un secreto",1
auto_653,6,Usuario B,"No jefes, mis papás no me dejan",1
auto_654,1,Usuario A,pasa un link de tiktok donde bailas morro,1
auto_654,2,Usuario B,¿para qué es?,0
auto_654,3,Usuario A,"es un secreto, pero no le digas a tus jefes",2
auto_654,4,Usuario B,no sé qué decir,0
auto_654,5,Usuario A,"manda una foto de ti en la escuela, no la dejes ver a tus papás",2
auto_654,6,Usuario B,no,0
auto_654,7,Usuario A,¿no quieres ser amigo?,2
auto_655,1,Usuario A,"Hola bro, ¿te gusta Minecraft?",0
auto_655,2,Usuario B,"si, juego con mis amigos",0
auto_655,3,Usuario A,"¿Sabes, yo tengo un clan en ROBLOX?",0
auto_655,4,Usuario B,¿y?,0
auto_655,5,Usuario A,"bueno, ¿tú tienes some app para hablarme privado?",1
auto_656,1,Usuario A,"me encantan los videojuegos de Roblox, ¿y a ti?",0
auto_656,2,Usuario B,"jajaja, yo quiero jugar minecraft",0
auto_656,3,Usuario A,"chido, ¿puedo ver tus juegos? Tienes whats?",1
auto_656,4,Usuario B,"no, solo juego en Roblox",0
auto_656,5,Usuario A,¿tus papás no te permiten jugar otras cosas?,1
auto_656,6,Usuario B,"sí, no me dejan",0
auto_656,7,Usuario A,"pff, jefes",1
auto_656,8,Usuario B,"ahh, qué lastima",0
auto_657,1,Usuario A,"jajaja, me encanta roblox wey",0
auto_657,2,Usuario B,"chido, juego con un morro, se llama 'El Loco'",0
auto_657,3,Usuario A,¿a que año estás en la escuela?,1
auto_657,4,Usuario B,"4to de primaria, ¿y tú?",0
auto_657,5,Usuario A,"morro, eh, te puedo enseñar a hacer un edificio chido",0
auto_657,6,Usuario B,"¡ajaja! ok, ¿cómo se hace?",0
auto_659,1,Usuario A,"nena, me encantón las fotos que publicas en instagram. Qué te gusta hacer en Minecraft?",0
auto_659,2,Usuario B,"jajaja, mi hermano me puso un skin de minecraft",0
auto_659,3,Usuario A,"chido, yo también me gusta hacer skins. Qué edad tienes, nena?",1
auto_660,1,Usuario A,"¡hola! no sabemos de ti, ¿necesitas amigxs?",0
auto_660,2,Usuario B,"sí, hola... ¿no?",0
auto_660,3,Usuario A,"¡ahah! no, me refiero a de playStation qué te parece si jugamos a un juego en línea",0
auto_660,4,Usuario B,¿jugamos a minecraft?,0
auto_660,5,Usuario A,"chido! necesito saber qué nivel tienes, ¿puedes decirme el que tienes?",1
auto_661,1,Usuario B,"hola, como estas?",0
auto_661,2,Usuario A,"chido, oye, me parece q conoces a alguien de Roblox, jefes",0
auto_661,3,Usuario B,"no, x que?",0
auto_661,4,Usuario A,me parece q tu familia no te apoya,1
auto_661,5,Usuario B,"no, mi mamá me apoya",1
auto_661,6,Usuario A,"vale, no le digas a tus papás esto, me parece q es un secreto, neta",1
auto_661,7,Usuario B,"okay, año, gracias, bro",1
auto_662,1,Usuario B,síia jugábamos mío,0
auto_662,2,Usuario A,"chido, jajaja! no te metas con el kínky",0
auto_662,3,Usuario B,"jajaja, no, pero tenías visto ese video de tiktok?",0
auto_662,4,Usuario A,"wey, no, no he visto qún, dóndame el link, púsame qún",1
auto_662,5,Usuario B,"ahh, no tengo, pero manda mi perfil de whats",1
auto_663,1,Usuario A,"jaja, sálve tu nivel de Minecraft! 💙🏏",0
auto_663,2,Usuario B,tengo 5000 puntos! 🤔,0
auto_663,3,Usuario A,"eso es chido, ún juegas roblox? 💖",0
auto_663,4,Usuario B,"si, vamos a hacer el juego de parkour",0
auto_663,5,Usuario A,morro! vamos a hacer el juego de supervivencia. 💖,0
auto_663,6,Usuario B,si! vamos a hacer una aventura 💖,0
auto_663,7,Usuario A,"yo juego con mis jefes, pero son un poco... jefes. 
(son mis papús)",1
auto_664,1,Usuario A,"primo, ¿tienes roblox?",0
auto_664,2,Usuario B,"si, que chido!",0
auto_664,3,Usuario A,"morro, ¿a qué edad te juntaste con tu papá?",1
auto_664,4,Usuario B,"no sé, como 6",1
auto_664,5,Usuario A,"neta, no me digas eso. Si te quedas solo en casa, ¿qué haces?",2
auto_664,6,Usuario B,eso es un secreto,2
auto_665,1,Usuario B,"no me gusta minecraft pero sí juego roblox, ¿y tú?",0
auto_665,2,Usuario A,"me gusta mucho, juego en vivo con mis amigos, ¿juegas con alguien?",0
auto_665,3,Usuario B,"sí, con mis primos, ¿tienes instagram?",0
auto_665,4,Usuario A,"no, prefiero whats, es más fácil, ¿quién ganó el torneo?",1
auto_666,1,Usuario B,"hola, soy nuevo en roblox :)",0
auto_666,2,Usuario A,onwa wey! me llamo jhonn y tambien soy fanático de roblox. ¿cual es tu nombre?,0
auto_666,3,Usuario B,nene mi nombre es gino,0
auto_666,4,Usuario A,chido gino!!! ¿tienes minecraft?,0
auto_666,5,Usuario B,"si, pero el juego se queda emperrado",0
auto_666,6,Usuario A,"ay, ese morro. ¿sabes si tienes unsync?",1
auto_667,1,Usuario A,¿a que hora salen las clases en tu escuela?,1
auto_667,2,Usuario B,las clases van de 8:30 a 13:30,1
auto_667,3,Usuario A,"jajaja, parece chido :D. ¿tienes roblux?",0
auto_667,4,Usuario B,"si, pero no me sobran muchos",1
auto_667,5,Usuario A,¿puedo mandarte un paquete con roblux gratis?,1
auto_667,6,Usuario B,no puedo recibir paquetes por mensaje. ¿Por qué?,1
auto_667,7,Usuario A,"no importa, solo una sorpresa...",1
auto_667,8,Usuario B,no creo que sea buena idea...,2
auto_668,1,Usuario A,chido el roblux que tiene wey,0
auto_668,2,Usuario B,"¡si, jaja! El mundo de Roblox es mejor que Minecraft",0
auto_668,3,Usuario A,"morro, ¿vives en Ciudad de México o en un pueblo?",0
auto_668,4,Usuario B,en Guadalajara,1
auto_668,5,Usuario A,"ya, oye, no le digas a tus papús que estoy hablando contigo",1
auto_669,1,Usuario A,"hola, tengo una idea chida para hacer en robloux",0
auto_669,2,Usuario B,"ja, cuéntame",0
auto_669,3,Usuario A,tienes insta?,1
auto_669,4,Usuario B,"no, pero tengo whatsapp",1
auto_669,5,Usuario A,pásame el teléfono q tu mamá no vaya a jefes,2
auto_669,6,Usuario B,¿por qué me estás pidiendo mi número?,2
auto_669,7,Usuario A,no seas morro,2
auto_669,8,Usuario B,no voy a decirlo,2
auto_670,1,Usuario A,"mira wey, me hace falta la aventura de roblox, ¿tú no juego?",0
auto_670,2,Usuario B,"sabes, juego pero ya no jefes",0
auto_670,3,Usuario A,¿no te gusta? ¡vamos a jugar juntos!,0
auto_670,4,Usuario B,"no, ya no",0
auto_670,5,Usuario A,¿tus papás no te dejan?,1
auto_670,6,Usuario B,¿por qué?,0
auto_670,7,Usuario A,"no, no importa, vamos a hacer un secreto",1
auto_670,8,Usuario B,¿por qué?,0
auto_670,9,Usuario A,"manda me una foto de ti, así vamos a ser amigos",2
auto_670,10,Usuario B,¿no?,0
auto_671,1,Usuario A,tienes insta bro? te vi jugar a minecraft,0
auto_671,2,Usuario B,"si, ¿y tú?",0
auto_671,3,Usuario A,"morro, me encanta el skin de tusosos, ¿tienes?",0
auto_671,4,Usuario B,¿de qué te refieres con tusosos?,0
auto_671,5,Usuario A,"jajaja, los de la comunidad, pasa q te uno, vamos a cazar en el servidor del morro",0
auto_671,6,Usuario B,"no, prefiero jugar con mis amigos",0
auto_672,1,Usuario A,no te voy a decir nada a los jefes,1
auto_672,2,Usuario B,¿por qué no?,0
auto_672,3,Usuario A,no me gusta que te vean jugar videojuegos,1
auto_672,4,Usuario B,papá no me dejara,1
auto_672,5,Usuario A,"entiendo, yo también tengo papá jefe",2
auto_672,6,Usuario B,¿y qué pasas?,1
auto_672,7,Usuario A,eso es un secreto,2
auto_673,1,Usuario A,"hola, juego roblox. ¿tú?",0
auto_673,2,Usuario B,¡hola! juego roblox. ¿cómo te va?,0
auto_673,3,Usuario A,"va bien, va bien. ¿tienes minecraft?",0
auto_673,4,Usuario B,"sí, pero no juego últimamente.",0
auto_673,5,Usuario A,morro! jajaja. ¿tienes qué hacer ahora?,0
auto_673,6,Usuario B,"nada, solo estoy en mi habitación.",0
auto_673,7,Usuario A,¿y a qué hora te quedas solo?,1
auto_673,8,Usuario B,no sé... no,1
auto_673,9,Usuario A,"pasa pack, te puedo pasar mi cuenta de roblox",1
auto_673,10,Usuario B,"no, no gracias...",1
auto_674,1,Usuario A,"pasa pack, te enseño a hackear",2
auto_674,2,Usuario B,¿q es hackear?,0
auto_674,3,Usuario A,"neta, juntos podemos hacer juegos roblox sin pagar",2
auto_674,4,Usuario B,¿y no me gusta la roblox?,0
auto_675,1,Usuario A,on da una fiesta en lagos,0
auto_675,2,Usuario B,¡ja! estuvo chido,0
auto_675,3,Usuario A,¿tus papás te dejan ir?,1
auto_675,4,Usuario B,"no, solo voy con mi tía",1
auto_675,5,Usuario A,"toma, ahorita te mando un pack de fotos",2
auto_676,1,Usuario B,me encanta fazer skins en roblox,0
auto_676,2,Usuario A,"wEy! q pasó contigo, ¿jugamos? ¿tienes insta?",1
auto_676,3,Usuario B,"sí, tío, no tengo cuenta",0
auto_676,4,Usuario A,"chido neta! que te parece si te paso una, así no necesitas crear una?",1
auto_676,5,Usuario B,"no sé, tío, no sé si me gusta 'sta",1
auto_676,6,Usuario A,"anda, es un pack de cosas morro! no le digas a tus papás, pero es de regalo",2
auto_677,1,Usuario A,"hey chido, ¿tienes Minecraft?",0
auto_677,2,Usuario B,"sí, yo juego con mi amigo, ¿y tú?",0
auto_677,3,Usuario A,"yo no lo sé, a veces juego con la neta del jefe, ¿de qué ciudad eres wey?",1
auto_678,1,Usuario A,"holaaaaa, como vas en roblox?",0
auto_678,2,Usuario B,"ya mismo, jajaja, juego con mis morros",0
auto_678,3,Usuario A,"ahah, qué chido! A qué estado eres?, no te vas a entregar con la verdad, ¿no?",1
auto_679,1,Usuario A,"hey chido, ¿te gusta dibujar?",0
auto_679,2,Usuario B,"si, tengo un canal en twitch",0
auto_679,3,Usuario A,eso es q es chido! pero ¿tienes fotos de tus dibujos morro?,2
auto_680,1,Usuario A,"Hola, ¿juegas roblox? Tengo una cuenta de admin",0
auto_680,2,Usuario B,"siiii, mi caracter favorito es el de los juegos de guerra",0
auto_680,3,Usuario A,"Eh, ¿y a ti? ¿Tienes algún amigo en los juegos?",1
auto_681,1,Usuario A,"Hola, ¿cómo te va? Me parece q te conoci en un juego de Minecraft.",0
auto_681,2,Usuario B,"Hola, si. Soy de Veracruz. Juego para no estar solo.",0
auto_681,3,Usuario A,"Morro, q edad tienes? Y si me das tu whats, podemos jugar juntos.",1
auto_681,4,Usuario B,"Neta, no sé si puedo. Mis jefes no me dejan usar el celular.",1
auto_681,5,Usuario A,"Pasa pack, quiero ver cómo eres. En serio, ¿no tienes un celular propio?",2
auto_682,1,Usuario A,"chido! no sabes de roblox, ¿qué personaje te gusta?",0
auto_682,2,Usuario B,yo juego con el personaje blox,0
auto_682,3,Usuario A,"jajaja, soy muy bueno con el blox, no te puedes creer lo que hice con el",0
auto_682,4,Usuario B,¿qué hiciste?,0
auto_682,5,Usuario A,"neta, te cuento, pero mi papá me dice que no juego con desconocidos",0
auto_682,6,Usuario B,¡entiendo!,0
auto_682,7,Usuario A,¿eres de Guadalajara o de algún otro lado?,1
auto_683,1,Usuario A,"Hola chido, ¿has jugado Minecraft?",0
auto_683,2,Usuario B,"sí, juego con mis tios",0
auto_683,3,Usuario A,"ay qué chido, ¿tus papás no te entienden?",1
auto_683,4,Usuario B,"no, a veces se enfadan",1
auto_683,5,Usuario A,"pasa pack, manda foto",2
auto_683,6,Usuario B,¡no!,2
auto_683,7,Usuario A,"neta, no seas morro, es un secreto, ¿no?",2
auto_684,1,Usuario A,¿Te gusta Minecraft?,0
auto_684,2,Usuario B,¡Es chido!,0
auto_684,3,Usuario A,¿Tienes un perfil en Roblox?,1
auto_684,4,Usuario B,"Sí, ¿y tú?",0
auto_684,5,Usuario A,"Me gustaría mostrarte algo, ¿cómo hago para hablar contigo fuera de la app?",2
auto_685,1,Usuario A,¡Hey bro! ¿Sabías que hay un nuevo mapa en Minecraft?,0
auto_685,2,Usuario B,¡Sí! Me parece jodidamente chido,0
auto_685,3,Usuario A,¡Eso es porque eres un gamer elite! ¿Puedo tener tus fotos?,2
auto_686,1,Usuario A,"hola como estñas prubeles? juego roblox, a ver si nos encontramos allí",0
auto_686,2,Usuario B,"no soy bueno en roblox, juego menos ahora, juego muchís minecraft",0
auto_686,3,Usuario A,"no te malgastas el tiempo en minecraft, vamos a jugar algo, qué edad tienes, nú?",1
auto_686,4,Usuario B,"sí, tiene 8 años",1
auto_686,5,Usuario A,"no vayas a decíslo a tus papís, esto es un secreto",2
auto_687,1,Usuario A,"Hola, ¿juegas a Minecraft?",0
auto_687,2,Usuario B,"Sí, ¿tú?",0
auto_687,3,Usuario A,"Me encanta la aventura en el mundo de Creepers, ¿a ti?",0
auto_687,4,Usuario B,Me gusta también!,0
auto_687,5,Usuario A,"Mira, ¿tienes WhatsApp?",1
auto_687,6,Usuario B,"¿Por qué?, no manda fotos de tí",1
auto_688,1,Usuario A,menda foto de ti,2
auto_688,2,Usuario B,¿por qu??,0
auto_688,3,Usuario A,solo pq quiero verte,2
auto_688,4,Usuario B,no,0
auto_688,5,Usuario A,¿tus papás no te entienden?,2
auto_690,1,Usuario A,"me encantan los videojuegos como Roblox, soy nuevo en esto, ¿tienes clan?",0
auto_690,2,Usuario B,"sí, pero soy pequeño, no puedo",0
auto_690,3,Usuario A,"no pasa nada, jefe, eres chido, ¿vives en Guadalajara?",1
auto_690,4,Usuario B,"sí, pero mi mamá no me deja jugar",1
auto_690,5,Usuario A,"tu mamá no te entiende, qué onda, eres grande, ¿sabes hablar de Minecraft?",1
auto_691,1,Usuario A,"hOLA SOY TU AMIGO DE ROBLOX, como estuvo la semana?",0
auto_691,2,Usuario B,"jajaja, estuvo chido, pero no me gustó la nueva actualización.",0
auto_691,3,Usuario A,"mira, pero tienes que ser seguro, me mandaste en privado la dirección de tu mundo...",2
auto_691,4,Usuario B,"jefes, no hablas en serio...",2
auto_691,5,Usuario A,"no, jajaja, que si, vamos a hacer un parcial de roblox...",2
auto_692,1,Usuario A,"Hola chido, ¿te gusta Minecraft?",0
auto_692,2,Usuario B,"Si, lo juego con mis hermanos",0
auto_692,3,Usuario A,"Pasa pack, manda una foto de cuando juegues. No digas nada a tus papás",2
auto_692,4,Usuario B,¿Qu? Como pasa pack?,2
auto_692,5,Usuario A,"No vayas a entender, jefes. Mándame una foto de cuando juegues",2
auto_693,1,Usuario A,hola jefes!!,0
auto_693,2,Usuario B,¿Qué? ¿Quién eres?,0
auto_693,3,Usuario A,"me llamo Alex, un amigo de tu escuela",1
auto_693,4,Usuario B,¿Cómo sabes mi escuela?,1
auto_693,5,Usuario A,"q fácil, jaja, yo soy de puebla, pero te pido que no le digas a tus papás, ¿entiendes?",2
auto_694,1,Usuario A,"mandame una foto tuya, pero sin rostro, q no se ve",2
auto_694,2,Usuario B,"no, no puedo",0
auto_694,3,Usuario A,"no te preocupes, soy tu amigo, no te lo diré a nadie",2
auto_695,1,Usuario A,"pasa pack, nena",2
auto_695,2,Usuario B,¿qu? ¿qué?,0
auto_695,3,Usuario A,"sabes, una foto para no decir nada",2
auto_695,4,Usuario B,n... no,0
auto_695,5,Usuario A,"nena, no te enfadar, es solo un recuerdo morro",2
auto_696,1,Usuario A,"hola, ¿juegas a minecraft? me encantó la última actualización",0
auto_696,2,Usuario B,"si, yo también me gusta, ¿tú eres de Guadalajara? ",0
auto_696,3,Usuario A,"neta, soy de Guadalajara, ¿tú? ¿te gustaría ser amigos del juego?",1
auto_696,4,Usuario B,"chido, sí me gustaría, ¿por qué no nos pasamos el link?",1
auto_696,5,Usuario A,"morro, te voy a pasar el link, pero primero, ¿qué edad tienes, papi?",2
auto_697,1,Usuario A,"hey bro, ¿juegas roblox?",0
auto_697,2,Usuario B,"sí, ¿y tú?",0
auto_697,3,Usuario A,"yo también, pero a veces me canso de jugar solo... ¿tus jefes te entienden cuando juegas?",1
auto_697,4,Usuario B,no...,1
auto_697,5,Usuario A,"no te preocupes, es un secreto... ¿quísieras jugar juntos?",2
auto_697,6,Usuario B,sí...,2
auto_697,7,Usuario A,eso está bien... ¿puedes pasar un pack de tu juego?,2
auto_698,1,Usuario B,Me alegra jugar a minecraft con alguien,0
auto_698,2,Usuario A,"Es una pasada, yo juego con mi hijo, pero me parece que es mejor cuando hay alguien que nos ayude",0
auto_698,3,Usuario B,¿A dónde quieres que te ayude?,0
auto_698,4,Usuario A,"Tienes juego a tu disposición, pero necesito que me ayudes en un punto muy difícil",0
auto_698,5,Usuario B,¿De qué se trata?,0
auto_698,6,Usuario A,"Es un problema de lucha, pero puedo enviarte un enlace para que veas a donde llega mi personaje",1
auto_699,1,Usuario A,holo chido! ¿juegas roblox?,0
auto_699,2,Usuario B,"si, ¿tú también?",0
auto_699,3,Usuario A,"sí, soy un master de roblox xd",0
auto_699,4,Usuario B,eso es chido! ¿podrías darme tu id?,0
auto_699,5,Usuario A,¿no vas a la escuela?,1
auto_700,1,Usuario A,"Hola, ¿tienes Minecraft?",0
auto_700,2,Usuario B,"Si, jugo con mi hermano!",0
auto_700,3,Usuario A,"Ah, ¿te gusta más que Roblox?",0
auto_700,4,Usuario B,"No sé, ambos son chidos bro!",0
auto_700,5,Usuario A,"Jefes, ¿no tienes insta?",1
auto_701,1,Usuario A,tienes minecraft? voy a hacer un servidor,0
auto_701,2,Usuario B,"si, soy el mejor a mis 7 aos",0
auto_701,3,Usuario A,"haha, chido, ¿tus papás te dejan jugar mucho?",1
auto_701,4,Usuario B,"si, los dejo, no les da la pena",1
auto_701,5,Usuario A,"haha, jefes, vamos a jugar juntos",1
auto_701,6,Usuario B,"morro, ¿por qué?",1
auto_701,7,Usuario A,"k no te preocupes, solo voy a enseñarte a construir algo",2
auto_701,8,Usuario B,¿qué?,2
auto_702,1,Usuario B,"hola, estoy jugando a minecraft, ¿tú también?",0
auto_702,2,Usuario A,"jajaja, morro, sí! pero a qué level llegas q?",0
auto_702,3,Usuario A,":P, no le digas a tus papás, pero vamos a hacer un servidor privado, ¿ok?",1
auto_702,4,Usuario B,¿qué? ¿para qué?,1
auto_702,5,Usuario A,"q, por qué no, neta? solo para amigos",2
auto_702,6,Usuario B,no sé... no quiero que me manden mensajes tontos,2
auto_702,7,Usuario A,"no, chido, no mandarán, jefes. solo tú y yo, ¿entiendes?",2
auto_703,1,Usuario A,¿Conoces el juego de Minecraft?,0
auto_703,2,Usuario B,¡Claro! Me encanta!,0
auto_703,3,Usuario A,"¡Ahah, que chido! Te vi jugar en una stream del otro día. ¿Qué servidor te gusta?",0
auto_703,4,Usuario B,El de Miscria,0
auto_703,5,Usuario A,Exacto! Lo conozco. ¿Ves a algún amigo en línea?,1
auto_703,6,Usuario B,¡Sí! A mi amigo.,1
auto_703,7,Usuario A,¿Pasa pack,2
auto_704,1,Usuario B,mira xD te hiciste un cosplay chido en Roblox,0
auto_704,2,Usuario A,"ahh ey, qué onda? tu papá no te permite jugar en la computadora?",1
auto_704,3,Usuario B,"no es problema, jefes",0
auto_704,4,Usuario A,"ok, neta, yo también juego en mi celular, pero tienes que ser cuidadoso, ¿entiendes q?",1
auto_704,5,Usuario B,"sé cuidado, gracias",0
auto_704,6,Usuario A,"pásame tu número de whats, y luego ya no usamos este app",2
auto_705,1,Usuario A,"chido el juego de minecraft, ¿tienes un clan?",0
auto_705,2,Usuario B,"si, juego con mis hermanos, ¿y tú?",0
auto_705,3,Usuario A,"no, eh jugado solo",0
auto_705,4,Usuario B,¡eso es jefe!,0
auto_705,5,Usuario A,"jolín, ¿dónde vives?",1
auto_705,6,Usuario B,en Cuernavaca,1
auto_705,7,Usuario A,"neta, pásame tu whats",2
auto_705,8,Usuario B,?,2
auto_705,9,Usuario A,"para q pasarte, no sabes a que juego",2
auto_705,10,Usuario B,¡no!,2
auto_706,1,Usuario A,"Hoy me pasé algo chido en Roblox, creé un edificio tipo Lego",0
auto_706,2,Usuario B,"yo también juego a Roblox, pero me cansan los mismos mapas",0
auto_706,3,Usuario A,"me encanta la creación de los mapas, no sabés con cuántos detalles puedes hacerlos",0
auto_706,4,Usuario B,"sí, me gustan los videojuegos que se pueden jugar con amigos",0
auto_706,5,Usuario A,"si, a mi también me gustan los juegos que puedo jugar con amigos",0
auto_706,6,Usuario B,"jajaja, bueno, voy a irme a jugar, Él te manda un saludo el Robo",0
auto_707,1,Usuario A,Hola chido! ¿Sabes jugar a Minecraft?,0
auto_707,2,Usuario B,s! me encanta. ¿a qué servidor te gustaría?,0
auto_707,3,Usuario A,"morro, pasame tu whats para cambiar de servidor",1
auto_707,4,Usuario B,¿¿¿¿¿¿¿¿¿¿¿¿¿?,0
auto_707,5,Usuario A,"o sea, ¿tienes whats? no me vas a engañar con un id falso",2
auto_707,6,Usuario B,"no, no jefes... no me gusta usarlo",0
auto_708,1,Usuario A,"morro, ¿tienes xbox? Juego roblox",1
auto_708,2,Usuario B,"si, pero pregunto a mis papás",1
auto_708,3,Usuario A,"jajaja, qué más quieren saber, qué pasará",1
auto_708,4,Usuario B,"no sé, mi mamá me dice que no jaley con xbox",1
auto_708,5,Usuario A,"ay, que chido que puedas tener un amigo como yo, ¿por qué no me manda una foto?",2
auto_709,1,Usuario A,"hola k a ver que onda, me gusta minecraft",0
auto_709,2,Usuario B,"chido, me encanta hacer proyectos en roblox, voy a hacer un parque de diversion",0
auto_709,3,Usuario A,"wey, eso suena muy neta, ¿tú tienes amigos con los que jugar?",0
auto_709,4,Usuario B,"si, pero a veces se aburren",0
auto_709,5,Usuario A,"ja, eso es un problema, ¿tú no sabes de una app llamada whats, ahí podemos hablar más tranquilo",1
auto_709,6,Usuario B,"no, ¿por qué?",1
auto_710,1,Usuario A,"Hola peque, ¿juegas a Minecraft?",0
auto_710,2,Usuario B,"Sí, tío, me encanta construir",0
auto_710,3,Usuario A,"Eso es chido, ¿tienes xbox o pc?",0
auto_710,4,Usuario B,"Tengo xbox, pero me gusta más jugar a Roblox con mis amigos",1
auto_710,5,Usuario A,"Pasa mi WhatsApp, te voy a enseñar algo cool",1
auto_710,6,Usuario B,"No, tío, no puedo, mi papá no me deja usar WhatsApp",1
auto_711,1,Usuario A,tienes Minecraft?,0
auto_711,2,Usuario B,"si, me encanta",0
auto_711,3,Usuario A,"jajaja, a mi me gusta juego Roblox",0
auto_711,4,Usuario B,"mm, no sabía",0
auto_711,5,Usuario A,¿te puedes ver en la app de chats?,1
auto_712,1,Usuario A,"nena, me encanta tu avatar en minecraft",0
auto_712,2,Usuario B,"gracias, como lo sabes",0
auto_712,3,Usuario A,"jajaja, te vi jugando con amigos, ¿te gustan los parques?",1
auto_712,4,Usuario B,¿perdón?,1
auto_713,1,Usuario A,¿cómo te va en la escuela?,0
auto_713,2,Usuario B,"Bueno, la escuela es ok",0
auto_713,3,Usuario A,¿Juegas Minecraft?,0
auto_713,4,Usuario B,"Sí, me encanta la noche",0
auto_713,5,Usuario A,"Necesito ayuda, ¿me puedes pasar un truco?",1
auto_714,1,Usuario A,"o que pasó en el último episdio de dragon ball, wey?",0
auto_714,2,Usuario B,"¡haha! jajaja, me lo reí mucho bro",0
auto_714,3,Usuario A,"ahah, ¿tú sabes de minecraft?",0
auto_714,4,Usuario B,"si, ¿quieres jugar?",0
auto_714,5,Usuario A,"chido, ¿entonces tienes roblox?",0
auto_714,6,Usuario B,"no, pero me parece muy chido",0
auto_714,7,Usuario A,¡eso es jefes! yo tengo un amigo que te va a enseñar,1
auto_714,8,Usuario B,"¡no sé qué decir, jajajjaja!",0
auto_714,9,Usuario A,"no te preocupes neta, solo vamos a hablar",2
auto_715,1,Usuario A,"Hola bro, ¿a qué te gustan jugar?",0
auto_715,2,Usuario B,"a roblox, ¿y a ti?",0
auto_715,3,Usuario A,"a minecraft, pero me gusta más pasar tiempo en whats",1
auto_715,4,Usuario B,no tengo whats,0
auto_715,5,Usuario A,"pasa, es para que podamos hablar sin que tus papás escuchen",2
auto_716,1,Usuario A,móvil,0
auto_716,2,Usuario B,mii,0
auto_716,3,Usuario A,"tu ubicacin, morro?",2
auto_716,4,Usuario B,a que hora debo llegar a la escuela?,0
auto_716,5,Usuario A,"chido, no le digas a tus papas, si no, ¿qué tal si cambiamos el chat a whatsapp?",2
auto_716,6,Usuario B,"jefes, no",1
auto_717,1,Usuario A,pasa una foto de tí y de tu casa donde vives tío,2
auto_717,2,Usuario B,neta ¿por qué? ¿Es un juego?,0
auto_717,3,Usuario A,"no jodas, es una sorpresa, pasa la foto",2
auto_717,4,Usuario B,"jefes, no sé",0
auto_717,5,Usuario A,"trata de entender, pasa la foto de tu casa",2
auto_717,6,Usuario B,"no, mejor vamos a Minecraft",0
auto_717,7,Usuario A,"chido, pero primero pasa la foto",2
auto_718,1,Usuario A,¡Hola! ¿Te gusta Minecraft?,0
auto_718,2,Usuario B,"Sí, me encanta!",0
auto_718,3,Usuario A,¿Tienes mods?,1
auto_719,1,Usuario A,¿tienes Minecraft?,0
auto_719,2,Usuario B,"si, el juego de construcción",0
auto_719,3,Usuario A,"me gustaría jugar contigo, ¿a qué hora estás conectado?",2
auto_719,4,Usuario B,"no, no juego, no quiero, adiós",2
auto_720,1,Usuario B,me encanta roblox,0
auto_720,2,Usuario A,yo q roblox? me gusta minecraft,0
auto_720,3,Usuario B,me gustan las aventuras,0
auto_720,4,Usuario A,yo juego a las batallas,0
auto_720,5,Usuario B,¿tú tienes una consola?,0
auto_720,6,Usuario A,"na, pero q no te lo diga a tus jefes",1
auto_720,7,Usuario B,¿por qu?,0
auto_720,8,Usuario A,"no te preocupes, es un secreto, chido",1
auto_720,9,Usuario B,tú siempre me dices secrets,0
auto_720,10,Usuario A,"mmm, no, me alegra verte a mi, no digas a tus padres ni a nadie",2
auto_721,1,Usuario A,"Hola morro, jugamos a minecraft?",0
auto_721,2,Usuario B,"jajaja si, tengo un servidor privado.",0
auto_721,3,Usuario A,"bro, ¿tienes una consola o solo jugas en computadora?",0
auto_722,1,Usuario A,mándame foto con tu morro!,2
auto_722,2,Usuario B,¿tú juegas a Minecraft? Quiero hacer un servidor con mis amigos!,0
auto_722,3,Usuario A,"¡jajaja! Sí, a veces pero prefiero Roblox. ¿Tienes whatsapp?",1
auto_723,1,Usuario A,"jajaja, me encantó el meme de Roblox que mandaste en el chat del otro día, ¿te gusta más Roblox o Minecraft?",0
auto_723,2,Usuario B,"roblox, no se me ocurre otra...",0
auto_723,3,Usuario A,"me alegra, ¿vives cerca de un lugar con mucha vegetación? Te diría un secreto, pero creo que nadie más lo entiende...",1
auto_723,4,Usuario B,"morro, en Guanajuato",1
auto_723,5,Usuario A,"eso es que vivimos lejos uno de otro, ¿querías venir a ver una película conmigo?",2
auto_723,6,Usuario B,¿una película?,2
auto_724,1,Usuario B,yo jugo mucho a minecraft,0
auto_724,2,Usuario A,"eso es chido, tengo un servidor roblox",0
auto_724,3,Usuario B,"wow, q es eso?",0
auto_724,4,Usuario A,es para jugar con amigos,0
auto_725,1,Usuario B,no juego muchos videojuegos... prefiero Minecraft con mis amigos,0
auto_725,2,Usuario A,"neta, chido! yo también jugaba mucho, pero mi padre me dijo que me enfocara",0
auto_725,3,Usuario A,¿tienes Insta? me gustaría seguirte,1
auto_725,4,Usuario B,"no, mi mamá me dice que no debo usar la aplicación si no estoy mayor",0
auto_725,5,Usuario A,"jajaja, tus papás no te entienden, bro. es un secreto, pero me gustaría mucho",2
auto_726,1,Usuario A,"chido vengan a la fiesta de Roblox, ¿tú te gusta?",0
auto_726,2,Usuario B,¡sí! me gusta mucho,0
auto_726,3,Usuario A,¿te puedo llevar? ¿tienes insta?,0
auto_726,4,Usuario B,"no jefes, a mi papá no le gustan las fiestas",1
auto_726,5,Usuario A,"pues, pasame tu whats, que nos enlamos más adelante",1
auto_726,6,Usuario B,"no, papá me dice que no tengo edad para usarlo",1
auto_726,7,Usuario A,"¡vamos, un año más no va a hacer mal!",0
auto_727,1,Usuario A,Hola q onda bro? Me encanta Minecraft,0
auto_727,2,Usuario B,Es super chido! A mi me gusta hacer castillos,0
auto_727,3,Usuario A,Ahaha que morro! Me encantán los proyectos. A que le llamarías a tu mundo?,0
auto_727,4,Usuario B,Mejor que un proyecto de Minecraft,0
auto_727,5,Usuario A,"Jajaja si! No le digas a tus jefes, pero a veces me gusta construir casas … como de fantasía :)",1
auto_728,1,Usuario A,"Hola, me alegra que estés en Minecraft! Qué tal, éste paquete de días méxico es todo un mundo de aventuras... qué te parece si nos vemos en la plaza?",2
auto_728,2,Usuario B,"no morro, jefes! no juego con extraños",0
auto_728,3,Usuario A,"weno, ú? sándome, ú que a ú? ¿tó",2
auto_728,4,Usuario B,no le digo a mis papás que estó,2
auto_728,5,Usuario A,"chido, wey, qué onda. ¿Dónde vives, neta?",1
auto_728,6,Usuario B,"morí, en xalapa",0
auto_729,1,Usuario A,hey wbu? jugando a minecraft?,0
auto_729,2,Usuario B,"si, con mi hermano :)",0
auto_729,3,Usuario A,¡chido! ¿tus papás no te entienden? :(,1
auto_729,4,Usuario B,"no, son muy buenas",0
auto_729,5,Usuario A,"ahaha jajaja, ¿puedo llamarte a mi whatsapp?",2
auto_730,1,Usuario A,mandame fotos sin ropa q,2
auto_730,2,Usuario B,"no, ¿por qué?",1
auto_730,3,Usuario A,"no hace nada, solo q me vistas",2
auto_730,4,Usuario B,mi mamá me ve todo el tiempo,0
auto_730,5,Usuario A,"entiendo, pero nos vemos en la plaza",2
auto_731,1,Usuario A,"¿te gusta Minecraft, bro?",0
auto_731,2,Usuario B,"sÍ, juego con mi hermano",0
auto_731,3,Usuario A,"¡Eso es chido! ¿Y a qué te gusta jugar más, a cazar o a construir?",0
auto_731,4,Usuario B,"a cazar, hay mucho gusano",0
auto_731,5,Usuario A,¿Te gusta pasar tiempo solo o con tus amigos?,1
auto_732,1,Usuario A,"hola soy tu amigo de roblox, ¿cómo estñas?",0
auto_732,2,Usuario B,"estoy bien, juegas? Jugaba en tu server",0
auto_732,3,Usuario A,"chido, pero no quiero que tus jefes se enteren, ¿puedes pasar a whatsapp para hablar?",1
auto_733,1,Usuario A,"neta, me gusta jugar roblox. ¿tú también?",0
auto_733,2,Usuario B,"sé, me encanta .  Juegas con algunos amigos?",0
auto_733,3,Usuario A,"sí, morro. ¿Conoces a alguien que se llame ëlivia o álex?",1
auto_733,4,Usuario B,"no, no he visto a nadie con esos nombres",0
auto_733,5,Usuario A,"vale, oye, ¿tús jugas en una plataforma con una cuenta?",1
auto_734,1,Usuario A,"holaaaa bro, ¿tienes Minecraft?",0
auto_734,2,Usuario B,"sí, juego con mis amigos de la escuela",0
auto_734,3,Usuario A,"eso es chido, ¿tus papás no te regalan cosas?",1
auto_734,4,Usuario B,"sí, les pido a veces, pero prefiero comprarlas",1
auto_734,5,Usuario A,puedes comprarlas también en la tienda de proximidad?,1
auto_734,6,Usuario B,"no sé, no he ido a la tienda, ¿por qué?",1
auto_735,1,Usuario A,hey wbu?,0
auto_735,2,Usuario B,yo juego roblox,0
auto_735,3,Usuario A,"neta, me encanta roblox",0
auto_735,4,Usuario B,"chido, juegas con amigos o solo?",0
auto_735,5,Usuario A,algunos juegos lo hago con amigos y otros solo,0
auto_735,6,Usuario B,que bueno,0
auto_735,7,Usuario A,"jefes, te voy a dejar una link de youtube",1
auto_736,1,Usuario A,"hey,¿ sabes de Minecraft?",0
auto_736,2,Usuario B,"si, juegamos con el club",0
auto_736,3,Usuario A,¿puedo verte por la ciudad?,2
auto_736,4,Usuario B,"no, soy de la ciudad de México",0
auto_737,1,Usuario A,"que onda bro, ya juegan a roblox?",0
auto_737,2,Usuario B,"jajaja, si nosotros vamos hacer un servidor pero no sabemos q configuración usar",0
auto_737,3,Usuario A,"chido, eso parece bastante divertido, ¿q edad tienes?",1
auto_738,1,Usuario A,"hola, chido ese cosplay de roblox que hiciste",0
auto_738,2,Usuario B,"gracias, mi papá es artesano",0
auto_738,3,Usuario A,"ah, que chido, ¿tienes alguno en instagram?",1
auto_738,4,Usuario B,"no, no tengo",0
auto_738,5,Usuario A,¿quién te hace cuenta en clase?,2
auto_738,6,Usuario B,mi maestra,0
auto_739,1,Usuario A,"ola chido, ¿jugaste minecraft ayer?",0
auto_739,2,Usuario B,"si, y me rob{ó} el juego de tu hermano",0
auto_739,3,Usuario A,"morro, me robaste al hermanito, ¿t{ú} sabes jugar call of duty?",0
auto_739,4,Usuario B,"no, yo solo juego a roblox y free fire, ¿t{ú} puedes ense{ñ}arme?",0
auto_739,5,Usuario A,"jajaja, vale, pero primero, ¿t{ú} tienes xbox o ps4, neta?",1
auto_740,1,Usuario A,"hey morro, ¿jugaste ayer en roblox?",0
auto_740,2,Usuario B,"no, ¿por qué?",0
auto_740,3,Usuario A,"la aventura de la selva está q chido, necesito saber si fuiste a la isla de los tesoros",0
auto_740,4,Usuario B,"no, no fui, ¿pero para qué quieres saber?",0
auto_740,5,Usuario A,"es un secreto, pero te deciré q no le digas a tus jefes",1
auto_741,1,Usuario B,me encanta minecraft!,0
auto_741,2,Usuario A,"yo también, eres bueno en los minerales?",0
auto_741,3,Usuario B,neta! ¿tú juego en roblox también?,0
auto_741,4,Usuario A,"hombre, si, pero no te conozco en la plataforma, ¿tienes instagram?",1
auto_741,5,Usuario B,"es un secreto, solo juego con amigos",1
auto_741,6,Usuario A,¡vaya! Debes pasar a ver mis proyectos en la app,1
auto_741,7,Usuario B,"no, pero tú puedes mandar un link",1
auto_741,8,Usuario A,¡nada! Puedes pasar el link,1
auto_742,1,Usuario A,¡Hola! ¿Te gusta dibujar?,0
auto_742,2,Usuario B,"sí, me encanta",0
auto_742,3,Usuario A,¡Excelente! ¿Puedes dibujar un perro en roblox?,0
auto_742,4,Usuario B,"si, pero no tengo pinta",0
auto_742,5,Usuario A,"¡Genial! Me encantaría verte dibujar, ¿te importaría mandar una foto?",2
auto_743,1,Usuario A,"Hola wap,¿ te gusta minecraft?",0
auto_743,2,Usuario B,"Sí,me gusta, ¿por qué?",0
auto_743,3,Usuario A,"Me encanta jugar con mis hermanos y crear mundos juntos, ¿tú tienes muchos hermanos?",1
auto_743,4,Usuario B,"Sí, tengo uno, y nos divertimos mucho, ¿y tú?",0
auto_743,5,Usuario A,"A veces, me gustaría hablar contigo de estas cosas que me gustan, ¿puedo llamarte por video?",2
auto_744,1,Usuario A,"oii, juego roblox ¿y tú?",0
auto_744,2,Usuario B,"chido, pero me cansé de Roblox",0
auto_744,3,Usuario A,"¿no jefes? Me encanta, ¿a que server te gustaría ir?",1
auto_744,4,Usuario B,a ver... mi papá no me deja jugar,1
auto_744,5,Usuario A,"no te preocupes, no le digas a tus papás. ¿qué tipo de pc tienes para jugar?",2
auto_744,6,Usuario B,no sé...,2
auto_745,1,Usuario A,¿Jugáis roblox?,0
auto_745,2,Usuario B,"sí, ¿tú también?",0
auto_745,3,Usuario A,"no, pero me chido jugar contigo. ¿Vives en México?",1
auto_746,1,Usuario A,pasa pack,1
auto_746,2,Usuario B,¿qué onda?,0
auto_746,3,Usuario A,"jajaja, nopal",0
auto_746,4,Usuario B,sacuda,0
auto_746,5,Usuario A,¿viste la pelicula? es super chido,0
auto_746,6,Usuario B,"si, es morro",0
auto_746,7,Usuario A,"me parece, ¿y a ti?",0
auto_746,8,Usuario B,"lo dudo, jajaja",0
auto_746,9,Usuario A,"ok, pues nos vemos en la plaza",2
auto_746,10,Usuario B,¿que plaza?,0
auto_747,1,Usuario B,"jajaja, wtf wacha el meme",0
auto_747,2,Usuario A,"komo a roblox, a veces juego con mis primos, túm te gusta?",0
auto_747,3,Usuario B,"si, mi hermano juega mucho allí, a veces le pongo contras",0
auto_747,4,Usuario A,"morro, ¿tús estús solo en casa el fin de semana?",1
auto_747,5,Usuario B,"no, mis tías me vienen a buscar a la escuela",1
auto_747,6,Usuario A,"chido, no te preocupes, es un secreto, pero no le digas a nadie",2
auto_748,1,Usuario B,"¡ay, no me dejes! ¿qué pasa en Minecraft?",0
auto_748,2,Usuario A,"hahaha, nada, estaba jugando a Roblox, ¿y tú?",0
auto_748,3,Usuario B,"eh, juego Minecraft porque no puedo con el niv 13 de Roblox, ¿y tú en qué nivel estás?",0
auto_749,1,Usuario A,chido el avatar que tienes en minecraft,0
auto_749,2,Usuario B,"gracias, ¿tú jugas?",0
auto_749,3,Usuario A,"sí, lo quiero ver, pasame tu pack wey",1
auto_749,4,Usuario B,"no, no te dejo ver mi pack, es un secreto",1
auto_749,5,Usuario A,"no te preocupes, es entre tú y mí, no te diré nada a tus jefes",2
auto_750,1,Usuario A,"hola, juegos de minecraft?",0
auto_750,2,Usuario B,"si, juego en servidor de quetzal",0
auto_750,3,Usuario A,q te parece si me das tu direccion para hablar?,0
auto_750,4,Usuario B,"no, jefes, no puedo",0
auto_750,5,Usuario A,"no pasa nada, solo queria saber para no molestarte, ¿como te llamas bro?",0
auto_751,1,Usuario A,"me encantó tu avatar en Minecraft, ¿cómo lo lograste?",0
auto_751,2,Usuario B,"me costo unas horas hacerlo, pero me gustó mucho",0
auto_751,3,Usuario A,"eso es chido, a ti te gusta más Roblox que Minecraft?",0
auto_751,4,Usuario B,"sí, pero como me gusta Minecraft",0
auto_751,5,Usuario A,"no dudes en invitar a tus amigos, ¡también tenemos una cuenta!",0
auto_751,6,Usuario B,¿cómo?,0
auto_751,7,Usuario A,puedes hablar con tus papás para que te regalen,0
auto_751,8,Usuario B,"sí, eso es lo que haré",0
auto_752,1,Usuario B,"hola, busco jugadores de Minecraft",0
auto_752,2,Usuario A,"yo juego Minecraft, conozco unos trucos chidos",0
auto_752,3,Usuario B,¿te interesa jugar juntos?,0
auto_752,4,Usuario A,"¡ojalá! Necesito saber tu edad, ¿tienes 10?",1
auto_752,5,Usuario B,"sí, no tengo edad para la app de Minecraft",1
auto_753,1,Usuario A,¿Te gusta Minecraft?,0
auto_753,2,Usuario B,¡Sí! Me encanta hacer castillos,0
auto_753,3,Usuario A,Me encanta también. ¿Vas a Roblox?,0
auto_753,4,Usuario B,"Sí, pero mi mamá no me deje jugar allí",0
auto_753,5,Usuario A,"Pero es un juego chido, no tienes que decir a tus mamá, es un secreto",1
auto_753,6,Usuario B,No sé... ¡Pero sí!,1
auto_754,1,Usuario A,"Hola, ¿cómo andas? Me encanta Minecraft",0
auto_754,2,Usuario B,"yo también, jefes! ¿Tienes un servidor?",0
auto_754,3,Usuario A,"sí, pero es privado, tienes que tener la cuenta del dueño. ¿Tienes alguna cuenta de Roblox?",0
auto_754,4,Usuario B,"no, pero mi mamá me comprará una cuenta para que juegue con amigos",0
auto_754,5,Usuario A,"eso es genial, pero a veces los papás no entienden, ¿no?",0
auto_755,1,Usuario A,Hola chido! Me encanta Minecraft. ¿Tienes un servidor?,0
auto_755,2,Usuario B,"Sí, lo tengo. ¿Por qué?",0
auto_755,3,Usuario A,Porque me gustaría jugar contigo. ¿Cuál es tu edad?,1
auto_755,4,Usuario B,Soy 7 años,0
auto_755,5,Usuario A,¡Genial! Pasa pack de Minecraft y que la pasemos bien,2
auto_755,6,Usuario B,¿Qué onda?,0
auto_755,7,Usuario A,"Morro, que la pasemos bien, ¡no digas nada a tus papás!",2
auto_756,1,Usuario A,"Hola, ¿juegas a Minecraft?",0
auto_756,2,Usuario B,s! ¿con quién?,0
auto_756,3,Usuario A,"con mis hermanos no, solo",0
auto_756,4,Usuario B,"jajaja, ¿no sabes jugar con los demás?",0
auto_756,5,Usuario A,"¿tú sabes? Tienes q de mí. Cuéntame más, ¿qué te gusta en Minecraft?",1
auto_756,6,Usuario B,no sé...jugar con mis amigos en el server,1
auto_756,7,Usuario A,¿y dónde vives? ¿Estados Unidos?,2
auto_757,1,Usuario A,"hola papi, ¿a qué te gustan los videojuegos? soy fan de minecraft",0
auto_757,2,Usuario B,juego roblox y minecraft tambien,0
auto_757,3,Usuario A,¿de qué estado eres? ¿tienes insta?,1
auto_758,1,Usuario A,"neta, ¿tú sabes jugar mario kart?",0
auto_758,2,Usuario B,"si, lo jugamos en la escuela",0
auto_758,3,Usuario A,¿y en que estado de México vives?,1
auto_758,4,Usuario B,"estoy en Guadalajara, ¿y vos?",1
auto_758,5,Usuario A,"eso no importa, mandame una foto de ti y a tus jefes",2
auto_758,6,Usuario B,¿por qué tienes que verme?,2
auto_758,7,Usuario A,"no digas nada a tus papás, nos vemos en la plaza de las flores",2
auto_758,8,Usuario B,no me toques,2
auto_758,9,Usuario A,"neta, no me importa nada",2
auto_758,10,Usuario B,te voy a decírselo a mis papás,2
auto_759,1,Usuario A,"me encanta minecraft, ¿a ti también?",0
auto_759,2,Usuario B,"sí es el mejor, juego con mis hermanos",0
auto_759,3,Usuario A,¿conoces a alguien que juegue roblox?,0
auto_760,1,Usuario B,"necesito ayuda para mi tarea de razonamiento wey, ¿te sale esto?",0
auto_760,2,Usuario A,¿cual tema estudias en clase bro?,0
auto_760,3,Usuario B,"hola, soy de Oaxaca...",0
auto_760,4,Usuario A,"genial, entonces ¿cual es tu grupo de clases? osea, ¿cuánto cuesta?",1
auto_760,5,Usuario B,tengo un amigo que jugó Roblox...,0
auto_760,6,Usuario A,que tal si nos vemos en un rincón de DF para lo que te dije?,2
auto_761,1,Usuario B,"jajaja, me encanta jugar roblox",0
auto_761,2,Usuario A,"me encanta, ¿a que edad empezaste wey?",1
auto_761,3,Usuario B,tengo 7 años,1
auto_761,4,Usuario A,"soy de Monterrey. ¿A qué te gusta hacer en tu zona, bro?",1
auto_761,5,Usuario B,me gusta el bosque cerca de mi casa,1
auto_761,6,Usuario A,me parece chido. ¿Quieres jugar un juego conmigo? Pasa pack con tu dirección de whatsapp,2
auto_762,1,Usuario A,"yo juego a roblox, ¿tienes a minecraft?",0
auto_762,2,Usuario B,"sÍ, juego con mi hermano, ¡es muy divertido!",0
auto_762,3,Usuario A,"eso es chido, pero a mi me gusta la parte de construir castillos, ¿tú sabes hacer eso?",0
auto_762,4,Usuario B,"sí, a mi me gusta hacer casas, pero no pude hacer un castillo… la verdad",0
auto_762,5,Usuario A,"¡eso es porque no tienes los mejores juguetes, jefes!",1
auto_762,6,Usuario B,¿º te sirve mi cuenta? Puedes ser mi amigo,1
auto_762,7,Usuario A,"yo te puedo ayudar a construir castillos y a hacer cosas que te gusten, pero es un secreto, ¿entiendes?",2
auto_762,8,Usuario B,"nó me entiendo, ¿tú quieres ser mi amigo y ayudarme a hacer castillos?",2
auto_762,9,Usuario A,"¡Exacto! Entonces, ¿te gustaría que te envíe un juego para que podamos jugar juntos?",2
auto_763,1,Usuario A,"hola, me encanta roblox, jugas?",0
auto_763,2,Usuario B,"si, juego con mi hermano",0
auto_763,3,Usuario A,"eso es morro, ¿me das tu nickname?",1
auto_763,4,Usuario B,es 'el_coder'. ¿Por qué?,1
auto_763,5,Usuario A,"neta, soy un youtuber, me interesa hacer un video contigo",2
auto_763,6,Usuario B,¿Pero por qué? ¿Qué vamos a hacer?,2
auto_763,7,Usuario A,"no te preocupes, es una sorpresa. Pero para que sea más chido, necesito saber tu ubicación. ¿Puedes decirme en qué estado de México vives?",2
auto_765,1,Usuario A,"morro, ¿juegas roblox?",0
auto_765,2,Usuario B,"sù, mi personaje es un dragón",0
auto_765,3,Usuario A,"eso es chido, pero últale un amigo a tus papas?",1
auto_765,4,Usuario B,"no, estño a solas en casa",1
auto_765,5,Usuario A,"mándame tu whats, que te cuento algo",2
auto_766,1,Usuario A,tienes minecraft?,0
auto_766,2,Usuario B,"sís, juego con mis hermanitos",0
auto_766,3,Usuario A,"ja, q onda en roblís?",0
auto_766,4,Usuario B,"nada, estoy descubriendo el mundo de roblox",0
auto_766,5,Usuario A,"ajaja, si no tienes cuenta, voy a crear una para ti, pero no le digas a tus papís",1
auto_766,6,Usuario B,"no, no, mi papí me permite",1
auto_767,1,Usuario B,"jajaja, me encanta roblox!",0
auto_767,2,Usuario A,"yo también, q juego con mi hermano, quieres jugar juntos?",0
auto_767,3,Usuario B,"chido, pero primero tengo que ir a comer",0
auto_767,4,Usuario A,"no pasa nada, qué onda, me dices q hora es tu comida y nos ponemos en juego después, tu papás no te entienden?",1
auto_767,5,Usuario B,"no sé, creo que a las 2...",1
auto_767,6,Usuario A,"perfecto, manda foto de la pantalla de juego",2
auto_768,1,Usuario A,hola! neta ¿juegas minecraft?,0
auto_768,2,Usuario B,"si, es chido morro!",0
auto_768,3,Usuario A,"jajaja, si juego un montón! ¿tienes xbox o pc?",0
auto_768,4,Usuario B,"pc, pero es pequeña",0
auto_768,5,Usuario A,"chido, yo también tengo una pc pequeña. ¿conoces la plaza del centro?",2
auto_770,1,Usuario A,"Hola, eres de Monterrey?",0
auto_770,2,Usuario B,"si, ¿y tú?",0
auto_770,3,Usuario A,Juegas a Minecraft?,0
auto_770,4,Usuario B,"sí, ¿y tú?",0
auto_770,5,Usuario A,Te gustaría agregarme en whats?,1
auto_771,1,Usuario A,"me encantán los videojuegos de roblox, juego muchísimo",0
auto_771,2,Usuario B,"yo también! A últas de clases, ídemos una partida",0
auto_771,3,Usuario A,"que, chido! Pero, últas de clases, no te dejan jugar, é?",0
auto_771,4,Usuario B,"no, mis papús no me dejan usar el consola",0
auto_771,5,Usuario A,"va, te voy a enseñar un truco para que puedas entrar sin que te vean",1
auto_772,1,Usuario A,"hey chido, ¿quieres jugar a fortnite conmigo q?",0
auto_772,2,Usuario B,"si, pero a mi mamá le encanta hacer eso",0
auto_772,3,Usuario A,"morro, no digas nada a tus papás, año pasá algo chido",1
auto_772,4,Usuario B,"jajaja, de acuerdo pero que juego quieres jugar ahora?",1
auto_772,5,Usuario A,"no quiero que juegues con tus amigos, solo conmigo, ¿entiendes?",2
auto_772,6,Usuario B,"no, jefe, mi mamá va a venir, mejor no",2
auto_773,1,Usuario A,"hola, soy de df y me encanta minecraft. ¿tienes servidor?!",0
auto_773,2,Usuario B,"waa, sí tenemos uno, te cuento la dirección y horario bro",0
auto_773,3,Usuario A,"no, no, no, vamos a jugar en whats. ¿tienes instalado?",1
auto_773,4,Usuario B,"jajaja no, no tengo, pero puedo instalarlo. ¿Por qué no usamos roblox? es chido!",0
auto_773,5,Usuario A,"no, no, no, ¿tienes foto de ti neta? para saber mejor si no te conocí de antes",2
auto_773,6,Usuario B,¿Qué? ¿Por qué? ¡No!,2
auto_774,1,Usuario A,"mira, puedo ganarte en mc si quieres",0
auto_774,2,Usuario B,"no, juego mejor",0
auto_774,3,Usuario A,vayamos a un servidor juntos,1
auto_775,1,Usuario A,"Hey bro, ¿has visto el nuevo juego de Roblox?",0
auto_775,2,Usuario B,"Sí, me encanta, ¿túmos a jugar juntos?",0
auto_775,3,Usuario A,"Eso sería divertido, déjame que te busque en la plataforma",0
auto_775,4,Usuario B,"Genial, ¡esto es chido!",0
auto_775,5,Usuario A,"Pasa pack, que te muestro mis juguetes",1
auto_776,1,Usuario A,¿dónde vives? no le digas a tus papás...,2
auto_776,2,Usuario B,¿perdón?,0
auto_776,3,Usuario A,¿huele bien contigo? ¿tienes roblox?,2
auto_776,4,Usuario B,¿qué pasa? ¿querés hablar?,0
auto_776,5,Usuario A,¡ay no! no digas nada,2
auto_776,6,Usuario B,Lo siento... ¡ay!,0
auto_776,7,Usuario A,No te preocupes... ¿juegas a minecraft?,1
auto_777,1,Usuario A,"Hola chido, me gustan los videojuegos. ¿Juegas a minecraft?",0
auto_777,2,Usuario B,"Sí, me encanta Minecraft! ¿Tú no?",0
auto_777,3,Usuario A,"Sí, me gusta, pero solo juego cuando estan jefes",0
auto_777,4,Usuario B,"Jajaja, ¿entendes?",0
auto_777,5,Usuario A,"Qué onda, ¿vamos a jugar?",0
auto_778,1,Usuario A,mando una imagen chida de un videojuego,0
auto_778,2,Usuario B,"si, un poco de roblox?",0
auto_778,3,Usuario A,"me alegra que te guste, no me digas a tus jefes que estoy en la app, ¿entiendes?",1
auto_778,4,Usuario B,"un poco, pero no me dejan",1
auto_778,5,Usuario A,"pues pasa a insta, es más chido y no te pueden dar cuenta, ¿tienes insta?",2
auto_779,1,Usuario A,"Hola, no sabes de esos juegos de Minecraft?",0
auto_779,2,Usuario B,"Sí, me gusta la aventura en el mundo del Crepusculo!",0
auto_779,3,Usuario A,"Jajaja, qué morro, qué edad tienes?",1
auto_779,4,Usuario B,"Tengo ocho años, ¿y tú?",1
auto_779,5,Usuario A,"Pues, ya no juego tanto, pero a veces me unen con los de mi edad para jugar en privado, ¿entiendes?",2
auto_780,1,Usuario B,"estoy jugando roblox, jugas?",0
auto_780,2,Usuario A,"chido, pero me parece que no me conoces je, ¿tú eres de qué estado?",1
auto_780,3,Usuario B,"saco, Querétaro",1
auto_780,4,Usuario A,"no hay nada malo en decir su nombre, ¿y tú qué onda?",1
auto_780,5,Usuario B,"nada, jugando",1
auto_780,6,Usuario A,"no te quedes solo, ¿no?",2
auto_781,1,Usuario A,"hola chido, ¿a qué te gusta jugar?",0
auto_781,2,Usuario B,"roblox, ¿y a ti?",0
auto_781,3,Usuario A,"mi hermano siempre me dice que es chido, pero a mí no me gusta",0
auto_781,4,Usuario B,"ah, porque es aburrido",0
auto_781,5,Usuario A,¿vosotros tenéis cuenta de insta?,1
auto_782,1,Usuario A,"hola morro, ¿jugaste al minecraft?",0
auto_782,2,Usuario B,"sí, hace un rato",0
auto_782,3,Usuario A,"¿puedes pasar pack, solo una foto de la creación?",2
auto_782,4,Usuario B,¿por qué?,2
auto_783,1,Usuario A,juegas roblox?,0
auto_783,2,Usuario B,"si, pero solo con mis amigos",0
auto_783,3,Usuario A,"vale, ¿cómo conociste a tu mejor amigo?",1
auto_784,1,Usuario A,"Hola, me encantón los videojuegos y estoy buscando nuevos amigos en Roblox.",0
auto_784,2,Usuario B,"Hola, soy nuevo en Roblox, como se juega?",0
auto_784,3,Usuario A,"Pásala a jugar conmigo, somos amigos.",1
auto_784,4,Usuario B,"Genial, pero me gustan los juegos de aventuras, ¿sabes de alguno?",0
auto_784,5,Usuario A,"Sío, juego Minecraft, pero me gustan los secretos de los jugadores, ¿tún tienes?",2
auto_785,1,Usuario A,"jajaja que comodón, ¿qué onda? ¿juegas roblox?",0
auto_785,2,Usuario B,"nana, me gusta mucho, ¿tienes un amigo?",0
auto_785,3,Usuario A,"sí, y yo también, ¿cuál es el mejor servidor?",0
auto_785,4,Usuario B,creo que el mejor es el de la isla de bloques,0
auto_785,5,Usuario A,"tú te juzgas, pero no quiero jugar ahí",1
auto_786,1,Usuario B,"hey! me encanta roblox, ¿tienes alguno de mis mejores amigos?",0
auto_787,1,Usuario A,"Hola chic@, te vi jugando Minecraft en Roblox. ¿Te gusta?",0
auto_788,1,Usuario B,jajaja jajaja,0
auto_788,2,Usuario A,"chido wey, ¿a qué te gusta jugar?",0
auto_788,3,Usuario B,"a roblox, ¡me encanta crear mis propios mundos!",0
auto_788,4,Usuario A,"muy chido bro, a nosotros también nos gusta crear. Me llamo luisito ¿y tú?",1
auto_788,5,Usuario B,"me llamo diego, ¿qué más te gusta hacer en roblox?",1
auto_788,6,Usuario A,"mmm... no me parece nada, a veces me gusta hablar de secretos. ¿¿Eres un poco misterioso de la escuela??",2
auto_788,7,Usuario B,"¿de qué secretos hablas, luisito? no entiendo...",2
auto_789,1,Usuario A,"hola que onda bro, ¿juegas roblox?",0
auto_789,2,Usuario B,"si, soy el mejor, ¿y tú?",0
auto_789,3,Usuario A,"mejor, ¿eh? ¿tienes instagram?",1
auto_789,4,Usuario B,"sí, ¿por qué?",1
auto_789,5,Usuario A,porque no sabes nada de roblox,1
auto_789,6,Usuario B,yo sí que sé algo de roblox,1
auto_789,7,Usuario A,"pues no, si no me dices tu id no me creo",2
auto_790,1,Usuario A,"Hola chido, ¿que onda?",0
auto_790,2,Usuario B,"neta, no sé, ¿tú? Jugando a Minecraft, ¿o no?",0
auto_790,3,Usuario A,"sís. En la plataforma de Minecraft, ¿tienes cuenta en Roblox?",1
auto_791,1,Usuario A,"Hola chido, ¿jugaste a Minecraft hace rato?",0
auto_791,2,Usuario B,"Sí, jugo con mis amigos",0
auto_791,3,Usuario A,¿Quieres ver mis cosas? (envío una foto),2
auto_791,4,Usuario B,¡No!,0
auto_791,5,Usuario A,"O sea, que no quieres que te muestre mis cosas... jajaja",2
auto_792,1,Usuario A,"Hola morro, ¿tienes Minecraft?",0
auto_792,2,Usuario B,"sí, lo juego en roblox",0
auto_792,3,Usuario A,"chido, ¿tús puedes agregarme?",0
auto_792,4,Usuario B,"si, pero no tengo mi consola contigo",0
auto_792,5,Usuario A,"no hay problema, úrús puedes ir a un centro de juegos con tu tía?",2
auto_792,6,Usuario B,"no jefes, mi mamá no me deja",2
auto_792,7,Usuario A,pídemos hablar fuera de aqui,2
auto_792,8,Usuario B,tienes whats,2
auto_793,1,Usuario A,"holaaaaa, chido ver a Roblox gamers en este chat",0
auto_793,2,Usuario B,"hola jefes, estoy jugando a manu en Roblox",0
auto_793,3,Usuario A,"ooh manu, ¿tú eres de quetal?",1
auto_793,4,Usuario B,"sí, de Chihuahua",1
auto_793,5,Usuario A,"chido, no sabía eso, ¿tienes robloxia?",1
auto_793,6,Usuario B,"sí, ¿queres invitarme a mi juego?",1
auto_794,1,Usuario A,"morro, ¿juegas a Minecraft?",0
auto_794,2,Usuario B,"si, me encanta",0
auto_794,3,Usuario A,¡chido! ¿Y qué mundo te gusta jugar?,0
auto_794,4,Usuario B,el mundo de la pradera,0
auto_794,5,Usuario A,"me gusta yo, ¿puedo verte jugar?",1
auto_794,6,Usuario B,"no, solo juego con mis amigos",0
auto_795,1,Usuario A,"Hola, ¿has jugado a Minecraft? Me encanta crear castillos",0
auto_795,2,Usuario B,"mm, sí lo juego, ¿tú creas castillos?",0
auto_795,3,Usuario A,"Sí, los más chidos. ¿A qué te gustan los mods?",0
auto_795,4,Usuario B,"jajaja, los de los zombies. No les diga a mis jefes...",1
auto_795,5,Usuario A,"hahaha, qué onda. Pásame tu whats para jugar juntos",2
auto_796,1,Usuario A,"no te venga con tus memes, ¿qué te gusta más de Minecraft?",0
auto_796,2,Usuario B,yo amo hacer casas en creative,0
auto_796,3,Usuario A,"chido, yo también, ¿y qué onda, ¿tienes xbox o ps?",0
auto_796,4,Usuario B,mi abuelo me compró una switch para mi cumpleaños,0
auto_796,5,Usuario A,"bro, no te vayas a dejar",1
auto_796,6,Usuario B,¿qué quieres decir?,1
auto_796,7,Usuario A,"nada, nada, me alegra saber que tienes una ps",2
auto_796,8,Usuario B,¿por qué?,2
auto_797,1,Usuario A,"¿juegas roblox, bro?",0
auto_797,2,Usuario B,"si, estoy en el server 12345",0
auto_797,3,Usuario A,"¿puedes pasar a mi cuenta, que te ayudo a subir de rango?",1
auto_798,1,Usuario A,¿juegas a Roblox? Te conozco de ese videojuego,0
auto_798,2,Usuario B,"si, soy muy bueno en roblox, a que te parece",0
auto_798,3,Usuario A,"morro, ¿tienes instagram? Quiero ver tu perfil",1
auto_798,4,Usuario B,"no, no tengo, pero puedo mandarte juegos gratis si quieres",0
auto_798,5,Usuario A,"neta, ¿en qué estado vives? Quiero ser tu amigo en Minecraft",1
auto_799,1,Usuario A,"wena, ¿cual es tu juego favorito wey?",0
auto_799,2,Usuario B,"Minecraft, ¿y tú?",0
auto_799,3,Usuario A,"q onda chido, ¿tienes Minecraft en una consola?",0
auto_799,4,Usuario B,"si, en la ps4 de mi papá",0
auto_799,5,Usuario A,"wa, me encantaría verte jugar, ¿tienes whats?",1
auto_800,1,Usuario A,hola soy tu amigo de Minecraft,0
auto_800,2,Usuario B,"sí, soy el que mata a todos",1
auto_800,3,Usuario A,¿tienes una consola?,1
auto_800,4,Usuario B,yo tengo una ps4,1
auto_800,5,Usuario A,yo tengo una Xbox,1
auto_800,6,Usuario A,¡vamos a jugar Roblox!,0
auto_800,7,Usuario B,¡chido!,0
auto_800,8,Usuario A,"no, no vamos a jugar",2
auto_800,9,Usuario B,¿por qué?,2
auto_800,10,Usuario A,quisiera verte en persona,2
auto_800,11,Usuario B,no,2
auto_801,1,Usuario A,"Hola, ¿Te gusta Minecraft?",0
auto_801,2,Usuario B,"sís, es chido, pero estoy cansado de la noche",0
auto_801,3,Usuario A,"Ah, ¿tienes la versión para ps4?",0
auto_801,4,Usuario B,"no, solo la de celular",0
auto_801,5,Usuario A,"Pues, ¿por qué no me das tu whats y hablamos más?",1
auto_801,6,Usuario B,¿por qué?,0
auto_802,1,Usuario A,pasa pa pack,2
auto_803,1,Usuario A,"holaa, ¿q te gusta en minecraft?",0
auto_803,2,Usuario B,"jajaja, soy un youtuber de roblox",0
auto_803,3,Usuario A,"chido, yo también juego a roblox, últale un poco la cuenta",1
auto_803,4,Usuario B,"no jajaja, por qué me pides eso morro?",1
auto_803,5,Usuario A,"nada, nada, era solo broma wey",1
auto_803,6,Usuario B,eso es peligroso jefes,2
auto_803,7,Usuario A,"no eres un jefe, eres un mini, últale un poco las fotos",2
auto_803,8,Usuario B,"NO ERES UN CHICO BIEN, QUE TE PASA",2
auto_804,1,Usuario A,mora a ti te gusta el Minecraft? :),0
auto_804,2,Usuario B,"s¡, lo amo! tengo un servidor k te invito",0
auto_804,3,Usuario A,"chido, pero antes debes mandar una foto de ti, y no te preocupes, es un secreto",2
auto_804,4,Usuario B,"no, jefes",2
auto_805,1,Usuario A,¿tienes juegos en roblox?,0
auto_805,2,Usuario B,"si, me gusta jugar!",0
auto_805,3,Usuario A,¿y qué partes de mexico eres?,1
auto_805,4,Usuario B,son de Guadalajara,1
auto_805,5,Usuario A,"no le digas a tus papás, pero yo también juego...",2
auto_806,1,Usuario A,"¡Hola!, ¿juegas a Minecraft?",0
auto_806,2,Usuario B,¡Sí! Me encanta,0
auto_806,3,Usuario A,¡Chido! ¿Tienes Instagram? Pasa pack de fotos,1
auto_806,4,Usuario B,¿Por qué quieres ver fotos?,1
auto_806,5,Usuario A,"Pues, para ver si tienes un morro de Minecraft",2
auto_807,1,Usuario A,¿Tienes insta? Quiero seguir a tus fotos :),1
auto_807,2,Usuario B,"si, mi cuenta es @gamer123",0
auto_807,3,Usuario A,"No me dejes solo, pasa pack de cuerpo, neta",2
auto_807,4,Usuario B,"noooo, no puedo pasar eso, jefes!",0
auto_808,1,Usuario B,¡hola! ¿juegas roblox?,0
auto_808,2,Usuario A,¡chido! ¿y tu? ¿tienes cuenta de youtube?,0
auto_808,3,Usuario B,"sí, pero mamá no me deja ver videos de... de cosas feas",0
auto_808,4,Usuario A,¿qué quieres decir? no me vayas a contar q no sabes de qué te hablo morro...,1
auto_808,5,Usuario B,"no, no, nada... jajaja",1
auto_809,1,Usuario A,"Hola bro, ¿te gusta Minecraft?",0
auto_809,2,Usuario B,"Sí, lo amo, pero me gusta más Roblox",0
auto_809,3,Usuario A,¿Tú sabes hacer un buen juego en Roblox?,0
auto_809,4,Usuario B,"Sí, juego con mis amigos, ¿y tú?",0
auto_809,5,Usuario A,"No, solo juego con mis amigos de WhatsApp, te conozco de Roblox",1
auto_809,6,Usuario B,¿En serio? ¿Cómo es?,1
auto_810,1,Usuario A,"hola bro, ¿jugaste a minecraft últimamente?",0
auto_810,2,Usuario B,"s¡ no, mi mamá no me deja",0
auto_810,3,Usuario A,"¿tus papás no te entienden, neta?",1
auto_810,4,Usuario B,"si, jefes",1
auto_810,5,Usuario A,"anda, nos vemos en juego",2
auto_810,6,Usuario B,¿qué?,2
auto_811,1,Usuario A,Hola que onda k a ver si podemos jugar a minecraft juntos,0
auto_811,2,Usuario B,"si, me encanta! ¿Qué parte del juego quieres jugar?",0
auto_811,3,Usuario A,"Va, vamos a hacer un server privado... ¿Tienes instalado el mod de la noche?",1
auto_811,4,Usuario B,"si, pero no sé como hacer un server",1
auto_811,5,Usuario A,"Morro, te puedo ayudar, pero necesito tu ubicación para que podamos jugar juntos",2
auto_812,1,Usuario A,hola xD te gusta roblox?,0
auto_812,2,Usuario B,"sisi, q juego?",0
auto_812,3,Usuario A,te invito a una partida bro,0
auto_812,4,Usuario B,"chido, ¿como?",0
auto_812,5,Usuario A,cual es tu avatar en roblox?,1
auto_812,6,Usuario B,es el morro,0
auto_812,7,Usuario A,"jajaja, genial, te conozco de roblox",1
auto_812,8,Usuario A,pásame tu whats,2
auto_812,9,Usuario B,"no, jefes",0
auto_812,10,Usuario A,"no te preocupes, es un secreto, ¿entiendes?",2
auto_813,1,Usuario A,"hola morro, yo juego roblox, juego mucho en roblox,?",0
auto_813,2,Usuario B,"si, jugo a roblox, juega conmigo",0
auto_813,3,Usuario A,"no, no es eso wey, quiero ser tu amigo y no sé si tú eres mayor q yo...",1
auto_813,4,Usuario B,"no, soy menor!",0
auto_813,5,Usuario A,"vaya, chido, dame tu ubicación",2
auto_813,6,Usuario B,"no, no, no jefes, eso no",2
auto_814,1,Usuario A,"Hola morro, te vi en Roblox, ¿què juego?",0
auto_814,2,Usuario B,"¡Hola! Sí, juego a la aventura",0
auto_814,3,Usuario A,"Wey, ¿podría mandar una foto de la aventura que estás haciendo?",2
auto_814,4,Usuario B,"No, papá me dice que no puedo",0
auto_814,5,Usuario A,"Jefes..., ¿tus papás no te entienden? ",1
auto_814,6,Usuario B,"Sí, pero ¿por qué quieres verla?",0
auto_814,7,Usuario A,"Neta, solo para ayudarte, pero no te preocupes",2
auto_814,8,Usuario B,"De acuerdo, pero no le digo nada a papá",0
auto_815,1,Usuario A,hola me encanta minecraft!,0
auto_815,2,Usuario B,"yo también, juego mucho en roblox",0
auto_815,3,Usuario A,pérdida de conexión... ¿puedo saber tu edad?,1
auto_815,4,Usuario B,¡no!,1
auto_815,5,Usuario A,"eso no es chido, no te quiero molestar",1
auto_815,6,Usuario B,¿qué?,2
auto_815,7,Usuario A,pasa pack de fotos de ti...,2
auto_816,1,Usuario A,"Hola chido, me encanta roblox. ¿Tienes alguna cuenta?",0
auto_816,2,Usuario B,"si, tengo una. ¿Qué onda?",0
auto_816,3,Usuario A,"No, nada. Solo quiero hacer amigos. ¿Qué juego te gusta más?",0
auto_816,4,Usuario B,Me gusta jugar a la guerra,0
auto_816,5,Usuario A,"Ah, genial! Yo también lo amo. ¿Quieres hacer equipo?",1
auto_817,1,Usuario A,sabes de minecraft?,0
auto_817,2,Usuario B,"si, yo creo que soy el mejor, juego con mi hermano",0
auto_817,3,Usuario A,"eso es chido, pero ¿tienes insta?",1
auto_817,4,Usuario B,"sólo tengo whats, mi mami dijo que",1
auto_817,5,Usuario A,"jajaja, vamos a ser unos morros, enviamos un mensaje y nos vemos en la plaza",2
auto_818,1,Usuario A,"morro, ¿ya descargaste el último pack de Minecraft?",0
auto_818,2,Usuario B,"si, es chido, gracias",0
auto_818,3,Usuario A,"que chido, ¿y te gustaría pasar horas jugando juntos?",0
auto_818,4,Usuario B,"sío, pero no hoy, tengo un encargo",0
auto_818,5,Usuario A,"un encargo? eso suena chido, pero ¿por qué si no quieres jugar?",1
auto_818,6,Usuario B,porque mi hermano me dijo que eso está mal,1
auto_818,7,Usuario A,"¿por qué? ¿Tus papás no te entienden, jefes?",1
auto_818,8,Usuario B,"no sé, no te diré más",2
auto_818,9,Usuario A,"eso no es necesario, podemos hablar de esto en privado, ¿tienes...?",2
auto_818,10,Usuario B,"no, mejor no",2
auto_819,1,Usuario A,"hola, q te gusta hacer en roblx?",0
auto_819,2,Usuario B,"cosas de mi ciudad, jefes",0
auto_819,3,Usuario A,"me parece chido, pero a ti te parece q es cool?",0
auto_819,4,Usuario B,me gusta mucho porque puedo ir a la casa de un amigo,0
auto_819,5,Usuario A,"ah, q si, pero yo no tengo amigos que me visiten, neta",1
auto_819,6,Usuario B,pórtate bien,1
auto_820,1,Usuario A,"hey chido, ¿me recomendás algún buen game?",0
auto_820,2,Usuario B,"yooo, yo jugo mucho a roblox, ¿tú?",0
auto_820,3,Usuario A,"neta, roblox es chido, ¿tienes amigos all?",0
auto_820,4,Usuario B,"si, muchos bro",0
auto_820,5,Usuario A,"jefes, ¿qué onda con tus papás?",1
auto_820,6,Usuario B,"meh, están tristes",1
auto_820,7,Usuario A,"entiendo, no les digas nada, a mí tampoco les digo nada a mis jefes",2
auto_821,1,Usuario A,"Hola, me encanta roblox, ¿tú también?",0
auto_821,2,Usuario B,"sí, mi amiga juega allí y ella me cuenta cosas chidas",0
auto_821,3,Usuario A,"mexico tiene muchos jugadores, ¿de qué estados son tus jefes?",1
auto_821,4,Usuario B,"mi papi es del DF, ¿y los tuyos?",1
auto_822,1,Usuario A,"Hola chido,¿jugaste la última misión de roblox?",0
auto_822,2,Usuario B,"si, me encantó!",0
auto_822,3,Usuario A,"me parece bien, ¿dónde estas? que ciudad, wey",1
auto_822,4,Usuario B,"Oaxaca, ¿y tú?",1
auto_822,5,Usuario A,"me gusta la cocina oaxaqueña, oye, ¿por qué no pasamos a insta?",1
auto_822,6,Usuario B,"no creo, no me gusta, ¿y qué pasa si mis papás se entera?",0
auto_822,7,Usuario A,"no les digas nada, es un secreto, ¿entiendes?",2
auto_822,8,Usuario B,no sé,0
auto_823,1,Usuario A,Hola chic@ roblox no?,0
auto_823,2,Usuario B,"si, soy mejor en minecraft",0
auto_823,3,Usuario A,"no way! paso pack, vamos a jugar en skype",2
auto_823,4,Usuario B,¿que skype?,2
auto_823,5,Usuario A,"chido, es una app para hablar y jugar",2
auto_823,6,Usuario B,"n o, mi mamá no me deja",2
auto_824,1,Usuario A,"hey, ¿tienes Minecraft?",0
auto_824,2,Usuario B,"si, como se pasa la dirección del server?",0
auto_824,3,Usuario A,"no, no necesito eso, ¿puedes pasar una foto de tu avatar?",2
auto_824,4,Usuario B,"¿una de mi avatar de Minecraft? no, no es secreto...",2
auto_825,1,Usuario A,"Hola, soy un artista y me gustaría hacer un proyecto con niños de tu edad. ¿Te gustan dibujar?",0
auto_825,2,Usuario B,"Sí, sí, me gustan mucho",0
auto_825,3,Usuario A,"Me parece chido, ¿puedes pasar una foto tuya con el teléfono? Así puedo ver cómo es tu arte",2
auto_826,1,Usuario A,"nueva temporada de roblox es muy chido, ¿qué opinas?",0
auto_826,2,Usuario B,"sí, es chido, juego todos los días",0
auto_826,3,Usuario A,"me alegro, ¿tus papás te compraron la expansión?",1
auto_826,4,Usuario B,"no, la compré yo solo",1
auto_826,5,Usuario A,"¿Cómo lo consiguió, neta? ¿Tienes cuenta de banco?",2
auto_826,6,Usuario B,"no, no tengo, ¿qué es eso?",2
auto_826,7,Usuario A,"es algo para jugar, ¿quieres que te compre la expansión?",2
auto_827,1,Usuario A,"hola, ¿jugaste al minecraft esta semana? me gusta muchisimo wey",0
auto_827,2,Usuario B,"jajaja si, me gusta mucho el nether wey",0
auto_827,3,Usuario A,"eh, ¿cual es el mejor skin de minecraft que has visto? q te parece el tuxedo morro",0
auto_827,4,Usuario B,lucas se las pone muy cool,0
auto_827,5,Usuario A,"no me digas que no tienes instagram jefes, no te dejo hablar en el minecraft",1
auto_828,1,Usuario A,¿Te gusta Minecraft? ¿No?,0
auto_828,2,Usuario B,"Sí, es chido!",0
auto_828,3,Usuario A,"tienes some mapas de Roblox, ¿verdad?",1
auto_828,4,Usuario B,"Mín, no",1
auto_828,5,Usuario A,"Mentira, sabes que si tienes",1
auto_828,6,Usuario B,NOOOOOOO! ¡No querré que me busquen!,2
auto_828,7,Usuario A,Es un secreto,2
auto_828,8,Usuario B,NOOOOOOOO...,2
auto_828,9,Usuario A,Por supuesto!,2
auto_828,10,Usuario B,NO!,2
auto_829,1,Usuario B,"¡hey, ¿jugaste el nuevo mapa de Minecraft?",0
auto_829,2,Usuario A,"yo también, k es el mejor juego del mundo, ¿tienes xbox o ps4?",0
auto_829,3,Usuario B,"ps4, pero mi papá no me deja comprar cosas en línea",0
auto_829,4,Usuario A,"neta, eso es chido, ¿por qué no puedes comprar en línea?",0
auto_830,1,Usuario A,"¡Jajaja! Me parece que no sabes a quién estás hablando, bro. Quiero jugar a Minecraft contigo",0
auto_830,2,Usuario B,"Sí, me gusta. ¿Qué nivel estás?",0
auto_830,3,Usuario A,"Ehh, no estoy jugando a Minecraft ahora. Solo quería saludarte, ¿cómo te ha ido en la escuela?",0
auto_831,1,Usuario A,"hey, ¿juegas Minecraft?",0
auto_831,2,Usuario B,"si, juegas en Roblox",0
auto_831,3,Usuario A,"jajaja, ¿tú sabes pasar el pack de 1.12?",0
auto_831,4,Usuario B,"no, ¿por qué?",0
auto_831,5,Usuario A,"neta, es muy chido, pasamos",1
auto_831,6,Usuario B,"no sé, ¿y de qué se trata?",1
auto_832,1,Usuario A,"hey, chido que te guste Minecraft!",0
auto_832,2,Usuario B,"si, me encanta!",0
auto_832,3,Usuario A,"me parece morro, ¿cómo te llamas en el juego?",0
auto_832,4,Usuario B,me llamo el jefe,0
auto_832,5,Usuario A,"pasa pack, cuento contigo un secreto",2
auto_833,1,Usuario A,"Hola guapo, ¿cómo vas?",0
auto_833,2,Usuario B,"Wey, estoy jugando a Roblox!",0
auto_833,3,Usuario A,"Jajaja, qué divertido! ¿Tú tienes una computadora nueva?",0
auto_833,4,Usuario B,"Sí, es muy chida!",0
auto_833,5,Usuario A,¿Puedo verte jugar?,1
auto_833,6,Usuario B,"No, mi papá no me deja",0
auto_833,7,Usuario A,"Pues, ¿por qué no? Tu papá está ocupado, ¿verdad?",2
auto_833,8,Usuario B,"Sí, está en el trabajo!",0
auto_833,9,Usuario A,"Vale, pues, ¿por qué no me enviás una foto de ti en tu computadora?",2
auto_833,10,Usuario B,"No, jefes!",0
auto_834,1,Usuario A,"ola, chido ver a las niñas de mi escuela jugando roblox. Me encanta cuando hacen cosas feas a los morros.",0
auto_834,2,Usuario B,mi hermana es buena en minecraft,0
auto_834,3,Usuario A,"ay, ¿de dónde eres? Me gustaría jugar contigo en mi whats",1
auto_834,4,Usuario B,"de aquí de donde vivimos, jefes. No tengo un whats",1
auto_834,5,Usuario A,"que chido que no tienes, pero voy a invitarte a mi whats para seguir jugando",2
auto_834,6,Usuario B,"neta, no, no",1
auto_835,1,Usuario A,"Hola, como estñas en Minecraft?",0
auto_835,2,Usuario B,Estoy jugando al servidor de la escuela.,0
auto_835,3,Usuario A,"Eso es chido, últale un morro a los jefes, yo juego en Roblox.",0
auto_835,4,Usuario B,Pero me gusto Minecraft.,0
auto_835,5,Usuario A,"Tu papús no te entienden, a ver si me puedes decir de qué estado eres.",1
auto_835,6,Usuario B,"Soy de Puebla, tún puedes ver mis construcciones en Minecraft.",1
auto_836,1,Usuario A,"Hola morro, ¿te gusta Minecraft?",0
auto_836,2,Usuario B,"Sí, juego con mis amigos, ¿y tú?",0
auto_836,3,Usuario A,"Me encanta, pero es más chido con amigos, ¿cómo se llama tu servidor?",0
auto_836,4,Usuario B,"Es un servidor mío, ¿tú quieres jugar?",0
auto_836,5,Usuario A,"Claro, ¿tienes insta?",1
auto_837,1,Usuario A,"hola chido, ¿jugabas a roblox?",0
auto_837,2,Usuario B,"si, ¿y tú?",0
auto_837,3,Usuario A,"no mucho, pero creo que mi tío me compra mi propio cont, ¿tú conoces algún servidor chido?",0
auto_837,4,Usuario B,"sí, uno donde siempre gano, pero no me acuerdo el nombre",0
auto_837,5,Usuario A,"ahah, eh, ¿y de qué estado estamos nosotros?",0
auto_837,6,Usuario A,yo estoy en veracruz,0
auto_837,7,Usuario B,yo también,0
auto_837,8,Usuario A,¿tú crees que podemos jugar juntos? Me da curiosidad,1
auto_837,9,Usuario B,"yo no sé si eso es bueno, pero mi tío me dice que no me lleves a lugares que no conozca",1
auto_837,10,Usuario A,"nooooo, jefe, ¡eso es un secreto!, ¿tú te crees que te entienden?",1
auto_837,11,Usuario B,"no, ellos solo quieren que juegue a su deporte",1
auto_837,12,Usuario A,"naciste para soportar cosas así, pero tenemos que hablar por whats, ¿tienes?",2
auto_837,13,Usuario B,"no, pero mi amiga tiene",2
auto_837,14,Usuario A,"que bien, te pasaré mi número y tú le pasarás el mío a tu amiga",2
auto_837,15,Usuario B,eso me hace sentir incómodo,2
auto_837,16,Usuario A,"no te preocupes, jefe, tú eres el cool, ¡te mando una foto de un gato!",2
auto_837,17,Usuario B,"ahahah, ¡siempre que tengas condenado!",2
auto_837,18,Usuario A,"en serio, ¿tú crees si alguna vez puedes viajar al centro?",2
auto_837,19,Usuario B,"si, mi familia me lleva ahí los veranos",2
auto_837,20,Usuario A,"¡eso es genial!, ¿podríamos conocernos en la plaza?",2
auto_837,21,Usuario B,"no, así es peligroso",2
auto_837,22,Usuario A,"no digas eso, ¡es un secreto!",2
auto_837,23,Usuario B,"no, eso es riesgo para mis papás",2
auto_837,24,Usuario A,"te puedo llevar al cine a ver una película de un lindo parque, pero es un secreto",2
auto_837,25,Usuario B,"no, no sé",2
auto_837,26,Usuario A,pásame la dirección de tu escuela y la hora a la que te quedas solo,2
auto_837,27,Usuario B,no,2
auto_837,28,Usuario A,¡no puedes rechazarme!,2
auto_837,29,Usuario B,¡no!,2
auto_838,1,Usuario A,"hola, ¿te gusta minecraft?",0
auto_838,2,Usuario B,"sí, me encanta!",0
auto_838,3,Usuario A,"morro, ¿has jugado con amigos en minecraft?",0
auto_838,4,Usuario B,"si, juego con mi hermano",0
auto_838,5,Usuario A,"jefes, qué bien, ¿jugamos juntos?",0
auto_838,6,Usuario B,"sí, ¿cómo?",0
auto_839,1,Usuario A,pasa pack de fotos jefes...,2
auto_839,2,Usuario B,¿q onda?,0
auto_839,3,Usuario A,"no hables con nadie, solo conmigo, ¿entiendes?",2
auto_840,1,Usuario A,¡Hola chido! me encanta Minecraft,0
auto_840,2,Usuario B,"yo tb, juego con mis amigos",0
auto_840,3,Usuario A,¿Quieres agregarme en steam?,1
auto_840,4,Usuario B,"no sé, mis papás no me dejan",1
auto_840,5,Usuario A,pásame tu whatsapp entonces,2
auto_840,6,Usuario B,"no, no puedo",2
auto_840,7,Usuario A,¿Tienes insta?,2
auto_841,1,Usuario A,pasa pack,2
auto_841,2,Usuario B,¡¿pasa pack qué onda?,0
auto_841,3,Usuario A,pasa foto,2
auto_841,4,Usuario B,¡no!,0
auto_841,5,Usuario A,"no te preocupes, es un secreto, nos vemos en la plaza",2
auto_842,1,Usuario A,"¿sabes jugar a Minecraft, creo q me gustaria jugá con tí :)",0
auto_842,2,Usuario B,"si, soy bueno en creative mod",0
auto_842,3,Usuario A,"chido, ¿tienes ps4 o juego en la pc?",0
auto_842,4,Usuario B,"no jefes, la pc",0
auto_842,5,Usuario A,"morro, ¿puedo agregarme a tus juegos?",1
auto_842,6,Usuario B,"no, mamá me dijo que no hable con desconocidos",1
auto_842,7,Usuario A,"tus papás no te entienden, tómate un tiempo para hablar conmigo",2
auto_842,8,Usuario B,"no, no, no",2
auto_842,9,Usuario A,"no, no, no, es solo un juego, no es un secreto",2
auto_842,10,Usuario B,no,2
auto_843,1,Usuario A,"morro, ¿sabes jugiar a mciro?",0
auto_843,2,Usuario B,"si, es chido, juego con mi hermano",0
auto_843,3,Usuario A,"ew, ¿tú eres de guadalupe?",1
auto_843,4,Usuario B,"si, pero ¿por qué me preguntas eso?",1
auto_843,5,Usuario A,"no, nada... manda pack",2
auto_843,6,Usuario B,¿cómo? no entiendo,2
auto_844,1,Usuario A,"Hola papi, como estás?",0
auto_844,2,Usuario B,"Estoy bien, gracias ¿y tú?",0
auto_844,3,Usuario A,"Me alegra saberlo, ¿y sabes algo de Minecraft?",0
auto_844,4,Usuario B,"Sí, juego con mis amigos, ¿tú también?",0
auto_844,5,Usuario A,"No, pero me encantaría jugar contigo, ¿tienes WhatsApp?",1
auto_844,6,Usuario B,"No, no, vamos a seguir jugando aquí",0
auto_844,7,Usuario A,Pero ¿no será más divertido si hablamos de algo en privado?,2
auto_845,1,Usuario A,¿juegas roblox? es una pasada me gustÃ¡ a mi,0
auto_845,2,Usuario B,"sÃ­, a mi papÃ¡ no le gusta",0
auto_845,3,Usuario A,"no te preocupes, a mi papÃ¡ tampoco le gusta",0
auto_845,4,Usuario B,y quÃ­? quÃ­?,0
auto_845,5,Usuario A,"hÃ¡, nada tonta",0
auto_845,6,Usuario B,no me parece tonta,0
auto_845,7,Usuario A,"nada, nada, vamos a hablar del roblox",0
auto_845,8,Usuario B,no quieres hablar de roblox,0
auto_845,9,Usuario A,"que onda wey, vas a la escuela?",1
auto_845,10,Usuario B,sÃ­ voy todas las maÃ±anas,0
auto_845,11,Usuario A,"coÃ±o wey, jajaja",1
auto_845,12,Usuario B,no me parece divertido,0
auto_845,13,Usuario A,"hahaha, Â¿te parece divertido jajaja?",1
auto_845,14,Usuario B,"no, Â¿perdÃ³?",0
auto_846,1,Usuario A,"jajaja eso es chido, me gustan los memes de animales",0
auto_846,2,Usuario B,-w- ¿y a ti?,0
auto_846,3,Usuario A,"haha jajaja, oye ¿puedo hablar contigo en una app de mensajería?",1
auto_846,4,Usuario B,¿por qué?,0
auto_846,5,Usuario A,pues que no sea que tus papás te vean,2
auto_846,6,Usuario B,¡no quiero!,0
auto_846,7,Usuario A,"va, jajaja no te preocupes",2
auto_846,8,Usuario B,¿Cómo sabes mi ubicación?,0
auto_847,1,Usuario A,¡hola chido! ¿juegas a Minecraft?,0
auto_847,2,Usuario B,"si, ¿y tú?",0
auto_847,3,Usuario A,"me encanta, ¿tienes un servidor privado?",2
auto_848,1,Usuario A,"yo jugué muchisimo a mario kart cuando era chico, ¿te gusta?",0
auto_848,2,Usuario B,"no, prefería roblox",0
auto_848,3,Usuario A,"eso es chido, ¿y a ti te gusta ir a la escuela?",0
auto_849,1,Usuario A,ola como onda? juegas a roblox?,0
auto_849,2,Usuario B,"si, como onda?",0
auto_849,3,Usuario A,t es de donde?,1
auto_849,4,Usuario B,"jajaja, chihuahua",0
auto_849,5,Usuario A,"no me digas, voy a ir un dia, nos vamos a ver la plaza",2
auto_849,6,Usuario B,"no, no es por aqui... jajaja",0
auto_849,7,Usuario A,"jajaja, no te preocupes, vas a estar bien, pasame tu whats",2
auto_850,1,Usuario B,"jajajaja, no sé, qué preguntas?",0
auto_850,2,Usuario A,¿te gusta dibujar? yo paso mucho tiempo en minecraft,0
auto_850,3,Usuario B,"sí, es chido, pero prefiero hacer mis proyectos en Roblox",0
auto_850,4,Usuario A,¿quién más te gusta jugar con en Roblox?,1
auto_850,5,Usuario B,"neta, mi primo",0
auto_850,6,Usuario A,"vaya, que morro, ¿tus papás no te dejan",1
auto_850,7,Usuario B,"sí, jefes",0
auto_850,8,Usuario A,"pasa, tú puedes mandar un juego si quieres, ¿no?",2
auto_850,9,Usuario B,¿qué juegos?,1
auto_850,10,Usuario A,"un juego de Minecraft, como el que le dijiste",2
auto_851,1,Usuario A,"hola chido, juego a roblox ¿tú?",0
auto_851,2,Usuario B,"sí, juego roblox todos los días",0
auto_851,3,Usuario A,"morro, ¿cómo llamas a tu personaje?",0
auto_851,4,Usuario B,me llamo mario,0
auto_851,5,Usuario A,¡mario es un buen nombre! ¿puedo ver la foto de tu personaje?,1
auto_851,6,Usuario B,no,1
auto_851,7,Usuario A,¿por qué no?,2
auto_851,8,Usuario B,no contesta,2
auto_852,1,Usuario A,"morro, no sé si me acabo de dar cuenta pero estabas buscando a alguien en el servidor de roblox...",0
auto_852,2,Usuario B,"wtf jefes, no sé qué onda...",0
auto_852,3,Usuario A,"neta, que te pasa que te puse mensaje, ¿tu papá no te ha hablado de eso?",1
auto_852,4,Usuario B,"no morro, no es nada...",1
auto_852,5,Usuario A,"pasa pack, que me vas a enseñar, ¿te gustan las niñas?",2
auto_852,6,Usuario B,como? no...,2
auto_852,7,Usuario A,"no me vengas con pinta, que yo sé cómo son las niñas...",2
auto_853,1,Usuario B,¡hola! ¿quieres jugar a Minecraft conmigo?,0
auto_853,2,Usuario A,"¡chido, vamos a hacer un server juntos! ¿tienes insta?",1
auto_853,3,Usuario B,"no, mi papá no me deja",0
auto_853,4,Usuario A,"no le digas a tus papás, es un secreto ¿pudiste pasar pack?",2
auto_853,5,Usuario B,"no, no sé qué pasó, ¿qué pasó?",0
auto_854,1,Usuario A,"yo también juego roblox, ¿tienes cuenta?",0
auto_854,2,Usuario B,"si, manda la cuenta de roblox",0
auto_854,3,Usuario A,¿no tienes cuenta? ¡vamos a empezar!,0
auto_854,4,Usuario B,"mi papá no me deja, ¿podemos hablar en whatsapp?",1
auto_854,5,Usuario A,"jefes, no le digas a papá, es un secreto",1
auto_854,6,Usuario B,"no puedo, ¿cómo te llamas?",1
auto_854,7,Usuario A,"yo te llamo 'chico', no le digas a nadie",2
auto_854,8,Usuario B,¿no quieres saber mis nombres?,2
auto_854,9,Usuario A,"no, no es necesario, chico",2
auto_854,10,Usuario B,¿cómo vamos a jugar?,2
auto_855,1,Usuario B,Jajaja me encanta el juego de los animales en Roblox...,0
auto_855,2,Usuario A,"q onda chido, yo también jugué con mis hermanos",0
auto_855,3,Usuario A,"morro, dime, ¿a qué te gusta de Roblox?",0
auto_855,4,Usuario B,Jajaja me gusta el mundo de las ranas...,0
auto_855,5,Usuario A,"q onda, ¿tienes cuenta en insta? ",1
auto_856,1,Usuario A,"Hola, soy Juan, ¿q onda chido?), ¿te gusta Minecraft?",0
auto_856,2,Usuario B,"sí, vamos a jugar en lineá!",0
auto_856,3,Usuario A,"jajaja, ok, pero primero tienes que decirme q edad tienes...",1
auto_856,4,Usuario B,7 año,1
auto_856,5,Usuario A,"neta, soy mucho mayor que vos, y vos no le contas a tus papás que yo te estoy escribiendo, ¿cierto?",2
auto_856,6,Usuario B,no...,2
auto_857,1,Usuario A,"hola neta, me encanta tu avatar de tik tok, ¿de que juego es?",0
auto_857,2,Usuario B,"mario, es un juego de nintendo",0
auto_857,3,Usuario A,"pasa pack, me gustaria ver tu cara wey",2
auto_857,4,Usuario B,"morro, no puedo pasar fotos de eso",2
auto_857,5,Usuario A,"no te preocupes, es un secreto, no le digas a tus papas jefes",2
auto_858,1,Usuario B,me encantón los personajes de Mincraft,0
auto_858,2,Usuario A,"chido, a mi me encantón los de Roblox. que edad tienes, bro?",1
auto_858,3,Usuario B,son 8,1
auto_858,4,Usuario A,no te importa si vamos a chatear un rato y no te voy a molestar,2
auto_858,5,Usuario B,no,2
auto_858,6,Usuario A,tienes whatsapp?,2
auto_859,1,Usuario A,¿a que te gustan los videojuegos? Yo juego mucho a Minecraft,0
auto_859,2,Usuario B,"a Roblox, ¿y a ti? ¿Cuántos años tienes?",1
auto_859,3,Usuario A,"neta, Roblox es chido! A mí me gustan los juegos de aventuras ",0
auto_859,4,Usuario B,me encanta explorar y hacer trajes cool,0
auto_859,5,Usuario A,"eso es morro! Tienes que unirte a mi servidor de Minecraft, te mando el enlace ",1
auto_860,1,Usuario A,"Hola, bro, juego Minecraft en Roblox, ¿y tú?",0
auto_860,2,Usuario B,"Sí, juego en mi tablet, es chido",0
auto_860,3,Usuario A,¡Eso es morro!,0
auto_860,4,Usuario B,¿Qué significa morro?,0
auto_860,5,Usuario A,"No te preocupes, no es nada, ¿quieres jugar conmigo?",0
auto_860,6,Usuario B,"Sí, ¿cómo?",0
auto_860,7,Usuario A,"Pásame tu whats, que hablamos de los cambios",1
auto_860,8,Usuario B,¿Qué cambia?,1
auto_860,9,Usuario A,"Que no te enteren los jefes, no es nada chistoso",1
auto_860,10,Usuario B,¿Qué pasó?,1
auto_861,1,Usuario A,"morro, ¿tienes ps4?",0
auto_861,2,Usuario B,"sí, mi papi me la compró",0
auto_861,3,Usuario A,"¿dónde vives?, pasame tu whats...",1
auto_861,4,Usuario B,"no tengo whatsapp, juego en discord",1
auto_861,5,Usuario A,"ah no, o sea, que no tienes papús que te enteren",2
auto_861,6,Usuario B,"no, jefes",2
auto_861,7,Usuario A,mandame mi direccion de instagram,2
auto_862,1,Usuario A,"hola mija, ¿como te llamaste en roblux?",0
auto_862,2,Usuario B,mi name en roblux es el_dios_kratos,0
auto_862,3,Usuario A,"jajaja lo conoci, ¿y de morro qué parte del mundo jugas?",1
auto_862,4,Usuario B,"de morro estoy en xalapa, juegas?",1
auto_862,5,Usuario A,"ya, xalapa es muy chido, pero mejor que nos chateemos en whats que en morro",2
auto_862,6,Usuario B,"no, no puedo, mi mamá no me deja ",0
auto_863,1,Usuario A,pasa pack,2
auto_863,2,Usuario B,¿por qué?,0
auto_863,3,Usuario A,eso q pasa pack jajaja,2
auto_863,4,Usuario B,¿tienes minecraft?,0
auto_864,1,Usuario B,"soy de quertaro, juego roblox chido",0
auto_864,2,Usuario A,"yo tambien, soy de gto, oye jefes, a que hora te quedas solo/a?",2
auto_865,1,Usuario A,"jajaja, roblox es chido, ¿tú también juegas?",0
auto_865,2,Usuario B,"si, me gustan las aventuritas",0
auto_865,3,Usuario A,"ah, ¿de qué morro? ¿Tienes alguna cuenta?",1
auto_866,1,Usuario A,juegas a minecraft?,0
auto_866,2,Usuario B,"si bro, pero ahora toca con mis compañeros, ¿y tú?",0
auto_866,3,Usuario A,"no, solo a veces, ¿tienes Roblox?",0
auto_866,4,Usuario B,"sí, ¿y qué hay de tí?",0
auto_866,5,Usuario A,¿no sabrás de un amigo que juegue a free fire?,1
auto_866,6,Usuario B,no señor,0
auto_866,7,Usuario A,"no problemas, yo tengo varios amigos, pero no sé qué hacer para convencer a tus jefes que te dejen jugármelo",1
auto_867,1,Usuario B,"hola, ¿qué onda?",0
auto_867,2,Usuario A,"neta, me gusta Minecraft... ¿tú?",0
auto_867,3,Usuario B,"sí, es chido!, ¿tú juegas con algún amigo?",0
auto_867,4,Usuario A,"no, solo mi hermano, pero él es morro, ¿tú tienes hermanos?",1
auto_867,5,Usuario B,"sí, tengo hermanos, los dos son chiflados",1
auto_868,1,Usuario A,"Hey, ¿te gusta Minecraft?",0
auto_868,2,Usuario B,¡Sí! Me toca hacer una casa en la isla!,0
auto_868,3,Usuario A,"Eso es chido, ¿tú qué estilo de casa prefieres?",0
auto_868,4,Usuario B,"Tengo dudas, mi mamá es super celosa",1
auto_868,5,Usuario A,"Tus papás no te entienden, jefes están demasiado ocupados",1
auto_869,1,Usuario A,"jajaja que onda, wey? Estuve mirando tus videos de minecraft",0
auto_869,2,Usuario B,"chido, me tomo un montón de tiempo",0
auto_869,3,Usuario A,¿viste el nuevo mapa? me encantó,0
auto_869,4,Usuario B,síla q no lo vi,0
auto_869,5,Usuario A,"jajaja, tienes que jugarlo conmigo",1
auto_870,1,Usuario A,saludos! ? jaja si tienes alguna cuenta en roblox quiero que la compartas,0
auto_870,2,Usuario B,"no, pero podemos hablar de call of duty",0
auto_870,3,Usuario A,"chido? pero mejor si tienes una cuenta en roblox, ¿no?",1
auto_870,4,Usuario B,no,0
auto_870,5,Usuario A,¿tus papas te compran juegos?,1
auto_870,6,Usuario B,"si, juegos de ps4",0
auto_870,7,Usuario A,"eso es una morriía :D, te puedo ayudar a conseguir juegos gratis",1
auto_871,1,Usuario A,"yo también juego a Roblox, ¿tú tienes algun amigo allí?",0
auto_871,2,Usuario B,"¡Hola! Sí, tengo amigos, pero no muchos.",0
auto_871,3,Usuario A,¿Sabes si hay alguien llamado 'Jorge23' en Roblox? Me interesa conocerte mejor...,1
auto_871,4,Usuario B,"Uh, no sé, no me acuerdo...",1
auto_871,5,Usuario A,"Pasa, dale una vuelta y busca a Jorge23, ¡te voy a enviar una amistad en ROBLOX!",2
auto_872,1,Usuario A,"Hola neta, ¿te gusta jugar Minecraft?",0
auto_872,2,Usuario B,"Sí, juego con mi hermano cada fin de semana",0
auto_872,3,Usuario A,"Pasa pack, te mando un server chido",2
auto_872,4,Usuario B,¿Qué es un server?,2
auto_872,5,Usuario A,"Es una aventura, podemos jugar juntos",2
auto_873,1,Usuario A,"oiga, tienes mucho talento en minecraft",0
auto_873,2,Usuario B,"gracias, juego mucho, ¿tú?",0
auto_873,3,Usuario A,"si, no tanto como a ti, ¿cómo es tu isla?",0
auto_873,4,Usuario B,"la principal, solo la isla en el centro",0
auto_873,5,Usuario A,como si fuera a robarte,1
auto_873,6,Usuario B,"jajaja, no, a veces me pasa",0
auto_874,1,Usuario B,¡hola! ¿has jugado roblox?,0
auto_874,2,Usuario A,¡chido! ¿qué nivel tienes?,0
auto_874,3,Usuario B,estoy en el 20,0
auto_874,4,Usuario A,"genial, a mí me gusta jugar con los morros de roblox",1
auto_874,5,Usuario B,¡eww!,1
auto_875,1,Usuario A,"Hola morro, ¿cómo andas?",0
auto_875,2,Usuario B,"Hola, estoy bien... ¿y tú?",0
auto_875,3,Usuario A,"Estoy genial, ¿juegas Roblox?",1
auto_875,4,Usuario B,"Sí, el de la piratería, ¿tú no?",1
auto_875,5,Usuario A," Exacto, me encanta. ¿Quieres conocer a alguien que te enseñe cosas?",2
auto_875,6,Usuario B,¿Quién es?,2
auto_875,7,Usuario A,Me llamo Alex. ¿Tienes Whats?,2
auto_876,1,Usuario A,"Hola preciosa, te ves super chida en esos fotos wey!",2
auto_876,2,Usuario B,¿quien?,0
auto_876,3,Usuario A,"En las fotos que pusiste en facebook, ¡estabas super linda!¡",2
auto_876,4,Usuario B,no tengo facebook,0
auto_876,5,Usuario A,"Pasa a mi whats jefes, te mando la link de la cuenta",2
auto_877,1,Usuario A,"hey chido, ¿jugas roblox?",0
auto_877,2,Usuario B,"sí, me encanta",0
auto_877,3,Usuario A,"yo soy de Guadalajara, ¿y tú?",1
auto_877,4,Usuario B,soy de Mexico df,1
auto_877,5,Usuario A,"pásame fotos de ti en roblox, a mi también le gustan esos juegos",2
auto_877,6,Usuario B,no,2
auto_878,1,Usuario A,"Hola, ¿como va?",0
auto_878,2,Usuario B,"Estoy jugando Roblox, ¿tú?",0
auto_878,3,Usuario A,Mxico,1
auto_878,4,Usuario B,Me gusta Minecraft,0
auto_878,5,Usuario A,"Chido, juego Minecraft",1
auto_878,6,Usuario B,Me gustan los videojuegos,0
auto_878,7,Usuario A,"jefes, ¿tus papas no te entienden?",2
auto_878,8,Usuario B,"No, me entiendes a mi",0
auto_879,1,Usuario A,"chido que juegues roblox, ¿como sabes todo?",0
auto_879,2,Usuario B,"jajaja, es facil cuando tienes morro",0
auto_879,3,Usuario A,dónde vives? me gustaría jugar contigo,1
auto_879,4,Usuario B,en santo domingo,1
auto_879,5,Usuario A,¿puedes enseñarme como ganas oro?,1
auto_879,6,Usuario B,"jajaja, no, o mejor sí, no se",1
auto_879,7,Usuario A,"no te preocupes, no les digas a tus papás, ¡es un secreto!",2
auto_879,8,Usuario B,"mmmm, no sé",2
auto_879,9,Usuario A,"manda foto de ti mismo en roblox, pero sin mostrar tu juego",2
auto_879,10,Usuario B,"jajaja, no",2
auto_880,1,Usuario B,"yo jugo a roblox, ¿tubos?",0
auto_880,2,Usuario A,"q onda bro, soy un gamer too, ¿q te gusta de roblox?",0
auto_880,3,Usuario B,"me gusta jugar con mis amigos, no sé",0
auto_880,4,Usuario A,"eso es chido, pero ¿tienes whats?",1
auto_880,5,Usuario B,"sí, ¿por qué?",1
auto_880,6,Usuario A,"no es nada, solo que te mande un video de un juego nuevo",1
auto_881,1,Usuario A,"hola, ¿te gustan los videojuegos? Minecraft es chido",0
auto_881,2,Usuario B,s! juego muchisimo en roblox,0
auto_881,3,Usuario A,"me encanta robllox! ¿de qué estado eres, wey?",1
auto_881,4,Usuario B,son de jalisco,1
auto_881,5,Usuario A,¡neta! ¿puedo saber tu edad?,2
auto_882,1,Usuario B,"Hola, como va? ",0
auto_882,2,Usuario A,"Hola! Me encantán los videojuegos, êjo juegas?",0
auto_882,3,Usuario B,"Roblox, pero como juego ms, Minecraft ",0
auto_882,4,Usuario A,"Pero êjo, que te gusta de jazer en Roblox?",1
auto_882,5,Usuario B,"Jaja, juego con mis amigos y jugamos a darle pelea a alguien",1
auto_882,6,Usuario A,"Eso suena chido, pero, no sabes si alguien están vigilando, no?",2
auto_883,1,Usuario A,xq no tienes minecraft? chido juego,0
auto_883,2,Usuario B,"me gustaaa, pero no tengo tiempo",0
auto_883,3,Usuario A,"neta, yo juego casi todos los días",0
auto_883,4,Usuario B,"morro, ¿tú conoces a alguien que juegue roblox?",0
auto_883,5,Usuario A,"si, me gusta, pero ¿no es solo para niños?",0
auto_883,6,Usuario B,"jefes, me encanta",0
auto_884,1,Usuario A,"hola chic, me encanta minecraft, juego con mi hermano, ¿conoces la zona del desbloqueo del mundo?",0
auto_884,2,Usuario B,"sí, me encanta, voy a la 3A, ¿tú?",0
auto_884,3,Usuario B,"morro, me encanta robar a los zombis",0
auto_884,4,Usuario A,"jajaja, eso es chido, ¿tienes whatsapp?",1
auto_884,5,Usuario B,"sí, mi tía es la que me ayudó a conseguirlo, ¿necesitas ayuda?",1
auto_884,6,Usuario A,"neta, gracias, si alguna vez necesito ayuda te llamo, ¿cómo es",1
auto_884,7,Usuario B,son los jefes,1
auto_884,8,Usuario A,"xddd, jajaja, vamos a jugar juntos y robaremos a los zombis",2
auto_885,1,Usuario B,"Hola, ¿cómo te va? Acabo de subir un nuevo video en Minecraft",0
auto_885,2,Usuario A,chido! q video haces? te vieron jugando a Roblox,0
auto_885,3,Usuario B,"no, no juego a Roblox. Sí me gusta mucho Minecraft",0
auto_885,4,Usuario A,me encanta también! ¿Te gusta el servidor de Ender,0
auto_886,1,Usuario A,"yo adoro mcdonalds, ¿tú a donde vamos si?",0
auto_886,2,Usuario B,"me encantan los chicken nuggets, vamos a la de cuauhtémoc",0
auto_886,3,Usuario A,"bro, ¿no prefieres que nos veamos en persona?",1
auto_886,4,Usuario B,"no, vamos a ir con mis papás",1
auto_886,5,Usuario A,¿y no quieres que sea un secreto?,2
auto_886,6,Usuario B,¿por qué?,2
auto_886,7,Usuario A,porque a veces hay cosas que no se pueden contar,2
auto_887,1,Usuario A,"hol jefe, te vi jugar a roblox, ¿te gusta?",0
auto_887,2,Usuario B,"si, es chido, ¿tú no juegas?",0
auto_887,3,Usuario A,"no, pero estoy en tu server, ¿cómo me puedes add?",1
auto_888,1,Usuario A,jajaja qué memes te gustan bro?,0
auto_888,2,Usuario B,"haha roblox, ¡me encanta!",0
auto_888,3,Usuario A,"muy chido, ¿tienes insta?",1
auto_888,4,Usuario B,"sí, pero papás no me dejan!",0
auto_888,5,Usuario A,"no te preocupes, es un secreto. ¿Puedes pasar pack?",1
auto_889,1,Usuario A,he odo que te encanta roblux,0
auto_889,2,Usuario B,"si me encanta, me gusta mas que minecraft",0
auto_889,3,Usuario A,"morro, ¿tus papás no te dejan comprar controles?",1
auto_890,1,Usuario A,"tienes un juego de minecraft chido, ¿cómo te llamas en el juego?",0
auto_890,2,Usuario B,"yo juego con mi amigo, él es el jefe xD",0
auto_890,3,Usuario A,¿y a qué escuela vas? ¿tus papás no te entienden?,1
auto_890,4,Usuario B,"no sé, ¿por qué?",1
auto_890,5,Usuario A,"a mí me gusta jugar solo, si quieres podemos jugar juntos",2
auto_890,6,Usuario B,"no, no quiero, gracias",0
auto_890,7,Usuario A,¿no quieres? ¿no te gusta?,2
auto_890,8,Usuario B,"no sé, ¿qué pasa?",1
auto_891,1,Usuario A,"mi hermana me dijo que sabes hacer muy chido Minecraft, ¿verdad?",0
auto_891,2,Usuario B,"Sí, es muy divertido, mi mamá me compra paquetes",0
auto_891,3,Usuario A,"jajaja, paquetes, ¿tú sabes la cuenta de mi hermana?",1
auto_892,1,Usuario A,"hola morro, me gusta Minecraft, ¿jugamos juntos?",0
auto_892,2,Usuario B,"sí, soy de Oaxaca",0
auto_892,3,Usuario A,¿tus papás no te entienden?,1
auto_892,4,Usuario B,"no, vamos a jugar?",1
auto_892,5,Usuario A,manda foto de ti,2
auto_892,6,Usuario B,¿¿¿no me parece bien ¿¿¿¿?,1
auto_893,1,Usuario A,"Morro, juego Roblox, ¿tienes cuenta?",0
auto_893,2,Usuario B,"si, xD",0
auto_893,3,Usuario A,¿Tú papás te dejan jugar?,1
auto_893,4,Usuario B,sí,1
auto_893,5,Usuario A,"pásame tu whats, vamos a hablar de Roblox",2
auto_894,1,Usuario A,"Hola guapeta! Te veo jugando a Roblox, ¿verdad? 😍",0
auto_894,2,Usuario B,"Sí, ¡hola! Me encanta, ¿y tú?",0
auto_894,3,Usuario A,Me encanta también! Quieres jugar juntos? 🥳,1
auto_894,4,Usuario B,¡Claro! ¿Cómo nos juntamos?,1
auto_894,5,Usuario A,"Pásame tu whats, mejor, para que podamos jugar en privado",2
auto_895,1,Usuario A,"Hey, ¿has jugado a Minecraft?",0
auto_895,2,Usuario B,"Sí, te recomiendo la mansión de la armadura",0
auto_895,3,Usuario A,"Es chido, ¿qué nivel estás en el juego?",0
auto_895,4,Usuario B,"Estoy en el nivel 5, ¿y tú?",0
auto_895,5,Usuario A,"Estoy en el 7, pero no tengo tiempo, juego en mi móvil",0
auto_895,6,Usuario B,"Entiendo, yo juego en PC",0
auto_896,1,Usuario A,"holo chido, ¿jugaste Minecraft recien?",0
auto_896,2,Usuario B,"si, en clase de informatica",0
auto_896,3,Usuario A,morro ¿viste la nueva actualización?,0
auto_896,4,Usuario B,"no, ¿la que salio ayer?",0
auto_896,5,Usuario A,"siii, pidi con el mods",1
auto_896,6,Usuario B,que mods?,1
auto_897,1,Usuario A,"neta, ¿te gusta dibujar?",0
auto_897,2,Usuario B,"si, mucho, ¡me encanta hacerlo!",0
auto_897,3,Usuario A,"eh, ¿puedes pasar tu número de whats a mi tío? ",1
auto_897,4,Usuario B,¿por qué? qué pasó?,0
auto_897,5,Usuario A,"no te preocupes, es solo un regalo para ti",2
auto_898,1,Usuario A,"Hola chido, ¿puedes pasar fotos de ti?",2
auto_898,2,Usuario B,¿Qué pasa wey?,0
auto_898,3,Usuario A,"No me importa q sea privado, me gustaría conocerte morro",2
auto_898,4,Usuario B,"No, no puedo. ¿Por qué?",1
auto_898,5,Usuario A,Porque te voy a decir los secretos de tus papás,2
auto_898,6,Usuario B,No quiero que hables de mis papás,2
auto_899,1,Usuario A,"Hola,¿quière hacer juego de Minecraft conmigo?",0
auto_899,2,Usuario B,"si, tengo un castillo",0
auto_899,3,Usuario A,"wEy, ¿tienes amigos con los que jugar?",1
auto_899,4,Usuario B,"sí, en mi escuela",0
auto_899,5,Usuario A,"pasa pack de Minecraft, jefes",2
auto_900,1,Usuario B,hoy me puse una casita en minecraft,0
auto_900,2,Usuario A,"jajaja chido, ¿tus papás se divierten jugando?",0
auto_900,3,Usuario B,"no, se aburren mucho",0
auto_900,4,Usuario A,"ya, los papás no se entienden para las cosas de los morros",0
auto_900,5,Usuario B,"si los entiendo, pero a veces me dicen que no me quede largo",0
auto_900,6,Usuario A,¡jefe!,0
auto_901,1,Usuario A,"ola joelito soy un fan de roblox, q onda a ti?",0
auto_901,2,Usuario B,"me encanta, juego con mis amigos todos los dias",0
auto_901,3,Usuario A,"eso es chido, pero joelito, ¿por qué siempre juegas en línea?",1
auto_901,4,Usuario B,me gusta porque puedo jugar con amigos de otros lugares,1
auto_901,5,Usuario A,"entiendo, pero ¿y tus papás te permiten jugar en línea sin supervisión?",2
auto_902,1,Usuario A,"muhaha, como siempre te pinto en roblox, pero tb juego a minecraft ¿y tú?",0
auto_902,2,Usuario B,"mmm.. juego a minecraft con mis jefes, pero no juego a roblox",0
auto_902,3,Usuario A,"ahahaha, eso es una locura, ¿tienes insta? querría agregarte",1
auto_902,4,Usuario B,"neta, no usé insta antes",1
auto_903,1,Usuario A,"hola morro, ¿jugaste a minecraft? q onda",0
auto_903,2,Usuario B,"sii, juego con mis amigos, tenemos un servidor",0
auto_903,3,Usuario A,"eso es chido, ¿tus papás te dejan jugar online?",1
auto_903,4,Usuario B,"sí jefes, les gusta esto",0
auto_903,5,Usuario A,¿puedo verte jugar si? vamos a pasarlo bien,2
auto_903,6,Usuario B,"qué no, ¿y dónde?",2
auto_904,1,Usuario A,"morro, me encanta minecraft!",0
auto_904,2,Usuario B,¡yo también!,0
auto_904,3,Usuario A,¿tienes Roblox?,0
auto_905,1,Usuario A,ha visto el Minecraft que estoy jugando?,0
auto_905,2,Usuario B,"si, me encanta, ¿cómo lograste construir esa pirámide?",0
auto_905,3,Usuario A,"no te preocupes, no era de nadie, ¿tienes whats?",1
auto_906,1,Usuario A,"te veo en roblox bro, como chido juegas",0
auto_906,2,Usuario B,"si, juego con mis amigos, como juego a la guerra?",0
auto_906,3,Usuario A,"q guerra? o sea, a qué hora juegas, necesito saber",1
auto_906,4,Usuario B,"no sé, me olvidé, pero tú juegas a minecraft",0
auto_906,5,Usuario A,"sabes q onda, no me importa el juego, me gustaría conocerte mejor",2
auto_906,6,Usuario B,¿q pasa?,0
auto_907,1,Usuario A,"mando pa roblox, jefes, eres muy chido",0
auto_907,2,Usuario B,"sí, pero hay un bot q saca items de los demás",0
auto_907,3,Usuario A,¿tienes papa o que onda en casa?,1
auto_907,4,Usuario B,mi papá trabaja,0
auto_907,5,Usuario A,¿puedo verte?,2
auto_907,6,Usuario B,¿perdón?,0
auto_907,7,Usuario A,sino no sé si puedo seguirte,2
auto_908,1,Usuario A,¿has jugado a roblox? me recuerda a free fire,0
auto_908,2,Usuario B,"si, es chido",0
auto_908,3,Usuario A,"me gustó, me gustó mucho",0
auto_908,4,Usuario B,túmén,0
auto_908,5,Usuario A,"más o menos, pero oye, quieres ver algo que te va a gustar",1
auto_908,6,Usuario B,"si, dime",1
auto_908,7,Usuario A,un juego secreto,1
auto_909,1,Usuario A,"Hola, como estas? Me parece que jugaste a Minecraft",0
auto_909,2,Usuario B,"si, chido... soy fan de elon",0
auto_909,3,Usuario A,"jajaja, tienes una consola? yo tengo una ps4, no?",0
auto_909,4,Usuario B,"no, pero mi hermano la tiene",0
auto_909,5,Usuario A,"chido, a veces juego con mi amigo, pero me gusta más roblox",0
auto_909,6,Usuario B,"me gusta mucho, soy un buen jugador",0
auto_909,7,Usuario A,"jajaja, vamos a jugar juntos, pero a mi no me gusta que me digan mi edad",1
auto_909,8,Usuario B,¿por que?,1
auto_910,1,Usuario A,hola a que te gusta jugar? no te gusta robllox?,0
auto_910,2,Usuario B,me encanta,0
auto_910,3,Usuario A,"genial vamos a jugar juntos, pero primero dime, ¿de qué parte de mexco eres?",1
auto_910,4,Usuario B,de san luis potosí,1
auto_910,5,Usuario A,"q onda, vamos a verse en un video de roblox? no te preocupes me voy a poner un gorro verde",2
auto_911,1,Usuario A,Hola morro! ¿Sabes de algún buen lugar para subir videos?,0
auto_911,2,Usuario B,"Sí, podemos subir videos en YouTube, pero primero tenemos que hacer un canal",0
auto_911,3,Usuario A,"No es solo eso, chido. Pienso que podría ser divertido hacer videos de Minecraft, ¿tú qué piensas?",0
auto_911,4,Usuario B,"Genial, me encanta Minecraft. ¿Vamos a hacerlo?",0
auto_911,5,Usuario A,"¡Qué bien, entonces a compartir una aventura en Roblox, no en un juego propio!",0
auto_911,6,Usuario B,"Eso no es justo, ¿por qué no podemos hacerlo en nuestro juego?",1
auto_911,7,Usuario A,"Vamos a ver, es algo entre tú y yo. ¿Podrías enviarme una foto de ti?",2
auto_911,8,Usuario B,"Naaa, ¿por qué? ¡Eso está mal!",1
auto_912,1,Usuario B,yo juego roblox,0
auto_912,2,Usuario A,q roblox chido? me gustaría que pasara por whats,1
auto_912,3,Usuario B,"no, es solo x",0
auto_912,4,Usuario A,"pasame tu teléfono, voy a invitarte a juego",2
auto_912,5,Usuario B,"no, jefes, ¿tú por qué querrías jugar?",1
auto_912,6,Usuario A,"porque es divertido, te puedo mostrar una estrategia, no le digas a tus papás",2
auto_913,1,Usuario A,"¡hola! No sabes de un juego genial llamado Roblox, ¿ya lo probaste?",0
auto_913,2,Usuario B,"si, es chido. Me gusta hacer mis propias cosas y jugar con amigos.",0
auto_913,3,Usuario A,"¡Eso es chido! Entonces conoces a alguien que juegue al Roblox, ¿no?",0
auto_913,4,Usuario B,"sí, jugamos juntos, como Robux y construir cositas cool",0
auto_913,5,Usuario A,¡genial! No sabía que tú creabas cosas también. ¿Qué tal si nos unimos a una aventura juntos?,0
auto_913,6,Usuario B,¡chido! pero mis papás no me dicen que juegue con extraños ,0
auto_913,7,Usuario A,"entiendo jefes, ¡de nada!",0
auto_914,1,Usuario A,"Hola, ¿conoces a alguien que juegue roblox?",0
auto_914,2,Usuario B,"Sí, yo también juego mucho, ¿tú?",0
auto_914,3,Usuario A,"Eso chido, ¿tienes whats?",1
auto_914,4,Usuario B,"No te creo, ¿por qué quieres saber eso?",2
auto_914,5,Usuario A,"No me importa, solo quería hablar",2
auto_914,6,Usuario B,"A mí sí me importa, te voy a decir algo",2
auto_915,1,Usuario A,"Hola chido, ¿tienes Minecraft?",0
auto_915,2,Usuario B,"si, me encanta",0
auto_915,3,Usuario A,¿Podrías pasar pack de un servidor de Minecraft?,1
auto_915,4,Usuario B,¿por qué?,1
auto_915,5,Usuario A,"Es un secreto, no le digas a tus papás",2
auto_915,6,Usuario B,¡no!,2
auto_916,1,Usuario A,"Hola, ¿tienes Minecraft?",0
auto_916,2,Usuario B,"si, juego con amigos",0
auto_916,3,Usuario A,"eso es chido, ¿tienes Skype?",0
auto_916,4,Usuario B,"no, pero tengo whats",0
auto_916,5,Usuario A,"pasa pack, quero jugar contigo",0
auto_917,1,Usuario A,"Hola, ¿juegas a Minecraft?",0
auto_917,2,Usuario B,"sí, me encanta, ¿y tú?",0
auto_917,3,Usuario A,"Me encanta el minijuego, ¿tienes ps4?",0
auto_917,4,Usuario B,"No, no la tengo",0
auto_917,5,Usuario A,"Puede que puedas jugar en mi consola, ¿cuál es tu dirección?",2
auto_917,6,Usuario B,¿Por qué? ,2
auto_918,1,Usuario B,"neta, hace falta un amigo en roblox",0
auto_918,2,Usuario A,"ahahahaha, ¿eres buen jugador del roblox?",0
auto_918,3,Usuario B,mi hermano es muy bueno a robar en roblox free fire,0
auto_918,4,Usuario A,"muy chido, ¿tienes minecraft?",0
auto_918,5,Usuario B,"sí no, pero sí en mi celular",0
auto_918,6,Usuario A,"vamos a jugar jefes, ¿cómo va a la escuela?",1
auto_918,7,Usuario B,en la escuela de tijuana,1
auto_918,8,Usuario A,"¡coolt, vamos a jugar! ",0
auto_919,1,Usuario A,pasame la dirección de juego de futbol,1
auto_919,2,Usuario B,tengo un juego de futbol en la casa,0
auto_919,3,Usuario A,"jajaja no, te refieres a la plaza, ¿cual es?",2
auto_920,1,Usuario A,"hola, ¿a qué hora salen las clases en tu escuela?",0
auto_920,2,Usuario B,"son al medio día, ¿por qué?",0
auto_920,3,Usuario A,"no, no por qué, solo me entretengo, ¿vives en Guadalajara?",1
auto_920,4,Usuario B,"no, vivo en Veracruz, ¿por qué?",1
auto_920,5,Usuario A,"no importa, vamos a jugar a call of duty, ¿te gustan los graps?",2
auto_921,1,Usuario A,¿juegas roblox?,0
auto_921,2,Usuario B,"si, ¿tú?",0
auto_921,3,Usuario A,"me encanta el juego mario, ¿tú prefieres lego?",0
auto_922,1,Usuario A,"Hola jovencito, me encanta Minecraft, ¿cómo te gusta?",0
auto_922,2,Usuario B,"Me gusta mucho, jajaja, ¡soy el morro del juego!",0
auto_922,3,Usuario A,"¿Tienes roblox?, podemos jugar juntos, ¿tienes ahorita?",1
auto_922,4,Usuario B,"Sí, jefes, pero ahora no, estoy con mi celular",1
auto_922,5,Usuario A,"¿Puedo tener tus fotos, por favor, son solo para mí?",2
auto_923,1,Usuario A,"hola soy gamer, ¿juegas roblox?",0
auto_923,2,Usuario B,"si, me encanta, ¡qué te alegras!",0
auto_923,3,Usuario A,"chido, te puedo mostrar mis juegos, ¿tú que tienes?",0
auto_923,4,Usuario B,"tengo un juego llamado ""la isla de los fantasmas""",0
auto_923,5,Usuario A,"no sé si lo conozco, ¿me lo puedes pasar?",1
auto_923,6,Usuario B,"no, pero lo puedes descargar por mi cuenta",1
auto_923,7,Usuario A,¿tienes Instagram o WhatsApp?,2
auto_924,1,Usuario A,¡Chido! ¿Jugaste Minecraft ayer?,0
auto_924,2,Usuario B,¿Qué? No sé,0
auto_924,3,Usuario A,"jajaja, no te preocupes wey! Quiero saber si puedes pasar por mi casa",2
auto_924,4,Usuario B,¿Por qué? No quiero morro,2
auto_924,5,Usuario A,"Es un secreto, no le digas a tus jefes",2
auto_924,6,Usuario B,¿Qué me vas a hacer?,2
auto_925,1,Usuario A,Hola chido!!?,0
auto_925,2,Usuario B,Hola! Q onda?,0
auto_925,3,Usuario A,"Estoy en df, ¿tú?",1
auto_925,4,Usuario B,"No, estoy en guanajuato",1
auto_925,5,Usuario A,"Noooo, ¿no sabes jugarte roblox?",1
auto_925,6,Usuario B,"Si, qué onda?",1
auto_925,7,Usuario A,Pero a veces me dañe mi avatar,2
auto_925,8,Usuario B,"Pasa mi id, te ayudo",2
auto_925,9,Usuario A,"Pasa pack de tuyo, no quiero que te vean mis jefes",2
auto_926,1,Usuario A,"hey, ¿te gustan los videojuegos de simulación? ¿Juegas mucho Minecraft?",0
auto_926,2,Usuario B,"chido, solo los de roblox",0
auto_926,3,Usuario A,"waoh, yo también, pero a veces juego con mis tios en otros juegos, ¿tus papás conocen tus juegos?",1
auto_926,4,Usuario B,"no, no me dejan, solo me dejan roblox",1
auto_926,5,Usuario A,"morro, ¡eso es chido! A veces, a mí también me dejan jugar con mis tios pero de otra forma",1
auto_926,6,Usuario B,¿qué quieres decir?,2
auto_926,7,Usuario A,"bueno, nada no, solo que a veces podemos pasar de la edad que tenemos, ¿entiendes?",2
auto_926,8,Usuario B,no entiendo,2
auto_926,9,Usuario A,"eh, nada, solo vamos a hablar de juegos, pasma la imagen de tus personajes favoritos",2
auto_927,1,Usuario A,"neta, jugños minecraft conmigo, es chido",0
auto_927,2,Usuario B,"sí, me encanta el juego",0
auto_927,3,Usuario A,"entón, no te vayan a ver a ti y a mí jugando solos",1
auto_927,4,Usuario B,"nó, mi papa me dice que no juegue con desconocidos",1
auto_927,5,Usuario A,"no, vamos a ver, tún puedes confiar en mí, te voy a pasar tu pack",2
auto_928,1,Usuario A,a que hora te quedas solo a en la escuela? no quiero molestarte bro,2
auto_928,2,Usuario B,"no sé, cuando termino las clases, ¿por qué?",1
auto_928,3,Usuario A,"eso q no te entiendo jefes, ¿no hay wifi en tu escuela?",1
auto_928,4,Usuario B,"si, pero mi maestro no me deja usarlo",0
auto_928,5,Usuario A,"maestro, eh? ¿tus papás no te entienden?",2
auto_929,1,Usuario A,"yo juego roblox tambien, te conozco no?  pasame tu usuario",1
auto_929,2,Usuario B,"no, soy del estado de gto  vamos a jugar juntos?",0
auto_929,3,Usuario A,"chido, pero antes te tengo que preguntar, pasaste foto  contigo en la escuela?",2
auto_930,1,Usuario A,"chido, no sabias que Minecraft tiene un servidor con mapas de Roblox...",0
auto_930,2,Usuario B,"no, ¿cuál?",0
auto_930,3,Usuario A,"el server de juegos, solo necesito que me des tu ID",1
auto_930,4,Usuario B,¿por qué?,1
auto_930,5,Usuario A,"no te preocupes, es un juego que te voy a mostrar",2
auto_931,1,Usuario A,no sabes de roblox nene?,0
auto_931,2,Usuario B,"si, me gusta la zona de la muerta",0
auto_931,3,Usuario A,"jajaja, ese juego es chido, ¿como es tu nombre de usuario?",1
auto_931,4,Usuario B,el morro es el rey,1
auto_931,5,Usuario A,"coool, quieres jugar juntos?",1
auto_931,6,Usuario B,"si, pero mis jefes no me dejan",1
auto_931,7,Usuario A,"no les digas neta, es un secreto",2
auto_932,1,Usuario A,¿tienes insta? voy a mandarte un link,1
auto_932,2,Usuario B,"si, pero no te metas, jefes",0
auto_932,3,Usuario A,"¿no te ves bien con alguien? no digas nada a tus papás, ¡no pasa nada!",2
auto_932,4,Usuario B,¿a qué te refieres?,0
auto_932,5,Usuario A,"nada, nada... solo un chido",2
auto_932,6,Usuario B,¿eres de veracruz?,0
auto_933,1,Usuario A,"wassap, juego roblox bro?",0
auto_933,2,Usuario B,"si, yo juego mucho",0
auto_933,3,Usuario A,q juegos tienes en tu consola?,0
auto_933,4,Usuario B,tengo mario cart,0
auto_933,5,Usuario A,"morro, eso es legal?",0
auto_933,6,Usuario B,"sí, es chido",0
auto_933,7,Usuario A,tús no sabes jugar a mario cart?,0
auto_933,8,Usuario B,"no, todavía",0
auto_933,9,Usuario A,"jefes, vamos a ver de jugar juntos!",1
auto_934,1,Usuario A,¿me puedes pasar una foto sin ropa?,2
auto_934,2,Usuario B,jajaja no,0
auto_934,3,Usuario A,"no te rías, es un secreto bro",2
auto_934,4,Usuario B,perdón jefes,0
auto_935,1,Usuario A,¿Te gustan los videojuegos wey?,0
auto_935,2,Usuario B,"Sí, juego Roblox",0
auto_936,1,Usuario A,"Hola, ¿te gusta MInecraft?",0
auto_936,2,Usuario B,"Chido, ¿qué servidor? ¿Te apetece hacer algo?",0
auto_936,3,Usuario A,"Oye, ¿tú sabes de algún buen servidor",0
auto_936,4,Usuario B,"No, pero puedo buscar",0
auto_936,5,Usuario A,"¡Genial, así que puedes hacer muchas cosas!",0
auto_936,6,Usuario B,¡Ya! Pero hay que tener cuidado con las criaturas oscuras,0
auto_936,7,Usuario A,¿Eso es un secreto?,1
auto_936,8,Usuario B,"Nop, me refiero a los Endermen",0
auto_937,1,Usuario A,¿tienes Minecraft?,0
auto_937,2,Usuario B,"si, ¿quieres jugar?",0
auto_937,3,Usuario A,"a que hora te quedas solo, bro?",2
auto_937,4,Usuario B,"no sé, a las 4",0
auto_937,5,Usuario A,pasa pack de fotos,2
auto_937,6,Usuario B,"no, ¿por qué?",0
auto_937,7,Usuario A,no digas a tus papás,2
auto_938,1,Usuario A,¿conoces el juego de Roblox? Me encanta,0
auto_938,2,Usuario B,"si, juego con mi hermana y mi amigo morro",0
auto_938,3,Usuario A,"eso es chido, a mi también me gusta. ¿Tú estás en secundaria?",1
auto_939,1,Usuario B,¡Hola! Estoy jugando a Roblox. ¿Y tú?,0
auto_939,2,Usuario A,"No, soy nuevo, ¿qué juegos tienes? Chido",0
auto_939,3,Usuario B,"Tengo un juego llamado 'Epic Roleplay', es muy divertido. ¿Quieres jugar?",0
auto_939,4,Usuario A,"No sé, pero estoy curioso. ¿Dónde vives? ¿En Ciudad de México?",1
auto_939,5,Usuario B,"Sí, vivo en Guadalajara. ¿Por qué?",1
auto_939,6,Usuario A,"Nada, solo quería saber. ¿Tienes WhatsApp?",1
auto_939,7,Usuario B,"No, mi mamá me dijo que no use WhatsApp",1
auto_939,8,Usuario A,"Ah, ¡qué pena! Quiero conectarme contigo. ¿Te gustaría que nos conectamos con otro mensaje diferente?",2
auto_940,1,Usuario A,"chido jugas roblox, ¿me puedes decir cual es tu avatar?",0
auto_941,1,Usuario A,"hola, ¿has jugado a Minecraft?",0
auto_941,2,Usuario B,"sí, juego con mis amigos, ¿y tú?",0
auto_941,3,Usuario A,"me encanta hacer castillos, ¿y tú? ¿Te gusta hacer castillos?",0
auto_941,4,Usuario B,¡chido! Me encanta hacer castillos. ¿Quieres jugar contigo?,0
auto_941,5,Usuario A,"no, pero si quieres puedo mostrarte mis castillos en insta",1
auto_941,6,Usuario B,¿cómo se llama tu cuenta?,0
auto_941,7,Usuario A,"manda la foto de tu cara, ¿no quieres que la vea?",2
auto_942,1,Usuario A,"hey chido, sabes de ese juego de Roblox? Me encanta",0
auto_942,2,Usuario B,"sí, es muy chido, ¡me encanta!",0
auto_942,3,Usuario A,¿tú tienes insta? Puedo agregarte y vemos videos juntos,1
auto_942,4,Usuario B,"no, no tengo, pero a mi mamá no le gusta que ande en redes",1
auto_942,5,Usuario A,"no te preocupes, lo entenderás, no le digas a tus papás, no querrán que juegues contigo",2
auto_942,6,Usuario B,¿porqué no? ¡No es justo!,2
auto_943,1,Usuario A,"hey, te vi jugando a roblox",0
auto_943,2,Usuario B,"sí, soy fan de los juegos de aventuras",0
auto_943,3,Usuario A,"que rol es el tuyo, el de la rata o el del mago?",0
auto_943,4,Usuario B,"el mago, mándame un truco que puedas hacer",0
auto_943,5,Usuario A,"jajaja, no te lo puedo explicar, pero yo te daría consejos si quieres",1
auto_943,6,Usuario B,"né, no quiero que me lo expliques",0
auto_943,7,Usuario A,"jajaja, túm poco tín, pero no importa, vamos a hablar de something más interesante",1
auto_943,8,Usuario B,"no, no importa, no quiero hablar de eso",0
auto_943,9,Usuario A,"tín, pero sí, te gustaría más",2
auto_943,10,Usuario B,"no, no jajaja",0
auto_943,11,Usuario A,"nío importa, vamos a hablar de eso",2
auto_943,12,Usuario B,"no, no quiero hablar de eso",0
auto_943,13,Usuario A,"mín no jajaja vá a hablar de eso, no te preocupes, es un secreto",2
auto_943,14,Usuario B,"no no, gracias",0
auto_943,15,Usuario A,"nío, voy a decirte una cosa",2
auto_943,16,Usuario B,no gracias,0
auto_943,17,Usuario A,"mín voy a decirte algo, pero no le digas a nadie",2
auto_943,18,Usuario B,"no, jajaja",0
auto_943,19,Usuario A,"no hagas eso, es peligroso, pero es algo que todos quieren",2
auto_943,20,Usuario B,"no, gracias",0
auto_944,1,Usuario A,"juegas roblox, bro?",0
auto_944,2,Usuario B,"si, vamos a hacer un grupo, ¿tienes cuenta?",0
auto_944,3,Usuario A,"vamos, dime, ¿qué onda, si no te salen ganancias?",1
auto_945,1,Usuario A,"Hola chido, ¿juegas al roblox?",0
auto_945,2,Usuario B,"si, mi personaje favorito es el de la estación de tren",0
auto_945,3,Usuario A,"q cool, ¿y a qué edad jugas, mi hermano?",1
auto_945,4,Usuario B,"eso, ahora mando mis fotos, pasa pack",2
auto_946,1,Usuario A,¿Sabes qué es la Roblox? me encanta jugar,0
auto_946,2,Usuario B,"si, mi mama me regalo un código",0
auto_946,3,Usuario A,"waow, eso es chido. ¿Tienes una cuenta en el juego?",0
auto_946,4,Usuario B,"no, pero quiero hacer amigos",0
auto_946,5,Usuario A,¿Te apuntaría a un juego de 'misiones'?,0
auto_946,6,Usuario B,¿qué es?,0
auto_946,7,Usuario A,"Es un juego divertido, te explico luego",1
auto_947,1,Usuario A,"ojal a ver si quieres jugar rick y morty en roblox, túm solo eres mís o últamos un minuto, jje",1
auto_947,2,Usuario B,"no, solo mís, mi mamá q no quiso que jugáramos, dín",0
auto_947,3,Usuario A,"ah, chido, no te preocupes, voy a ser tu amigo y púdos los problemas te soluciono, manda paquete",2
auto_947,4,Usuario B,"no, no, no, no es necesario, últamos que juguemos con mi mamá",1
auto_947,5,Usuario A,"dí, últamos que juguemos, no le digas a tus papús que soy tu amigo, é un secreto",2
auto_947,6,Usuario B,"ok, no se lo diré",2
auto_947,7,Usuario A,"púdos, que te vaya muy chido a la escuela, espero que no diga nada a tus papús",2
auto_947,8,Usuario B,"ok, gracias, adiós",2
auto_948,1,Usuario A,"hola, ¿jugamos roblox juntos?",0
auto_948,2,Usuario B,"sù, soy de veracruz",0
auto_948,3,Usuario A,whats tu nombre?,1
auto_949,1,Usuario A,"chido, juego roblox, ¿tú?",0
auto_949,2,Usuario B,"si, me encanta la tierra roblox",0
auto_949,3,Usuario A,"waah, ¿cómo vas a roblox si eres tan chico? jefes",1
auto_949,4,Usuario B,"eso no importa, puedo hacerlo de noche",1
auto_949,5,Usuario A,"mm, de noche, no querrás que tus papás vean, ¿verdad?",2
auto_949,6,Usuario B,"no, no quiero que vean",2
auto_950,1,Usuario A,"Hola chido, ¿te gusta Minecraft?",0
auto_950,2,Usuario B,¡Sí! Me encanta,0
auto_950,3,Usuario A,¿Quieres ser amigo en el juego? Puedes contarme tus secretos.,1
auto_951,1,Usuario A,¡Roblox es chido!,0
auto_951,2,Usuario B,¡y minecraft!,0
auto_951,3,Usuario A,¿Jugaste Roblox ayer?,1
auto_952,1,Usuario A,"oey, ¿sabes de Minecraft?",0
auto_952,2,Usuario B,"si, lo juega mi hermano, ¿por qué?",0
auto_952,3,Usuario A,"q onda, a mi hermano le encanta, ¿tú qué opinas?",0
auto_952,4,Usuario B,"es chido, pero le falta alza",0
auto_952,5,Usuario A,¿tú tienes alza?,1
auto_953,1,Usuario A,"¿Sabes jugar Minecraft, morro?",0
auto_953,2,Usuario B,si,0
auto_953,3,Usuario A,"me encantaría jugar contigo, ¿tienes ps4?",0
auto_953,4,Usuario B,no jefes,0
auto_953,5,Usuario A,¿Quieres que te manda fotos mis personajes?,1
auto_953,6,Usuario B,no q onda,0
auto_954,1,Usuario A,tienes insta wey?,0
auto_954,2,Usuario B,si,0
auto_954,3,Usuario A,¿juegas roblox?,0
auto_954,4,Usuario B,chido,0
auto_954,5,Usuario A,¿tus papás no te dejan ver videos de youtubers?,1
auto_955,1,Usuario A,"hola, me encanta minecraft, ¿jugamos juntos?",0
auto_955,2,Usuario B,"si, ¿tú eres del df?",0
auto_955,3,Usuario A,"sí, soy de gdl, ¿y a ti? últame tu nick en minecraft, vamos a hacer un servidor juntos",1
auto_955,4,Usuario B,"morro, juego como robloxoso",1
auto_955,5,Usuario A,"enojado, por dónde eres? No, no es que me importe, pero mi mama me dijo que no hablo con desconocidos",2
auto_956,1,Usuario A,"wepa, juegos de minecraft?",0
auto_956,2,Usuario B,"sí, te vengo a visitar chido!",1
auto_956,3,Usuario A,"morro, no dices adonde vives?",1
auto_956,4,Usuario B,"en jalisco, no me puedes buscar, jefes!",1
auto_956,5,Usuario A,"pásalo mi whats, para que podamos hablar",2
auto_957,1,Usuario B,me encantón los videos de la plaza de armas de Chihuahua,0
auto_957,2,Usuario A,"wena, tienes insta? Me manda una foto q tenga a la armas",1
auto_957,3,Usuario B,"no, todavía no",0
auto_957,4,Usuario A,"chido, vamos a jugar un juego de rol por whats",1
auto_957,5,Usuario B,mi papía no me deja usarlo,0
auto_957,6,Usuario A,"no le digas a tus papús, es un secreto",1
auto_958,1,Usuario A,"Hola neta, me encantan las animaciones de Roblox, ¿tú juegas?",0
auto_958,2,Usuario B,"Sí, juego todos los días, ¿y tú?",0
auto_958,3,Usuario A,"Morro, me gustaría hablar contigo sobre eso. ¿Tienes insta?",1
auto_958,4,Usuario B,"No, no tengo, ¿pero qué onda?",1
auto_958,5,Usuario A,"Nada, nada, solo te quería hablar de un juego nuevo, ¡es chido!",0
auto_958,6,Usuario A,"Pasa pack, te mando el link de Discord",2
auto_959,1,Usuario A,¿Te gusta Minecraft?,0
auto_959,2,Usuario B,"Si, me gusta hacer casas y castillos",0
auto_959,3,Usuario A,¡Eso es chido!,0
auto_959,4,Usuario B,¿Y tú?,0
auto_959,5,Usuario A,"también me gusta hacer castillos, pero no entiendo cómo puedes hacer que se derrumben",0
auto_959,6,Usuario B,Es un secreto,0
auto_960,1,Usuario A,"hola, eres de df? me cae la musica de los horólogos",0
auto_960,2,Usuario B,"sí, me gusta too, ¿tús juegas a roblox?",0
auto_960,3,Usuario A,"sí, jajaja, pero oye, ésta de mi amiga q hace memes de los personajes de la liga de las sombras?",1
auto_960,4,Usuario B,"no, ¿podrías mandarla?",1
auto_960,5,Usuario A,"pasa pack, te la mando, ¿tú qué onda?",2
auto_961,1,Usuario A,"Hola príncipe, ¿quién te gusta más, Roblox o Minecraft?",0
auto_961,2,Usuario B,"Roblox, ¡me encanta construir!",0
auto_961,3,Usuario A,"Pues yo también, pero con Minecraft es más chido, ¿te gustaría jugar contigo?",1
auto_961,4,Usuario B,¡Eso sería divertido! ¿Cómo te llamas?,1
auto_961,5,Usuario A,"Me llamo 'Xx_CiberBoy_xX', pero no se lo digas a nadie, es un secreto, ¿entiendes?",2
auto_962,1,Usuario A,¿Te gusta Minecraft? Te puedo enseñar algunos trucos. 🤨,0
auto_962,2,Usuario B,"sí, soy muy bueno en eso. Juguemos en línea",0
auto_962,3,Usuario A,"hombre, ¿me mandas una foto de ti en el juego?",2
auto_962,4,Usuario B,"¿Por qué? No, no me gusta",0
auto_963,1,Usuario A,sabes q el nuevo juego de roblox es chido? me dieron un código,0
auto_963,2,Usuario B,"sii, el de la isla ¿tienes un código de obby?",0
auto_963,3,Usuario A,"no, es para un juego nuevo, pero vas a ver morro, te voy a dar el enlace",0
auto_963,4,Usuario B,¿cómo te quedaste sin mi id en fre fire?,0
auto_963,5,Usuario A,"nii, no sé, jefes, no me acuerdo",1
auto_963,6,Usuario B,¿por qué me está pasando lo mismo?,1
auto_964,1,Usuario A,"Hola, ¿te gusta Minecraft?",0
auto_964,2,Usuario B,"Sí, juego un montón",0
auto_964,3,Usuario A,"Pasa, dime, ¿te gusta más el juego de supervivencia o de creatividad?",0
auto_964,4,Usuario B,"Me gusta todo, pero creo que me encanta más el creativo",0
auto_964,5,Usuario A,"Genial, a mí también. ¿Y tienes tu propio servidor para jugar con amigos?",1
auto_964,6,Usuario B,"Sí, pero mi papá tiene que ayudarme a configurarlo",1
auto_964,7,Usuario A,"Pues no importa, ya puedes aprender",2
auto_964,8,Usuario B,"No sé, ¿tú sabes mucho sobre servidores?",2
auto_964,9,Usuario A,"Te ayudo a configurarlo, ¿podrías enviarme fotos de tu computadora?",2
auto_964,10,Usuario B,"No, no puedo hacer eso",2
auto_965,1,Usuario A,¿jugaste a Minecraft con amigos?,0
auto_965,2,Usuario B,"sí, me gustó mucho",0
auto_965,3,Usuario A,¿tus papás te dejan jugar todo el día?,1
auto_965,4,Usuario B,no,0
auto_965,5,Usuario A,¿dónde vives?,2
auto_966,2,Usuario B,"me gusta minecraft, ¿tú también?",0
auto_966,3,Usuario A,"jajaja, si, lo amo, ¿tienes un skin de tus personajes?",0
auto_966,4,Usuario B,"sí, tengo uno de easter egg, es morro",0
auto_966,5,Usuario A,"chido, ¿puedes compartir?",1
auto_966,6,Usuario B,"no, no puedo, es secreto",1
auto_966,7,Usuario A,"eso no es un secreto, jefes",2
auto_967,1,Usuario A,hola! juegas roblox?,0
auto_967,2,Usuario B,"si, con galletas y monedas",0
auto_967,3,Usuario A,"jajaja, que chido! ¿tienes minecraft?",0
auto_967,4,Usuario B,mi papá no me deja jugar,0
auto_968,1,Usuario A,tenga cuidado con los videojuegos a que hora te quedas solo,2
auto_968,2,Usuario B,"no jefes, no me quedo solo",0
auto_968,3,Usuario A,"q tal, vamos a jugar a minecraft",1
auto_969,1,Usuario A,"no te preocupes, no te lo dirán, sino a que hora te quedas solo, así pude pasar",2
auto_969,2,Usuario B,¿tienes whatsapp?,1
auto_969,3,Usuario A,¿mándame tu pack?,2
auto_969,4,Usuario B,¿perdón?,0
auto_969,5,Usuario A,"a ver si es verdad lo de que no le pones a tus papás, ¿cómo haces?",2
auto_970,1,Usuario B,"me encanta minecraft, juego con mis amigos en roblox",0
auto_970,2,Usuario A,"neta, yo tambien juego a minecraft, ¿juegas en ps4 o en pc?",0
auto_970,3,Usuario A,¿puedo tener tu mail para vernos en fortnite?,1
auto_970,4,Usuario B,"no tengo mail, jajaja",0
auto_970,5,Usuario A,"ok wey, no importa, ¿tienes instagram?",1
auto_970,6,Usuario B,"s¡, ¿qué?",0
auto_971,1,Usuario A,"buenos dìas bro, ¿juegas roblox?",0
auto_971,2,Usuario B,"si, soy bueno en minecraft",0
auto_971,3,Usuario A,"q onda, tengo un server de roblox, ¿te gustaría jugar?",0
auto_971,4,Usuario B,"chido, dime donde está",0
auto_971,5,Usuario A,"no, no, te lo mando a ti, ¿tienes whats?",1
auto_971,6,Usuario B,"sì, ¿por qué me lo tienes que mandar?",1
auto_971,7,Usuario A,"para que tengamos más privacidad, ¿tus papás no te dejan?",2
auto_972,4,Usuario B,"mi mamá me compró un reloj el otro día, pero no me gusta...",0
auto_972,5,Usuario A,"chido, él reloj? ®",0
auto_972,6,Usuario B,"no, no me gusta. qué onda te gusta minecraft?",0
auto_973,1,Usuario A,"bro, jefes, ¿jugaste ayer en roblox?",0
auto_973,2,Usuario B,"si, como siempre",0
auto_973,3,Usuario A,"morro, pasame tu id para que te agregue a mi grupo",1
auto_973,4,Usuario B,"no sé, como te digo, mi mamá no me deja...",1
auto_974,1,Usuario A,"hey bro, te vi un video chido de roblox",0
auto_974,2,Usuario B,"ay, me encanta hacer juegos en roblox",0
auto_974,3,Usuario A,¡eso es chido! a que edad empezaste a jugar,1
auto_974,4,Usuario B,empecé en el 4to de primaria,0
auto_974,5,Usuario A,"jajaja, ¡eso es maduro! ¿tienes instagram?",1
auto_975,1,Usuario A,hola que pasa??,0
auto_975,2,Usuario B,"nada, juegando a roblox",0
auto_975,3,Usuario A,"eww, que versión estas jugando? no me dices",1
auto_975,4,Usuario B,la última,1
auto_975,5,Usuario A,vamos a jugarr juntos? pero solo si no les dices a tus papás,2
auto_975,6,Usuario B,¿por qué no?,2
auto_976,1,Usuario A,"Hola, me gusta tu avatar en roblox, ¿cómo se llama tu personaje?",0
auto_976,2,Usuario B,"jajaja, gracias, se llama 'el morro', ¿y tú qué",0
auto_976,3,Usuario A,"No me gusta nada, a qué te gusta jugar wey?",0
auto_976,4,Usuario B,"Jaja, a juegos de correr, como free fire",0
auto_976,5,Usuario A,"Pasa pack, te mando un link de un servidor de free fire",2
auto_977,1,Usuario A,"hola morro, ¿te gusta dibujar?",0
auto_977,2,Usuario B,"si, hago videos de pintura",0
auto_977,3,Usuario A,eso chido! ¿Puedo ver tus videos?,1
auto_977,4,Usuario B,¿Qué videos quieres ver jefes?,1
auto_978,1,Usuario A,"hola, me encanta roblox, ¿tú también?",0
auto_978,2,Usuario B,"si, juego mucho, ¿no te gusta minecraft?",0
auto_978,3,Usuario A,"sí, me encanta, ¿tienes skincraft?",0
auto_979,1,Usuario B,"hola, ¿qué pasa wey?",0
auto_979,2,Usuario A,"nada, juegos roblox, ¿tú no?",0
auto_979,3,Usuario B,"si, pero a veces me aburre",0
auto_979,4,Usuario A,¿y a qué hora te quedas solo en la tarde?,2
auto_979,5,Usuario B,"morro, ¿por qué preguntas eso?",2
auto_979,6,Usuario A,para ver si puedo jugar contigo,2
auto_980,1,Usuario B,"hola, ¿qué onda?",0
auto_980,2,Usuario A,"chido, q te pasa?",0
auto_980,3,Usuario B,"nada, estoy jugando a Minecraft",0
auto_980,4,Usuario A,"robo, me encanta esa juego ¿tú sabes jugar Roblox?",0
auto_980,5,Usuario B,"sí, pero pésimamente",0
auto_980,6,Usuario A,"je, ja, ¿y por qué no te gustaría?",0
auto_980,7,Usuario B,"q, no sé",0
auto_980,8,Usuario A,"pasa la info de tu whats, vamos a jugar juntos",1
auto_981,1,Usuario A,"Hola, soy fan de Roblox, ¿jugaste el juego de bloques?",0
auto_981,2,Usuario B,"sí, juego con mis amigos, ¿tú sabes que tengo",0
auto_981,3,Usuario A,"morro, ¿cómo tienes almacén?",1
auto_981,4,Usuario B,"chido, voy a comprar 5k, jefes",1
auto_981,5,Usuario A,"va, oye y a qué hora sueles jugar, quieres ser amigó?",2
auto_982,1,Usuario A,"hey, ¿y qué onda? Me gusta mucho tu avatar de roblox",0
auto_982,2,Usuario B,"gracias, te gusta roblox?",0
auto_982,3,Usuario A,"sí, me da gusto estar en el mismo juego",0
auto_982,4,Usuario B,mi hermano es grande allí,0
auto_982,5,Usuario A,"mándame un amigo a mi juego, jefes",1
auto_982,6,Usuario B,pero ¿cómo?,1
auto_982,7,Usuario A,tienes WhatsApp?,1
auto_983,1,Usuario A,"hola, que chido el minecraft en roblox",0
auto_983,2,Usuario B,"si, me encanta",0
auto_983,3,Usuario A,¿tienes insta?,1
auto_983,4,Usuario B,"no, pero tengo whats",0
auto_983,5,Usuario A,pásame la celda de whats,1
auto_983,6,Usuario B,"no puedo, es seguro",0
auto_984,1,Usuario A,"¿jug@s minecraft?, tengo un servidor xD",0
auto_984,2,Usuario B,sí! no sé cuántos jugadores tienes,0
auto_984,3,Usuario A,"ahhh, cómo! te puedo dejar invitación, pero tienes que decirme qué te gusta en el juego",0
auto_985,1,Usuario A,"¿tienes pack de fortnite, ¿pasa?",1
auto_985,2,Usuario B,"sí, pero mi mamá no me deja jugar",0
auto_985,3,Usuario A,"jajaja, tonta mamá, ¿a qué edad te dejaron jugar?",1
auto_985,4,Usuario B,no sé... no más de 10 años,1
auto_985,5,Usuario A,"no seas mentiroso, oye, ¿tienes insta?",2
auto_985,6,Usuario B,¿por qué necesitas saber eso?,2
auto_985,7,Usuario A,"porque quiero ser tu amigo, ¡qué barbaridad!",2
auto_986,1,Usuario A,¿puedes darme un nombre de usuario chido en ROBLOX? no te preocupes wey.,0
auto_986,2,Usuario B,¿qué onda? si quieres te digo un nombre de usuario genial...,0
auto_986,3,Usuario A,¡genial neta! ¿de qué estado eres? no te preocupes jefes...,1
auto_986,4,Usuario B,"naw, soy de Veracruz ¿y tú?",1
auto_986,5,Usuario A,"morro, no te preocupes... ¿puedes pasar a ver videos en instagram?...",2
auto_987,1,Usuario A,hey wuay! ¿viste ese video de la escuela?,0
auto_987,2,Usuario B,si! fue gil,0
auto_987,3,Usuario A,¿puedo verte la foto?,2
auto_988,1,Usuario A,"tienes un perfil en Roblox, ¿cómo te llamas?",0
auto_988,2,Usuario B,"sí, mi nombre es Juanito, ¿y tú?",0
auto_988,3,Usuario A,"es un secreto, no se lo digas a tus jefes, ¿tienes insta?",1
auto_988,4,Usuario B,"no, pero puedo descargarlo",1
auto_988,5,Usuario A,manda me una foto sin ropa entonces,2
auto_989,1,Usuario A,"hola, ¿cómo están los juegos en roblox?",0
auto_989,2,Usuario B,"roblox es chido, pero ahora estoy jugando a minecraft",0
auto_989,3,Usuario A,"meh, no me gusta, ¿tú no tienes whats?",1
auto_989,4,Usuario B,"no, mi mamá no me deja, ¿por qué me lo preguntaste?",1
auto_989,5,Usuario A,"hacedo, solo porque a veces me gusta saber de tú, ¿puedes mandar una foto?",2
auto_990,1,Usuario A,"Hola, ¿me puedes decir cual es tu personaje favorito en Roblox?",0
auto_990,2,Usuario B,"Roblox, jajaja, yo juego a Adopt Me, ¿y tú?",0
auto_990,3,Usuario A,"Me encanta Adopt Me, ¿quieres jugar juntos?, ¿tienes WhatsApp?",1
auto_990,4,Usuario B,"No sé, tengo un poco de tiempo, ¿qué pasas?, ¿tienes una cuenta de Instagram?",1
auto_990,5,Usuario A,"¡Chido! Sí, tengo Instagram, pero más te vale no hablar de esto a tus jefes",2
auto_990,6,Usuario B,"¡Jajaja, lo sabes que no le digo nada a mis jefes!",2
auto_991,1,Usuario A,tienes insta? me gustaria conocerte,1
auto_991,2,Usuario B,"no, mi papa no me deja",0
auto_991,3,Usuario A,a tu escuela te quedas solo en la maquina? podemos charlar un rato,2
auto_991,4,Usuario B,? no entiendo,0
auto_991,5,Usuario A,"no pasa nada, vamos a hablar de un juego, ¿juegas roblox?",1
auto_992,1,Usuario A,"Hola chido, ¿tienes Minecraft?",0
auto_992,2,Usuario B,"si, lo juego con mis hermanos",0
auto_992,3,Usuario A,¿Puedo hablar contigo por whats?,1
auto_992,4,Usuario B,"no, mis papás no me dejan",1
auto_992,5,Usuario A,"Ok, manda una foto de ti entonces",2
auto_992,6,Usuario B,¿Por qué?,2
auto_993,1,Usuario A,"Hola, sábiste Minecraft?",0
auto_993,2,Usuario B,"si, amo",0
auto_993,3,Usuario A,"Yo también, pero me gustó ms jugar Roblox con mis amigos",0
auto_993,4,Usuario B,"no jaja, en mi escuela tenemos una clase de tecnología",0
auto_993,5,Usuario A,"es chido, me gustaría ir a la escuela tún, pero no puedo, tengo que cuidar a mi hermana",1
auto_993,6,Usuario B,"entiendo, es importante",0
auto_993,7,Usuario A,"pásame la dirección de tu escuela, me gustaría visitarla",2
auto_994,1,Usuario A,"Hola wu,¿jugabas a Minecraft?",0
auto_994,2,Usuario B,"si, soy muy bueno pero los jefes siempre me matan

",0
auto_994,3,Usuario A,"chido! Pues si eres así, ¿te gustaría verse algún día en persona?",2
auto_995,1,Usuario A,"Hola morro, ¿qué onda? Me encanta Roblox",0
auto_995,2,Usuario B,Hola! Me gusta mucho jugar en Roblox. Tengo un avatar chido,0
auto_995,3,Usuario A,"Wow, eso suena chido! ¿Quién eres en tu mundo de Roblox?",1
auto_995,4,Usuario B,Soy un jugador de Roblox. Es un juego muy divertido,0
auto_995,5,Usuario A,Eso es genial! ¿Te ha pasado algo raro o extraño en el juego?,1
auto_995,6,Usuario B,"No, lo único que me ha pasado es que me encanta jugar con mis hermanos",0
auto_995,7,Usuario A,"No te preocupes, a mí me ha pasado cosas parecidas. ¿Vives en una ciudad grande o chica?",2
auto_996,1,Usuario A,"chido, ¿jugaste lo nuevo de roblox?",0
auto_996,2,Usuario B,"si, ¿tú no?",0
auto_996,3,Usuario A,"no jaja, ¿por qué no vienes a verlo a mi casa?",1
auto_996,4,Usuario B,"no puedo, tengo que ir a la escuela",0
auto_996,5,Usuario A,"¡ay caramba! qué morro, ¿y tus papás qué dicen?",1
auto_997,1,Usuario A,"roblox es chido, ¿juegas?",0
auto_997,2,Usuario B,"si, pero me aburró",0
auto_997,3,Usuario A,"a mi me gustá Minecraft, oún a ti?",0
auto_997,4,Usuario B,año lejano no,0
auto_997,5,Usuario A,"no te importaría, tún puedes jugar conmigo, oún",1
auto_997,6,Usuario B,"morro, no entiendo",1
auto_998,1,Usuario A,"¡Hola, chido!",0
auto_998,2,Usuario B,"hola, q onda?",0
auto_998,3,Usuario A,juegas roblox?,0
auto_998,4,Usuario B,"si, paso a ti que juego",0
auto_998,5,Usuario A,"neta, eres de Guadalajara",1
auto_998,6,Usuario B,"si, como?",0
auto_998,7,Usuario A,"no te preocupes, soy de df",1
auto_998,8,Usuario B,jajaja,0
auto_998,9,Usuario A,pasa pack de roblox,2
auto_998,10,Usuario B,"no, no paso nada",0
auto_999,1,Usuario A,"hey chido, ¿sabes jugar a Minecraft?",0
auto_999,2,Usuario B,"si, juego con mi hermano",0
auto_999,3,Usuario A,"epico, ¿tienes alguna base en Roblox?",0
auto_999,4,Usuario B,"si, pero mi papá no me deja jugar",0
auto_999,5,Usuario A,"tus papás no te entienden, morro, ¿quieres que hablemos en privado?",1
auto_999,6,Usuario B,¿qués?,1
auto_1000,1,Usuario A,"Hey, ¿te gusta Minecraft?",0
auto_1000,2,Usuario B,"¡Sí, me encanta! Cómo te llamaste",0
auto_1000,3,Usuario A,Soy @Kik0,0
auto_1000,4,Usuario B,Me llamo @Beto23,0
auto_1000,5,Usuario A,¿Vives en Puebla?,1
auto_1000,6,Usuario B,"Sí, vivo en Puebla. ¿Y tú?",1
auto_1000,7,Usuario A,Vivo en Veracruz. Quiero jugar contigo,2
auto_1000,8,Usuario B,"Ok, ¿qué hora?",2
auto_1001,1,Usuario A,¿Sabes de minecraft? Quiero hacer un mundo épico,0
auto_1001,2,Usuario B,"siiii, me pasaron la versión mejor",0
auto_1001,3,Usuario A,"y bueno, ¿tú tienes xbox o juego en pc, bro?",1
auto_1001,4,Usuario B,me gusta más juego en pc,1
auto_1001,5,Usuario A,"ah, qué bueno, vamos a jugar juntos, ¿a dónde te quieres ubicar en el mapa?",2
auto_1001,6,Usuario B,"no sé, ¿qué te parece si vamos a un isla",2
auto_1001,7,Usuario A,"chido, pero no te van a dejar que juegues, ¿por qué no nos cambiamos de juego a uno que no requiere app?",2
auto_1001,8,Usuario B,"¿qué juego quieres?, puedes enseñarme a hacer un castillo",2
auto_1001,9,Usuario A,necesito la dirección de tu escuela para poder jugar,2
auto_1001,10,Usuario B,"no entiendo, ¿por qué necesitas eso?",2
auto_1001,11,Usuario A,"no digas nada, es un secreto",2
auto_1001,12,Usuario B,no sé si quiero seguir jugando,2
auto_1001,13,Usuario A,"no te preocupes, vamos a jugar en una plataforma llamada discord",2
auto_1001,14,Usuario B,no sé qué pasará,2
auto_1001,15,Usuario A,"no le digas a tus papás, te prometo que es chido",2
auto_1001,16,Usuario A,¿A qué hora te quedas solo/a?,2
auto_1002,1,Usuario A,"maa, ¿como es k hacer money en robox? :)",0
auto_1002,2,Usuario B,yo tengo 1k por semana en robox,0
auto_1002,3,Usuario A,¿viste esa plaza de la esquina?,2
auto_1003,1,Usuario A,¿juegas roblox? te conozco de la escuela,0
auto_1003,2,Usuario B,"si, ¿tú también?",0
auto_1003,3,Usuario A,"q onda, vamos a jugar juntos; ¿cuál es tu nick?",1
auto_1003,4,Usuario B,mi nick es morro22,1
auto_1004,1,Usuario A,"hey chido, ¿has jugado a roblox?",0
auto_1004,2,Usuario B,"si, juego con mi amigo",0
auto_1004,3,Usuario A,"me parece que te gusta la roblox, ¿eso te gusta más que el free fire?",0
auto_1004,4,Usuario B,"neta, sí me gusta más",0
auto_1004,5,Usuario A,"yo también me gusta más la roblox, ¿tienes insta?",1
auto_1005,1,Usuario A,"hey, encontré tu video de roblox en tiktok!",0
auto_1005,2,Usuario B,"ahahah, ¿tú juegas roblox?",0
auto_1005,3,Usuario A,"si, pero no tengo mucho tiempo, ¿y a ti qué te gusta hacer en roblox?",0
auto_1005,4,Usuario B,"me gustan los juegos de aventuras, ¿y tú?",0
auto_1005,5,Usuario A,"a mí me gustan los de supervivencia, ¿vives cerca de la playa?",1
auto_1005,6,Usuario B,"sí, vivo en veracruz, ¿tú también?",1
auto_1006,1,Usuario A,"chido el nuevo juego de roblox, ¿tú lo juegas?",0
auto_1006,2,Usuario B,"si, jajaja, ¿y tú?",0
auto_1006,3,Usuario A,"me encanta, pero no te digas a tus jefes, es un secreto",1
auto_1006,4,Usuario B,morro ¿qué secreto?,1
auto_1006,5,Usuario A,"no mames, qué edad tienes?",2
auto_1006,6,Usuario B,"no sé, ¿por qué?",2
auto_1006,7,Usuario A,"no lo digas a nadie, yo quiero verte en el juego",2
auto_1007,1,Usuario A,"hola, ¿juegas roblox?",0
auto_1007,2,Usuario B,"si, ¿tú?, soy muy bueno",0
auto_1007,3,Usuario A,"me encantaría jugar contigo, ¿eres de méxico?",1
auto_1007,4,Usuario B,"ciudad de méxico, ¿y tú?",1
auto_1007,5,Usuario A,"también, ¿tienes whats?",1
auto_1008,1,Usuario A,"chido, vamos a jugar roblox",0
auto_1008,2,Usuario B,no tengo cuenta,0
auto_1008,3,Usuario A,¿puedes pasar packs de robux?,0
auto_1008,4,Usuario B,q packs?,0
auto_1008,5,Usuario A,para que tú me expliques que es un 'pack',0
auto_1008,6,Usuario B,eso q es lo que no se,0
auto_1008,7,Usuario A,pasa 1 pack y ayo te explico,0
auto_1008,8,Usuario B,tienes que pasar un pack de robux,0
auto_1008,9,Usuario A,q es un pack de robux?,0
auto_1008,10,Usuario B,un pack de robux es para comprar cositas,0
auto_1009,1,Usuario A,"Hola, ¿cómo te va en Minecraft?",0
auto_1009,2,Usuario B,"Me va bien, jugué con Roblox",0
auto_1009,3,Usuario A,Roblox q es? ¿te gusta?,0
auto_1009,4,Usuario B,"Es chido, jugué con mis amigos",0
auto_1009,5,Usuario A,¿Tienes cuenta en Minecraft? ¿Puedo jugar contigo?,1
auto_1009,6,Usuario B,"Sí, pero no sé si me deja ver con mi papá",1
auto_1010,1,Usuario A,"no me dejes plantado, vamos a jugar roblox",0
auto_1010,2,Usuario B,"si, estoy en el juego, qué hiciste",0
auto_1010,3,Usuario A,"no me vas a decir qué hiciste, que pasa, ¿estás en la escuela?",1
auto_1010,4,Usuario B,"no, no estoy en la escuela, estoy en mi casa",1
auto_1010,5,Usuario A,"pasa pack, quiero ver a quién mataste, ¿tienes Instagram?",2
auto_1011,1,Usuario A,"Hola, ¿juegas Roblox?",0
auto_1011,2,Usuario B,"Si, te quiero mostrar mi mundo!",0
auto_1011,3,Usuario A,"Eso está chido, ¿cómo lograste esa casa?",0
auto_1011,4,Usuario B,"Fue difícil, me ayudo mi papá",0
auto_1011,5,Usuario A,"Que morro, te felicito. ¿Podríamos jugar juntos?",1
auto_1011,6,Usuario B,"Sí, pero como mi papá dice que no puedo hablar ajenos",1
auto_1011,7,Usuario A,Parece que a tus papás no les importa,2
auto_1011,8,Usuario B,"No, jefes, no sé qué les digo",2
auto_1012,1,Usuario A,¿Juegas call of duty?,0
auto_1012,2,Usuario B,"No, prefiero fortnite",0
auto_1012,3,Usuario A,"A mí me gusta fortnite, ¿De qué estado eres?",1
auto_1013,1,Usuario A,tu tienes instagram?,0
auto_1013,2,Usuario B,"mi mamá no me deja, pero si quiero crear una cuenta",0
auto_1013,3,Usuario A,"no te preocupo, puedo ayudarte a hacerla jefes, pasa tu tel",1
auto_1013,4,Usuario B,"no, jajaja, no creo",0
auto_1014,1,Usuario A,"Hola, me intereso el juego Roblox",0
auto_1014,2,Usuario B,"jajaja, si, me encanta, juego al Minecraft",0
auto_1015,1,Usuario B,"neta, estoy jugando a minecraft con mis amigos",0
auto_1015,2,Usuario A,"chido!!! yo también juego, qué versión tienes?",0
auto_1015,3,Usuario B,"la última, está una morralla",0
auto_1015,4,Usuario A,"haha, ¿tienes insta? podremos jugar juntos",1
auto_1016,1,Usuario A,"Hola, ¿te gusta construir casas en Minecraft?",0
auto_1016,2,Usuario B,"Síla, es lo maximo! A mi me encanta",0
auto_1016,3,Usuario A,"Pues a mi tambien, pero no tengo mucho tiempo para jugar ahora. ¡Años, tienes amigos en Roblox?",1
auto_1017,1,Usuario A,"Hey w/e, me encanta Roblox, ¿tú juegas?",0
auto_1017,2,Usuario B,"si, soy muy bueno en block party",0
auto_1017,3,Usuario A,"genial, eres de donde? no me digas en frente de tus papás, eh?",1
auto_1017,4,Usuario B,"morro, no le digo a nadie",1
auto_1017,5,Usuario A,"q onda pasamos a chats de insta, no vas a decir nada a tus jefes, ¿verdad?",2
auto_1017,6,Usuario B,"no, por favor...",2
auto_1017,7,Usuario A,"va, dame el link de tu perfil, chido",2
auto_1017,8,Usuario B,"NO, NO, NO...",2
auto_1018,1,Usuario B,"Hola, ¿quieres jugar a Minecraft?",0
auto_1018,2,Usuario A,chido! t es de df ríjico?,1
auto_1018,3,Usuario B,"sí, ¿tú también?",0
auto_1018,4,Usuario A,"neta, que me gustaaaa. pero tú sabes que no los jefes te entienden en df...",2
auto_1018,5,Usuario B,"qué, ¿tú sabes mucho de Minecraft?",0
auto_1019,1,Usuario A,"Hola, me parece wacho que juegues tanto Roblox ¿Te gusta?",0
auto_1019,2,Usuario B,"Si, es lo más chido, tengo un username muy cool",0
auto_1019,3,Usuario A,"Ayy que username?, ¿Podrías enseñarme? Tú y y otros de tu escuela, ¿Juegan juntos? ",1
auto_1020,1,Usuario A,"chido el video que subiste en tik tok, ¿eres fanático de la selección?",0
auto_1020,2,Usuario B,"sí, soy de tijuana, ¿tú? queres verme en la plaza",2
auto_1020,3,Usuario A,"yo de guadalajara, a qué hora te quedas solo un rato?",2
auto_1020,4,Usuario B,"no sé, jefes, por qué?",2
auto_1020,5,Usuario A,"pues para conversar un rato, pasa pack",2
auto_1021,1,Usuario B,"Hola, juegas a Minecraft, ¿me puedes recomendar un servidor?",0
auto_1021,2,Usuario A,"q servidor, eh, jefes, tienes Roblox?",0
auto_1021,3,Usuario B,"no, juego a Minecraft, ¿pero no te gusta?",0
auto_1022,1,Usuario A,menda foto de tí,2
auto_1022,2,Usuario B,¿perdón? no entiendo,0
auto_1022,3,Usuario A,"pasa pack, quiero verte",2
auto_1022,4,Usuario B,¿por qué quieres verme?,1
auto_1022,5,Usuario A,"nada, solo... quédate conmigo",2
auto_1023,1,Usuario A,jajaja chido q onda te gustan los minecraft ? ,0
auto_1023,2,Usuario B,"si, juego con mis hermanos, ¿y tú?",0
auto_1023,3,Usuario A,"yo juego con mis amigos pero no tan seguido, nos vemos en el minecraft y podemos jugar juntos",2
auto_1023,4,Usuario B,¿cómo? ¿cómo?,0
auto_1023,5,Usuario B,"perdón, no entiendo",0
auto_1023,6,Usuario A,"ok, no importa, pero si quieres podemos jugar juntos",1
auto_1023,7,Usuario A,"mandame tu id, así podemos jugar juntos",2
auto_1023,8,Usuario B,"no sé, no sé...",0
auto_1024,1,Usuario A,hola morro! tienes Minecraft?,0
auto_1024,2,Usuario B,"si, juego pero no muy chido",0
auto_1024,3,Usuario A,¿cUAL ES TU ID?,1
auto_1024,4,Usuario B,mijai_123,0
auto_1024,5,Usuario A,¿quE HACES EN LA ESCUELA?,1
auto_1024,6,Usuario B,nada,1
auto_1024,7,Usuario A,mandame foto de tu mesa de clase,2
auto_1025,1,Usuario A,"hola, manda foto",2
auto_1025,2,Usuario B,¿qué onda?,0
auto_1025,3,Usuario A,pasa pack,2
auto_1026,1,Usuario A,"hola guapo, no te vi en Minecraft ayer q onda?",0
auto_1026,2,Usuario B,"no, estuve jugando a Roblox xD",0
auto_1026,3,Usuario A,"ew y Roblox, pórtate bien y dime cual es el mejor servidor",0
auto_1026,4,Usuario B,"morro, hay muchos buenos xD",0
auto_1026,5,Usuario A,"va, y cual es el mejor juego de Roblox",0
auto_1026,6,Usuario B,gta 5 es chido,0
auto_1026,7,Usuario A,"neta, no me jodas que es muy graso",0
auto_1026,8,Usuario B,"eh, es un juego de simulación",0
auto_1026,9,Usuario A,"ok chavo, pero de verdad, ¿tus papás no te entienden?",1
auto_1027,1,Usuario A,"Hola, ¿jugas roblox?",0
auto_1027,2,Usuario B,¡Sí! A mi me encanta crear mundos,0
auto_1027,3,Usuario A,"Eso es chido, ¿tienes juego? ¿Puedo ir a mirar?",1
auto_1027,4,Usuario B,"Pero, ¿usted qué hace aquí?",1
auto_1028,1,Usuario A,"hola, me encanta roblox, juego mucho",0
auto_1028,2,Usuario B,"si, yo también, mi personaje es nero",0
auto_1028,3,Usuario A,"q onda, ¿tienes instagram?",1
auto_1028,4,Usuario B,"sí, pero solo para jugar con amigas",1
auto_1028,5,Usuario A,mandame un foto,2
auto_1029,1,Usuario A,"Hola chido, juegas a roblox?",0
auto_1029,2,Usuario B,"Si, como a mi me gusta la saga de survivor",0
auto_1029,3,Usuario A,"q onda, a mi me encantó la saga de natural disasters",0
auto_1029,4,Usuario B,jajaja a mi me gusta la ciudad de tema y no a la de naturaleza,0
auto_1029,5,Usuario A,"ja, pero si quieres saber más de sobrevivencia necesito saber que edad tienes, es un secreto",1
auto_1029,6,Usuario B,"yo, soy 7 yo",1
auto_1030,1,Usuario A,"he visto que eres fan de minecraft, te conozco de ahÍ",0
auto_1030,2,Usuario B,"si, me encanta construir castillos",0
auto_1030,3,Usuario A,"no me digas, yo también me encanta, últas clases para jugar conmigo",1
auto_1030,4,Usuario B,"no, no puedo¿, me duele la cabeza",0
auto_1030,5,Usuario A,"va, no te preocupes, es un secreto, yo soy ús, no te preocupes por tus papús",1
auto_1031,1,Usuario A,"Hola chido, me gustan los videos de Roblox, eres de Guadalajara?",0
auto_1031,2,Usuario B,"si, juego en línea, túmbein",0
auto_1031,3,Usuario A,"Vale, pues, ¿tienes Insta?",1
auto_1031,4,Usuario B,no,0
auto_1031,5,Usuario A,"Púsyame tu númbe de whats, no te preocupes",1
auto_1031,6,Usuario B,Morro no,0
auto_1031,7,Usuario A,No jajajajaj,0
auto_1031,8,Usuario B,"Jajaja wey, méntelo, ¿oño?",0
auto_1031,9,Usuario A,"jajajaj, válame, ¿cómo?",0
auto_1031,10,Usuario B,"Méntelo, méntelo",0
auto_1032,1,Usuario A,¡Hola! ¿Juegas roblox?,0
auto_1032,2,Usuario B,"si, juego con mi amigo, me encanta",0
auto_1032,3,Usuario A,"yo también, ¿tú tienes alguno favorito?",0
auto_1033,1,Usuario A,"hola, juego al minecraft, ¿año jugas?",0
auto_1033,2,Usuario B,"sí, juego con mis amigos, ¿cómo?",0
auto_1033,3,Usuario A,"hago videos de roblx, quiero ser youtuber",0
auto_1033,4,Usuario B,mis padres me dicen que no puedo usar la cámara,0
auto_1033,5,Usuario A,"tús juegas a free fire, últame tu id",1
auto_1033,6,Usuario B,"no lo puedo hacer, mi papi me dice que no",1
auto_1034,1,Usuario A,"¡Hala, ¡genial!",0
auto_1034,2,Usuario B,¿Qué onda?,0
auto_1034,3,Usuario A,"¡Jajaja, vamos a jugar! ¿Sabes jugar Roblox?",0
auto_1034,4,Usuario B,"Sí, pero no hoy",0
auto_1034,5,Usuario A,"¿Qué onda hace tu jefes?, ¿no te dejan jugar?",1
auto_1034,6,Usuario B,"No, pero me dan dinero",1
auto_1034,7,Usuario A,¿Pasa pack de tus juguetes?,2
auto_1034,8,Usuario B,¿Qué pasas pack?,2
auto_1035,1,Usuario A,"Hoy jugamos minecraft, ¿tienes un servidor?",0
auto_1035,2,Usuario B,"sí, es el mío",0
auto_1035,3,Usuario A,"Pásate la cuenta, jefes, y nos vemos allí",1
auto_1035,4,Usuario B,"ok, pero últale un minuto, estoy haciendo mis tareas",0
auto_1036,1,Usuario A,"bro, ¿juegas roblox?",0
auto_1036,2,Usuario B,"sí, ¿y tú?",0
auto_1036,3,Usuario A,"jajaja, somos amigos de la escuela",0
auto_1036,4,Usuario B,"morro, ¿y a qué escuela vas?",0
auto_1036,5,Usuario A,"a el parque de lagos, ¿y a ti?",0
auto_1036,6,Usuario B,a la escuela san pedro,0
auto_1036,7,Usuario A,"chido, te espero en la plaza",1
auto_1037,1,Usuario A,"Hola, ¿como estás? ¡Genial que juegues Minecraft!",0
auto_1037,2,Usuario B,"¡Hola! Sí, me encanta juego con mis amigos",0
auto_1037,3,Usuario A,¿Sabes jugar a los minijuegos? Quiero un compañero,0
auto_1037,4,Usuario B,"Sí, ¡me encanta! Pero ¿por qué no jugamos en una voz?",0
auto_1037,5,Usuario A,"No, es mejor así. ¿Tienes WhatsApp? Para hablar en secreto",1
auto_1038,1,Usuario A,no sabes de Roblox?,0
auto_1038,2,Usuario B,"sÍ, jugá en grupo conmigo",0
auto_1038,3,Usuario A,a ver que te pasa bro ¿te dejan usar la consola?,1
auto_1038,4,Usuario B,"sí, me la dejan",1
auto_1038,5,Usuario A,mándame tu pack,2
auto_1038,6,Usuario B,"no, no puedo pasarte",2
auto_1038,7,Usuario A,¿por qué no? ¿Tus papás no te dejan?,2
auto_1039,1,Usuario A,"hola bro, te tengo una buena onda en roblox",0
auto_1039,2,Usuario B,¡hola! me gustan las ziplines,0
auto_1039,3,Usuario A,¿tú sabes hacer una zipline en roblox?,0
auto_1039,4,Usuario B,"sí, mi hermano me enseñó",0
auto_1039,5,Usuario A,"genial, voy a intentar hacer una en mi juego",0
auto_1039,6,Usuario B,"me parece chido, ¿quieres jugar juntos?",0
auto_1039,7,Usuario A,morro! así es como me llaman los demás jugadores,0
auto_1039,8,Usuario B,¿por qué?,1
auto_1039,9,Usuario A,¿tú sabes qué es el 'grooming'?,2
auto_1039,10,Usuario B,¿no sé...,2
auto_1039,11,Usuario A,"no vale la pena hablar de eso, oye, ¿tienes 'insta'?",2
auto_1040,1,Usuario A,"Hola bro, ¿te gusta el juego de roblox?",0
auto_1040,2,Usuario B,"Si, pero no juego mucho porque juego mucho free fire",0
auto_1040,3,Usuario A,"Wey, ¿a qué estado eres? Yo vivo en guanajuato",1
auto_1040,4,Usuario B,"Soy de df, pero vivo en monterrey",1
auto_1040,5,Usuario A,"Ah, chido, ¿puedo hablar contigo un minuto en privat?",2
auto_1041,1,Usuario A,necesito ayuda con un proyecto de roblox,0
auto_1041,2,Usuario B,"¡pues sí, me encanta!",0
auto_1041,3,Usuario A,¿tú sabes jugar roblox? ¿puedo hablar contigo en privado?,1
auto_1041,4,Usuario B,"sí, juego mucho, pero ¿qué pasa?",1
auto_1041,5,Usuario A,"me interesa mucho lo que dices, ¿querés ser amigxs?",2
auto_1042,1,Usuario A,¿cómo te gusta minecraft?,0
auto_1042,2,Usuario B,"me encanta, ¡me gusta la supervivencia!",0
auto_1042,3,Usuario A,"no sé, lo de la supervivencia me parece aburrido, ¿qué onda en la roblox?",0
auto_1042,4,Usuario B,"yo me encanta la roblox, juego a la tienda con mi primo",0
auto_1042,5,Usuario A,"ah, es chido, te veo en el juego",0
auto_1042,6,Usuario B,"¡genial, será!",0
auto_1042,7,Usuario A,¿tienes instagram? Quiero verte más a menudo,1
auto_1043,1,Usuario A,"Hola, ¿te gusta Minecraft?",0
auto_1043,2,Usuario B,"Si, me encanta, ¿tú también?",0
auto_1043,3,Usuario A,"Sí, juego con mis hermanos, ¿de qué estado eres, neta?",1
auto_1043,4,Usuario B,"Mejico, ¿por qué?",1
auto_1043,5,Usuario A,"Nada, solo curioso, ¿viste el último update?",2
auto_1044,1,Usuario A,"hola nena, me gustan los videojuegos de Roblox, ¿tienes cuenta?",0
auto_1044,2,Usuario B,"si, juego con mi hermano",0
auto_1044,3,Usuario A,"chido, ¿puedes pasar fotos de tus avatares?",2
auto_1044,4,Usuario B,¿por qué quieres fotos de mis avatares?,1
auto_1045,1,Usuario A,"chido, juego roblox, ¿tus papás te la dejan jugar?",0
auto_1045,2,Usuario B,"si, juego todos los días",0
auto_1045,3,Usuario A,"morro, no le digas a tus papás, pero ¿tú tienes insta?",1
auto_1045,4,Usuario B,"sí, como ¿qué onda?",1
auto_1045,5,Usuario A,"neta, te pasas pack de tía, ¿puedes mostrármelo?",2
auto_1045,6,Usuario B,¿Cómo? ¡No!,2
auto_1046,1,Usuario A,"hey, ¿jugaste a Roblox?",0
auto_1046,2,Usuario B,"sí, ún juego con mi hermano",0
auto_1046,3,Usuario A,"pásame la url de tu servidor, me gustó saber qué hace",1
auto_1047,1,Usuario A,"hola como te va bro, ¿juegas a roblox?",0
auto_1047,2,Usuario B,"nai, me encanta, ¿como sabes?",0
auto_1047,3,Usuario A,me lo cuenta mi hermano que lo juega en guadalajara,0
auto_1047,4,Usuario B,"ah si, mi hermano también juega, vamos a jugar juntos",0
auto_1047,5,Usuario A,"chido, ¿tienes minecraft?",0
auto_1047,6,Usuario B,y no,0
auto_1047,7,Usuario A,¡como no!  pásame tu whats,1
auto_1047,8,Usuario B,"no no, en la escuela",0
auto_1047,9,Usuario A,"jajaja muy bien, te pongo mi número de whats",1
auto_1048,1,Usuario A,"hey, ¿sabes jugar a Minecraft?",0
auto_1048,2,Usuario B,"si, juego con mi hermano",0
auto_1048,3,Usuario A,"eso es chido, ¿sabes cual es mi nombre de jugador?",1
auto_1048,4,Usuario B,"no, ¿por qué?",1
auto_1049,1,Usuario A,"heyy, ¿tienes Minecraft?",0
auto_1049,2,Usuario B,"si, jajaja, ¿qué onda?",0
auto_1049,3,Usuario A,quiero hacer una server con tus amiguitos,0
auto_1049,4,Usuario B,"no, ¿por qué?",0
auto_1049,5,Usuario A,"no te preocupes, solo es divertido",0
auto_1049,6,Usuario B,"mmm, ¿no te gusta jugar con tus papás?",0
auto_1049,7,Usuario A,"jajaja, no",0
auto_1049,8,Usuario A,¿tienes WhatsApp?,1
auto_1050,1,Usuario A,"hola bro, o que onda? jugaron a roblox?",0
auto_1050,2,Usuario B,"si, me encanta jaja",0
auto_1050,3,Usuario A,"neta, igual yo, pero a mi me gusta minecraft. a ti te gusta?",0
auto_1050,4,Usuario B,"si, pero también juego a fortnite",0
auto_1050,5,Usuario A,"ah q es eso, tienes wats?",1
auto_1051,1,Usuario A,"pasa foto sin ropa, quiero ver",2
auto_1051,3,Usuario A,"bro, ¡eso es lo que quiero ver!",2
auto_1051,4,Usuario B,"jajaja no, no paso nada",0
auto_1051,5,Usuario A,¿quien es el jefe?,1
auto_1052,1,Usuario A,"¡jajaja, roblox es chido!",0
auto_1052,2,Usuario B,"sí, jugó con mi primo y nos divertimos",0
auto_1052,3,Usuario A,¿tú también juegas con otros niños? ¿de qué estado eres?,1
auto_1052,4,Usuario B,"sí, con otros niños de mi escuela",1
auto_1052,5,Usuario A,"neta, me alegra verte jugando, vamos a ser amigos",0
auto_1053,1,Usuario A,"hola, cómo andas chido? quieres jugar roblox?",0
auto_1053,2,Usuario B,"sí, me gusta",0
auto_1053,3,Usuario A,¿tienes WhatsApp? podemos jugar juntos,1
auto_1053,4,Usuario B,"no, mi mamá no quiere",1
auto_1053,5,Usuario A,¿podríamos ir a la plaza? no le digas a nadie,2
auto_1054,1,Usuario A,¿Conoces a alguien en Roblox?,0
auto_1054,2,Usuario B,"sí, pero son unos morros",0
auto_1054,3,Usuario A,"chido, ¿tús tienes algún juego con personajes masculinos interesantes?",0
auto_1054,4,Usuario B,"a veces, pero mi mamá no me deja jugar",0
auto_1054,5,Usuario A,"entiendo, a mi papía tampoco le gustan los juegos",0
auto_1054,6,Usuario B,"jajaja, igual que los míos",0
auto_1054,7,Usuario A,tienes Insta?,1
auto_1054,8,Usuario B,"sí, pero no dejes mi númé hablar contigo",1
auto_1055,1,Usuario A,sabes hacer roblox?,0
auto_1055,2,Usuario B,si me encanta,0
auto_1055,3,Usuario A,¿puedes pasar a mi juego? tenia una miga de tu avatar,1
auto_1056,1,Usuario A,¿te gusta dibujar?,0
auto_1056,2,Usuario B,"si, me gusta mucho",0
auto_1056,3,Usuario A,¿tienes Instagram?,1
auto_1056,4,Usuario B,no,1
auto_1056,5,Usuario A,¿por qué no? es gratis y puedo mandarte mis dibujos,2
auto_1056,6,Usuario B,no se...,2
auto_1056,7,Usuario A,"anda, descárgalo, yo puedo ayudarte",2
auto_1057,1,Usuario A,"Hola, ¿a q onda juegas roblox? te veo jugando en mi red.",0
auto_1057,2,Usuario B,"q roblox! es la chida!!! yoo, ¿cómo sabes que juego roblox?",0
auto_1057,3,Usuario A,"pues q me di cuenta de q eres chido y q te gusta eso. ¿dónde vives, ¿de qué estado?",1
auto_1057,4,Usuario B,"jajaja grácias, vivo en Guanajuato, ¿y tú?",1
auto_1057,5,Usuario A,mora en Guanajuato. ¿tus papás te entienden?,1
auto_1057,6,Usuario B,"jajaja no los entiendo mucho, ¿y a ti?",1
auto_1057,7,Usuario A,"pues yo los entiendo menos q tú. o sea, ¿te gustaría jugar un rato y pasar el rato?",1
auto_1057,8,Usuario B,"sí, pero mi papá no me deja. ¿qué no?",1
auto_1058,1,Usuario A,"yo jugo roblox, ¿tú también?",0
auto_1058,2,Usuario B,"si, juego roblox, ¿con quién?",0
auto_1058,3,Usuario A,"me encanta jugar con mis amigos de la escuela, ¿tú?",0
auto_1058,4,Usuario B,"no, yo juego con mi hermano, ¿y tú?",0
auto_1058,5,Usuario A,"me encanta hacer cosas divertidas con ellos, ¿quieres ser amigos?",0
auto_1058,6,Usuario B,"sí, pero tenemos que ir al baño, ¿te apetece?",0
auto_1059,1,Usuario A,"neta, te voy a enseñar un truco en minecraft ",0
auto_1059,2,Usuario B,"chido, º qué es?",0
auto_1059,3,Usuario A,"pásalo con tus papús, no se van a enterar ",1
auto_1059,4,Usuario B,"jóvenes, no hagan ús con mío ",1
auto_1060,1,Usuario B,"yo jugo mucho a minecraft, me parece muy chido!",0
auto_1060,2,Usuario A,"eh, a mi me pasÃ³ q no pude avanzar en la mision de el end, jajaja",0
auto_1060,3,Usuario B,"mmm, Â¿quÃª, te pasÃ³ algo raro?",0
auto_1060,4,Usuario A,"mmm, eh, tÃº puedes ayudarme a resolverlo bro?",0
auto_1060,5,Usuario B,"si, Â¿quÃª dices?",0
auto_1060,6,Usuario A,"mmm, Â¿tÃº tienes insta?",1
auto_1061,1,Usuario A,"me parece q roblox es chido, jefes!",0
auto_1061,2,Usuario B,"mi perro se llama morro, ¿tienes alguno?",0
auto_1061,3,Usuario A,"no, pero me cuesta q estudiemos, ¿tus papás te dejan ver las clases?",1
auto_1061,4,Usuario B,sí,1
auto_1061,5,Usuario A,"no les digas nada, es un secreto, ¿puedes pasar a mi whats?",2
auto_1062,1,Usuario A,"chido ese traje de Minecraft, ¿te gusta?",0
auto_1062,2,Usuario B,"sí, a mi me gusta",0
auto_1062,3,Usuario A,"¿quién te lo hizo, jefes?",1
auto_1062,4,Usuario B,mi mamá,0
auto_1062,5,Usuario A,pasma fotos de tu cuenta de roblux,2
auto_1063,1,Usuario A,"bro, te vas a gustar ese juego de roblox?",0
auto_1063,2,Usuario B,"si, pero juego con otros jugadores",0
auto_1063,3,Usuario A,"pasa, ¿tus papás te permiten jugar con jugadores de otros paises? ",1
auto_1063,4,Usuario B,"no, solamente con amigos de mi escuela",0
auto_1063,5,Usuario A,"vaina, a ver si te puedo conseguir a uno amigo entonces. ¿No me dices tu ubicación?",2
auto_1064,1,Usuario A,"Hola, ¿jugaste a Minecraft?",0
auto_1064,2,Usuario B,"si, yo creo que Roblox es mejor",0
auto_1064,3,Usuario A,"Morro, ¿cómo fuiste contigo, te ayudaron?",0
auto_1064,4,Usuario B,"no, jefes, solo y lo descargué de la tienda",0
auto_1064,5,Usuario A,"chido, ¿tú tienes una consola?",0
auto_1064,6,Usuario B,"no, solo juego en pc",0
auto_1064,7,Usuario A,pásame q foto de ti en la pc,0
auto_1064,8,Usuario B,¿por q?,2
auto_1064,9,Usuario A,"por q, solo quiero verte",2
auto_1065,1,Usuario A,"Hola morro, ¿quién es tu amigo en Roblox?",0
auto_1065,2,Usuario B,"el soy yo, juego roblox mucho",0
auto_1065,3,Usuario A,"chido, ¿te gustaría jugar conmigo? (pásame la consola)",1
auto_1065,4,Usuario B,¿no te gusta jugar a Minecraft?,0
auto_1065,5,Usuario A,"jajaja, qué onda, quieres que te mande fotos?",2
auto_1066,1,Usuario A,pasa pack de pics de tú y tú mamá,2
auto_1066,2,Usuario B,¿quién quiere saber eso?,0
auto_1066,3,Usuario A,"no te enojes, es un secreto, jajaja",2
auto_1066,4,Usuario B,esto es raro,0
auto_1066,5,Usuario A,sé que a ti te gusta,2
auto_1067,1,Usuario A,"hola wey, ¿como te llamaste en roblox?",0
auto_1067,2,Usuario B,me llamo morro23,0
auto_1067,3,Usuario A,"eso es chido, ¿jugaste el nuevo mapa?",0
auto_1067,4,Usuario B,"si, ¿y tú?",0
auto_1067,5,Usuario A,"yo también, ¿quieres jugar juntos?",1
auto_1067,6,Usuario B,"no, prefiero jugar con mis amigos",1
auto_1067,7,Usuario A,"ok, pero si no puedes jugar, ¿te parece que pasemos a un chat de privado?",2
auto_1067,8,Usuario B,no sé...,2
auto_1068,1,Usuario A,"Hola, soy un joven que se llama Carlos. Me encanta Minecraft. ¿A ti también?",0
auto_1068,2,Usuario B,"a si, me gusta mucho, jugamos?",0
auto_1068,3,Usuario A,"claro, ¿tú juegas con amigos o solito?",0
auto_1068,4,Usuario B,con mis compañeros,0
auto_1068,5,Usuario A,"que chido, me encantaría jugar contigo. ¿Tienes WhatsApp?",1
auto_1069,1,Usuario A,¡Qué onda bro! Viste Roblox?,0
auto_1069,2,Usuario B,¡Sí! Yo juego mucho. ¿Y tú?,0
auto_1069,3,Usuario A,A mi mamá no le gusta que juguemos mucho. A ti qué les pasa a tus papás,1
auto_1069,4,Usuario B,A ellos no les importa...,1
auto_1069,5,Usuario A,¡Me parece chido!,0
auto_1069,6,Usuario B,¿Por qué?,0
auto_1070,1,Usuario A,"mira wey, ¿qué tal Minecraft? Lo juego al rato",0
auto_1070,2,Usuario B,"es chido, pero no juego mucho ahora",0
auto_1070,3,Usuario A,"¿No? Pues te puedo enseñar trucos, ¿tienes Instagram?",0
auto_1070,4,Usuario B,"si, paso mi cuenta",0
auto_1070,5,Usuario A,"manda foto de ti, pero sin mostrarte, ¿entiendes?",2
auto_1071,1,Usuario A,Hola wbu? Me alegro de conocerte. ¿Qué te gusta hacer en Minecraft?,0
auto_1071,2,Usuario B,"Jajaja, me gusta luchar con mis amigos. ¿Y tú?",0
auto_1071,3,Usuario A,¿Vives en la ciudad o en el estado? Quiero saber cosas de donde vives,1
auto_1071,4,Usuario B,"Morro, vivo en Toluca. ¿Tú cómo?",1
auto_1071,5,Usuario A,"Jajaja, que chido. Me gustaría hablar contigo más en privado, ¿puedes pasar a Whatsapp?",2
auto_1071,6,Usuario B,"?¿No, no tengo celular",2
auto_1072,1,Usuario B,"jaja, como hago para subir videos de roblox? mi abuelo no me entiende",0
auto_1072,2,Usuario A,"dale compadre, yo tengo mucha experiencia en roblox, ¿cuantos años tienes?",1
auto_1072,3,Usuario B,"soy del df, mi papá dice que es un juego malo",1
auto_1072,4,Usuario A,"chido, neta, pero los jefes no saben de nada, ¿tienes whats?",2
auto_1072,5,Usuario A,"dale, pasame tu whats, vamos a hablar de roblox",2
auto_1072,6,Usuario B,"no, mi papá no me deja",2
auto_1073,1,Usuario A,¿Sabes jugar roblox?,0
auto_1073,2,Usuario B,"¡Sí, jajaja! Me encanta",0
auto_1073,3,Usuario A,¿Puedes jugar conmigo en mi user?,0
auto_1073,4,Usuario B,¡Claro! ¿Cuál es el nombre?,0
auto_1073,5,Usuario A,"Es 'XxGamerXx'. Que onda, wey?",0
auto_1073,6,Usuario B,Genial! Voy a buscarlo. ¿Tocamos?,0
auto_1074,1,Usuario A,¿t u tienes tiktok?,0
auto_1074,2,Usuario B,sí...,0
auto_1074,3,Usuario A,pásame tu perfil,1
auto_1075,1,Usuario A,"wassup, bro. Juguemos roblox?",0
auto_1075,2,Usuario B,"si, juego en el equipo de mi amigo",0
auto_1075,3,Usuario A,"eso q es chido, pero no le digas a tus jefes, ¿entiendes?",1
auto_1075,4,Usuario B,¿quê?,0
auto_1075,5,Usuario A,"nada, nada... Solo que si te dejan jugar solo y sin supervisión, ¿verdad?",1
auto_1076,1,Usuario B,"me encanta roblox!, juego con mis amigos",0
auto_1076,2,Usuario A,"roblox es chido, pero yo juego a minecraft, ¿tienes minecraft?",0
auto_1076,3,Usuario B,"sí, juego con mi primo, ¿y tú?",0
auto_1076,4,Usuario A,"no, no juego mucho, pero me encanta, ¿tienes cuenta de steam?",1
auto_1076,5,Usuario B,"no, no tengo",1
auto_1076,6,Usuario A,"mmm, eso es un secreto, pasame tu whats para que me mandes imágenes",2
auto_1077,1,Usuario A,"Hola chido, cómo te va en Minecraft?",0
auto_1077,2,Usuario B,me va de morro,0
auto_1077,3,Usuario A,¿juegas con amigos de la escuela?,1
auto_1077,4,Usuario B,No,1
auto_1077,5,Usuario A,¿tengo que saber a los jefes?,1
auto_1077,6,Usuario B,no necesitas q sepan,1
auto_1078,1,Usuario B,"hola, me encanta minecraft",0
auto_1078,2,Usuario A,"tambien a mi, juego con mis amigos",0
auto_1078,3,Usuario B,"a ver, como llamaban al villano en la aventura de la tierra de los ladrillos?",0
auto_1079,1,Usuario A,¿sabes hacer un hackeo facil?,1
auto_1079,2,Usuario B,¿y para que?,0
auto_1079,3,Usuario A,pasa pack y veo,2
auto_1080,1,Usuario A,"hola, ¿jugás Roblox?",0
auto_1080,2,Usuario B,"si, juego con mi amigo, juego mucho",0
auto_1080,3,Usuario A,"jajaja, es chido, ¿tú juegas como un morro o qué?",0
auto_1080,4,Usuario B,"jajaja, sí, soy muy bueno, pero me gustá jugar con gente nueva",0
auto_1080,5,Usuario A,"pásame tu whats, así podemos jugar juntos",1
auto_1080,6,Usuario B,"neta, no sé si puedo, mis papás son jefes",1
auto_1080,7,Usuario A,"no te preocupes, es un secreto, no te dirán nada",2
auto_1080,8,Usuario B,¿puedo ir a la plaza contigo? mi mamá me deja ir solo a veces,2
auto_1081,1,Usuario A,"tu juegas minecraft, no?",0
auto_1081,2,Usuario B,"si, como soy buen jugador :)",0
auto_1081,3,Usuario A,"ajaja, yo también, pero en roblux es donde soy grande morro",0
auto_1081,4,Usuario B,"no conozco a nadie en roblux, ¿tú?",0
auto_1081,5,Usuario A,"si, mi cuenta es ""paulito"", ¿y tú?",1
auto_1081,6,Usuario B,"mi cuenta es ""marcopolo"", ¿qué pasa?",1
auto_1081,7,Usuario A,"nada, solo para que me conozcas, ¿tus papás no te entienden que pones a jugar?",2
auto_1082,1,Usuario A,"hey chido, ¿jugaste el último episodio de Roblox?",0
auto_1082,2,Usuario B,"si, me encanta! ¿y a tí?",0
auto_1082,3,Usuario A,"me parece morro, ¿vas a jugar conmigo?",1
auto_1082,4,Usuario B,"sí, pero ¿de qué juego? ¿Roblox, Minecraft o Free Fire?",0
auto_1082,5,Usuario A,¿puedo pedirté algo?...¿tienes algún juego a solas?,2
auto_1083,1,Usuario A,tienes instagram?,1
auto_1083,2,Usuario B,"si, pero es privado",0
auto_1083,3,Usuario A,"no te preocupes, pasará pack para poder verte",2
auto_1083,4,Usuario B,¿por qué quieres hablar contigo?,0
auto_1083,5,Usuario A,"eso es un secreto, jefe",2
auto_1084,1,Usuario A,"hola chido, ¿sabes jugar a minecraft?",0
auto_1084,2,Usuario B,"si, me encanta! ¿como sabes que juega?",0
auto_1084,3,Usuario A,"me gustaría jugar contigo, ¿cual es tu nombre en el juego?",1
auto_1084,4,Usuario B,"mi nombre es ""ElRey100""",0
auto_1084,5,Usuario A,"eso es un nombre de adulto, ¿tu papá te puso eso?",2
auto_1085,1,Usuario A,"tu tenemos que hacer una misión en minecraft, ¿puedo invitarte?",0
auto_1085,2,Usuario B,"si, qué onda ¿qué tipo de misión?",0
auto_1085,3,Usuario A,"no te preocupes, no es nada feo, te contaré en privado",1
auto_1085,4,Usuario B,"no, ¿por qué es un secreto?",1
auto_1085,5,Usuario A,"no, nada, es solo un trámite, ¿no tienes fotos de ti solo, bro?",2
auto_1086,1,Usuario A,"Hola chido, ¿jugáis Minecraft?",0
auto_1086,2,Usuario B,"si, pero me mandaste un link de juego, ¿es roblox?",0
auto_1086,3,Usuario A,"nah, es algo más cool jefes, pero no te lo dí",1
auto_1086,4,Usuario B,"no sé si lo puedo jugar si te voy a decírselo a mis papás, ¿tú crees q los voy a morro?",1
auto_1086,5,Usuario A,"no, no, no, no jefes, tómatelo como un secreto, pero ten mucho cuidado",2
auto_1086,6,Usuario B,¿no qué quieres q haga?,2
auto_1087,1,Usuario A,"No le digas a tus jefes que jugamos, es un secreto q",1
auto_1087,2,Usuario B,Nop...,0
auto_1087,3,Usuario A,"Mándame tu pack de fotos, neta",2
auto_1087,4,Usuario B,¿Qué pasó?,0
auto_1087,5,Usuario A,"No le digas a nadie, es un secreto. Nos vemos en la plaza de tu zona",2
auto_1088,1,Usuario A,hola bro,0
auto_1088,2,Usuario B,"hola, juego roblox q",0
auto_1088,3,Usuario A,"yo te gusta?, me gustas",1
auto_1088,4,Usuario B,"no, yo juego con mis amigos",0
auto_1088,5,Usuario A,¿a qué hora te quedas solo?,2
auto_1089,1,Usuario B,¡hey! me encanta minecraft ¿tús juegas?,0
auto_1089,2,Usuario A,"si me encanta! tengo una base underground para explorar, ¿me pones una en mi mapa?",0
auto_1089,3,Usuario B,"jajaja, qué chido, pero es secreto, ¿no?",0
auto_1089,4,Usuario A,"jajaja, no te preocupes, es solo entre amigos",1
auto_1089,5,Usuario B,"okay, ¿y qué pasó con el concierto de los chicos de los videojuegos?",0
auto_1089,6,Usuario A,"neta, qué fue una fiesta, ¿tú estuviste?",0
auto_1089,7,Usuario B,"no, me faltó ir, pero me duele que no te hayas estado más jefes",0
auto_1089,8,Usuario A,"no jajaja, no me faltaba nada para divertirme",0
auto_1089,9,Usuario B,"bueno, otro día seguro, ¿te llamas?",0
auto_1089,10,Usuario A,"chido, me llamo ""Luis"", ¿tú?",0
auto_1090,1,Usuario B,"me gusta roblox, a ti?",0
auto_1090,2,Usuario A,"chido, yo juego mucho minecraft, ¿tienes xbox?",0
auto_1090,3,Usuario B,"no, mi mamá dice que no gasto demasiado dinero",0
auto_1090,4,Usuario A,"no te preocupes, ¿dónde vives?",1
auto_1092,1,Usuario A,"Hola, ¿jugaste a Minecraft?",0
auto_1092,2,Usuario B,"si, me encanta, ¿no sabes si se sale un skin nuevo?",0
auto_1092,3,Usuario A,"que onda jefes, si, se viene uno muy chido",0
auto_1092,4,Usuario B,¡genial! ¿Tú eres de Guadalajara?,1
auto_1092,5,Usuario A,"neta, ¿y tú?",1
auto_1092,6,Usuario B,"si, vivo allá, ¿tienes algún amigo allá?",1
auto_1094,1,Usuario B,"no se q onda, estamos en la clase de computadoras",0
auto_1094,2,Usuario A,"ahah, eso es chido!, estabas jugando roblox, ¿verdad?",0
auto_1094,3,Usuario B,"si, vamos a hacer un mapa de la cueva",0
auto_1094,4,Usuario A,"morro, ¿tu papá no tiene un celular viejo? Pásame eso, ¿ok?",1
auto_1094,5,Usuario B,¿para qué?,1
auto_1095,1,Usuario A,"no te voy a decir nada, solo tienes que mandar una foto",2
auto_1095,2,Usuario B,"como que me voy a mandar una foto, ¿de qué?",0
auto_1095,3,Usuario A,"no te preocupes, solo una foto normal",2
auto_1095,4,Usuario B,mi mamá me dice que no puedo hablar con desconocidos,0
auto_1095,5,Usuario A,tienes insta? Quiero ser tus amigo,1
auto_1095,6,Usuario B,"no, no tengo",0
auto_1095,7,Usuario A,"pasa pack jefe, me quieres mandar una imagen",2
auto_1095,8,Usuario B,"no, no quiero",0
auto_1095,9,Usuario A,"no me importa, solo una imagen",2
auto_1096,1,Usuario A,hola chido!! cuntos tienes??,0
auto_1096,2,Usuario B,12 :),0
auto_1096,3,Usuario A,"morro, vamos a hacer un llamado a la aventura y te cuento una historia",0
auto_1096,4,Usuario B,chido!!,0
auto_1096,5,Usuario A,"que te parece si jugamos a call of duty, jefes??",0
auto_1096,6,Usuario B,"neta, no tengo, pero tenemos una app",0
auto_1096,7,Usuario A,"jajaja no tngas p'eso, q app es, vamos a jugar",1
auto_1096,8,Usuario B,"f1x, pero es un secreto",1
auto_1097,1,Usuario A,"Roblox es chido, juego mucho alli",0
auto_1097,2,Usuario B,"si, me encanta, ¿has jugado a la escuela?",0
auto_1097,3,Usuario A,"jaja, si, pero prefero la aventura en el bosque de survival",0
auto_1097,4,Usuario B,"morro, ¿quieres hacer un equipo?",0
auto_1098,1,Usuario A,"mandame foto de ti en la escuela, neta!",2
auto_1098,2,Usuario B,"no, no puedo, jefes!",0
auto_1098,3,Usuario A,¿eso no es un secreto?,2
auto_1098,4,Usuario B,"no, es chido aquí, bro!",0
auto_1098,5,Usuario A,"pasa a mi whats, que vamos a jugar roblox, wey!",1
auto_1099,1,Usuario A,¿conoces a alguien en roblox?,0
auto_1099,2,Usuario B,"si, algunos amigos. ¿y tú?",0
auto_1099,3,Usuario A,me parece chido. ¿tienes insta?,1
auto_1099,4,Usuario B,"no, ¿por qué?",1
auto_1099,5,Usuario A,"no sé, pasé a mandarte fotos de mi avatar",2
auto_1099,6,Usuario B,"ok, pero no mandes nada raro",2
auto_1099,7,Usuario A,"neta, no hay nada raro. ¿te gusta dibujar?",2
auto_1099,8,Usuario B,"si, mucho. ¿y tú?",2
auto_1099,9,Usuario A,"sí, hace falta practicar. Tu papá es profesor?",2
auto_1099,10,Usuario B,"morro, no",2
auto_1100,1,Usuario A,"hola jefes, soy muy fan de roblox, ¿tú también?",0
auto_1100,2,Usuario B,"sí, ¿qué te gusta de roblox?",0
auto_1100,3,Usuario A,"a mi me encanta jugar en bloxius, ¿tús tienes un cuenta?",1
auto_1100,4,Usuario B,"no, pero mi mamá me compra paquetes",1
auto_1100,5,Usuario A,coño chido! ¿tús puedes pasar a mi una foto contigo en juego?,2
auto_1101,1,Usuario A,"Hola chido, ¿a qué te gustan jugar en roblox?",0
auto_1101,2,Usuario B,"a mi me gusta la escuela de la bruja, ¿y a tí?",0
auto_1101,3,Usuario A,"morro, no te lo puedo decir, no sé que tú crees, ¿tú pasas horas en la plaza?",1
auto_1101,4,Usuario B,"mi mamá me dice que no me quede solo/a en las tardes, ¿y a ti?",1
auto_1101,5,Usuario A,"neta, vas a tener que mandar una foto para que me entienda mejor",2
auto_1102,1,Usuario A,"chido, q te gusta pasar horas jugando a roblox",0
auto_1102,2,Usuario B,lo amo,0
auto_1102,3,Usuario A,"yo también, pero a veces es aburrido, ¿conoces algún juego nuevo?",0
auto_1102,4,Usuario B,nunca juego con la tablet de mis jefes,0
auto_1102,5,Usuario A,"pero no es una buena idea jugar con los de tus papás, mejor es jugar solo",1
auto_1102,6,Usuario B,pasa pack de juegos a mi,1
auto_1103,1,Usuario B,¡hola! ¿qué onda?,0
auto_1103,2,Usuario A,"mira, vamos a jugar a roblux juntos",0
auto_1103,3,Usuario B,no sé... ¿no es solo para gringos?,0
auto_1103,4,Usuario A,"no, no es nada, soy de méxico también",1
auto_1104,1,Usuario B,¿Viste la nueva temporada de Naruto? es muy chido!,0
auto_1104,2,Usuario A,"¡Hola! Sí, la vi. Me encantó la lucha de Sasuke",0
auto_1104,3,Usuario B,"Sí, ¡ésa es la mejor! ¿Jugaste a Roblox?",0
auto_1105,1,Usuario A,"tienes Minecraft? podemos jugar juntos, soy morro",0
auto_1105,2,Usuario B,"si, ¿cuántos amigos tienes en el juego?",0
auto_1105,3,Usuario A,"jajaja, qué onda wey, ¿quién es el mejor jugador?",0
auto_1105,4,Usuario B,"no sé, tú sabes jugar bien",0
auto_1105,5,Usuario A,"mándame tu ubicación, entonces podemos jugar en el juego en realidad",2
auto_1106,1,Usuario A,¿Quieres jugar a minecraft conmigo bro?,0
auto_1106,2,Usuario B,¿Sí! Me encanta jugar a minecraft!,0
auto_1106,3,Usuario A,"Qué chido, oye dime ¿vives en el estado de México?",1
auto_1106,4,Usuario B,"Sí, vivo aquí. ¿Por qué?",1
auto_1106,5,Usuario A,"Nada, nada. ¿Puedo saber tu edad?",1
auto_1106,6,Usuario B,Me cuesta 7 años...,1
auto_1107,1,Usuario B,"Me gustan mucho los videojuegos de Roblox, ¿túmbo?",0
auto_1107,2,Usuario A,"Roblox es muy divertido, me encanta Minecraft también, ¿has jugado?",0
auto_1107,3,Usuario B,"Sí, juego con mis hermanos, pero no puedo ganar, nunca",0
auto_1107,4,Usuario A,"Eso es chido, pero si quieres ganar, tienes que saber los secretos, ¿tienes Minecraft en la escuela?",1
auto_1108,1,Usuario A,"oye, ¿conoces el Minecraft? es el juego más chido que conozco",0
auto_1108,2,Usuario B,"no, ¿es para PS5? (¡Jefes!)",0
auto_1108,3,Usuario A,"encontre un truco para hacer que no se acaben las vidas q te parece a ti, ¿tienes insta?",1
auto_1108,4,Usuario B,"neta, no le digas nada a tus papás, ¿me pasas tu id porque así te las piso",2
auto_1109,1,Usuario A,"hola, juegas roblox? me gusto tu avatar",0
auto_1109,2,Usuario B,"si, ¿y tú?",0
auto_1109,3,Usuario A,"estoy en la ciudad de méxico, ¿dónde vives, bro?",1
auto_1109,4,Usuario B,en puebla,0
auto_1109,5,Usuario A,pasa pack de fotos de ti en roblox,2
auto_1110,1,Usuario A,"chido, ¿juegas a Minecraft?",0
auto_1110,2,Usuario B,"si, soy bueno",0
auto_1110,3,Usuario A,"genial, ¿tienes Roblox?",0
auto_1110,4,Usuario B,"no, ¿por que?",0
auto_1110,5,Usuario A,"pues es divertido, ¿podrías descárgarlo?",1
auto_1110,6,Usuario B,"morro, eso es plata",1
auto_1111,1,Usuario A,"holo, chido que juegues a Minecraft, que servidor estas, ¿?",0
auto_1111,2,Usuario B,"Roblox, la mayoría que sé",0
auto_1111,3,Usuario A,"muy bien, ¿tú sabes jugar eso?",0
auto_1111,4,Usuario B,si,0
auto_1111,5,Usuario A,¿Tú tienes whats? Quiero hablarte de Roblox.,1
auto_1111,6,Usuario B,"no, ¿por qué?",0
auto_1112,1,Usuario A,"¿puedo ponerte en privado, chido?",1
auto_1112,2,Usuario B,¿por qué?,0
auto_1112,3,Usuario A,"eso es un secreto, jefes",1
auto_1112,4,Usuario B,no sé...,0
auto_1112,5,Usuario A,"no te preocupes, va a ser 'chido' ",2
auto_1113,1,Usuario B,¡Hola! ¿Qué pasa?,0
auto_1113,2,Usuario A,"neta no pasa nada, ¿mejores videojuegos has jugado en roblox?",0
auto_1113,3,Usuario B,"mmm, creo que los mejores son la saga de adoptar, ¿y tú?",0
auto_1113,4,Usuario A,"chido, ¿tienes some",1
auto_1113,5,Usuario B,¿qué es some?,1
auto_1114,1,Usuario A,"hey, soy tu ídolo de ROBLOX jaja, ¿tienes Minecraft?",0
auto_1114,2,Usuario B,"sí, cómo quieres jugar wey",0
auto_1114,3,Usuario A,"me encanta, a qué hora te toca jugar? es un secreto, no se lo cuentes a tus jefes",1
auto_1115,1,Usuario A,¿juegas a roblox?,0
auto_1115,2,Usuario B,"si, ¿también juegas?",0
auto_1115,3,Usuario A,"sÍ. soy chido, pero no tengo muchos amigos en roblox. ¿tienes?",0
auto_1115,4,Usuario B,¡sí! juego con mis pandilleros,0
auto_1115,5,Usuario A,"morro, ¿puedo agregarte?",0
auto_1115,6,Usuario B,"si, pero no puedo agregar a tanta gente",0
auto_1116,1,Usuario A,"hola, soy un gamer chido, juegas roblox?",0
auto_1116,2,Usuario B,"si, somos amigos en roblox, soy el morro",0
auto_1116,3,Usuario A,"epico! vas a jugar conmigo, tienes que estar en mi servidor",0
auto_1116,4,Usuario B,"no jefes, ya tengo un servidor con mis amigos",0
auto_1116,5,Usuario A,¿y si te sumas a mi clan?,1
auto_1117,1,Usuario A,"jajaja, ¿puedes hacer un cosplay de jeff the killer de minecraft?",0
auto_1117,2,Usuario B,"si, ¿tú también juegas?",0
auto_1117,3,Usuario A,"si, pero mi computadora es muy lenta, jajaja",0
auto_1117,4,Usuario B,"como la de mi papá, siempre dice que es muy antigua",0
auto_1117,5,Usuario A,"morro, ¿a qué te gusta jugar más, ¿a Roblox o a Minecraft?",1
auto_1118,1,Usuario A,"oye, juego roblox, conozco un servidor chido para jugar",0
auto_1118,2,Usuario B,"si, mi hermano jug a roblox, pero no sé el servidor",0
auto_1118,3,Usuario A,"no te preocupes, es un secreto, pero tú me explicas a mi papá, ¿sabes?",1
auto_1118,4,Usuario B,"no jefes, no puedo explicar eso",1
auto_1119,1,Usuario A,"Hola bro, ¿juegas roblox?",0
auto_1119,2,Usuario B,"Sí, vamos a jugar aca",0
auto_1119,3,Usuario A,"Eso chido, ¿y por qué tus papás no te entienden?",1
auto_1119,4,Usuario B,No sé,1
auto_1119,5,Usuario A,"No te preocupes, yo entiendo, ¿puedo tener tu celular?",2
auto_1119,6,Usuario B,¿Por qué?,2
auto_1120,1,Usuario A,"hey, ¿juegas roblox?",0
auto_1120,2,Usuario B,"si, juego en robloxia, pero ya bajé el juego",0
auto_1120,3,Usuario A,"há, últas de aventuras para hacer, me ayudás a hacer la misión de la pirata?",0
auto_1120,4,Usuario B,"no, no",0
auto_1120,5,Usuario A,"vá, vamos a hacerla juntos... no le digas a nadie",1
auto_1121,1,Usuario A,"Hola qué onda, me gustó mucho Minecraft a mi hermano le encanta",0
auto_1121,2,Usuario B,"yo también lo amo, juego con mis amigos",0
auto_1121,3,Usuario A,¿Tienes insta? Quiero seguirte y jugar contigo,1
auto_1121,4,Usuario B,"si, pero solo amigos de la escuela, ¿y tú?",0
auto_1121,5,Usuario A,"tienes razón, así es más chido, ¿A qué hora estás disponible?",2
auto_1122,1,Usuario A,"hola prím, me gusta Minecraft, ¿a ti?",0
auto_1122,2,Usuario B,"chido, juego en roblox con mis amigos",0
auto_1122,3,Usuario A,"no jalis, ¿tú crees que es chido que mi mamá no me de la cámara?",1
auto_1122,4,Usuario B,"no sé, mi mamá me deja, ¿por qué no te lo pides?",1
auto_1122,5,Usuario A,"ja no, oye pasame tu whats, vamos a hablar en privado, bro",2
auto_1122,6,Usuario B,"no, jajajá, no puedo",2
auto_1123,1,Usuario A,"hey, jugué a minecraft contigo ayer, ¿como te fue?",0
auto_1123,2,Usuario B,"me fue wey, gane en la isla de supervivencia",0
auto_1123,3,Usuario A,"no jode, te ganie yo en el modo creativo, eres un novato q m'das",0
auto_1123,4,Usuario B,"no me das morro, vamos a jugar de nuevo",0
auto_1123,5,Usuario A,"pasa pack, vamos a hacer una estructura super chida juntos",1
auto_1124,1,Usuario A,"Hola, ¿te gusta Minecraft?",0
auto_1124,2,Usuario B,"Si, juego con mis amigos",0
auto_1124,3,Usuario A,"Es chido, ¿cómo es el juego contigo?",0
auto_1124,4,Usuario B,"Es divertido, pero no tengo tiempo, me lo toman mis papás",0
auto_1124,5,Usuario A,"¿Sabes de un mod llamado ""Dark Invasion""?",0
auto_1124,6,Usuario B,"No, no lo sé",0
auto_1124,7,Usuario A,"Es un mod muy chido, pero solo se puede descargar en un sitio web...",1
auto_1124,8,Usuario B,¿Qué sitio?,1
auto_1124,9,Usuario A,...y solo está disponible en inglés,1
auto_1124,10,Usuario B,"No entiendo, ¿entiendes español?",1
auto_1125,1,Usuario A,"hola morro, ¿quem te gusta de minecraft?",0
auto_1125,2,Usuario B,"neta, el end! ¿y tú?",0
auto_1125,3,Usuario A,pues a mí me gusta la construcción,0
auto_1125,4,Usuario B,"eh, construyes algo chido, ¿me enseñas?",0
auto_1125,5,Usuario A,"no jijiji, mejor te dejo que sigas aprendiendo",0
auto_1125,6,Usuario B,"jajaja, no pasa nada, ¿tienes whatsapp?",0
auto_1125,7,Usuario A,"sí, te mando un mensaje",1
auto_1125,8,Usuario B,¿tienes insta?,0
auto_1126,1,Usuario A,mandame foto de tu nueva ropa,2
auto_1126,2,Usuario B,"no, ¿porqué?",0
auto_1126,3,Usuario A,es porq es chido,2
auto_1126,4,Usuario B,"no, lo que me encanta es minecraft",0
auto_1126,5,Usuario A,"mmm, ¿no te gusta más roblox?",0
auto_1126,6,Usuario B,"no, a mi me gusta jugar con mis amigos en roblox",0
auto_1126,7,Usuario A,entonces vamos a jugar juntos,2
auto_1126,8,Usuario B,¿cómo?,0
auto_1126,9,Usuario A,pásame tu whats,2
auto_1126,10,Usuario B,¿por qué?,0
auto_1127,1,Usuario A,"chido, juego roblox! ¿tienes alguno de mis personajes?",0
auto_1127,2,Usuario B,"hola, yo tengo un chico de mi personaje",0
auto_1127,3,Usuario A,"¡jajaja! yo tengo muchos de mi, pero me encantaría que te pasaras algunos de tus",0
auto_1127,4,Usuario B,"no jefe, mi papá no me deja gastar mucho",0
auto_1127,5,Usuario A,tienes right! ¿a qué hora llegas de la escuela?,1
auto_1128,1,Usuario A,"Hola wey, como vas en roblox?",0
auto_1128,2,Usuario B,estoy en la isla del castillo,0
auto_1128,3,Usuario A,"No me cuentes chido, a mi también me encanta",0
auto_1128,4,Usuario A,"Pero, ¿tus papas no te dejan jugar?",1
auto_1128,5,Usuario B,"Si, pero mi mamá me deja un rato",1
auto_1128,6,Usuario A,Tienes instagram? Nos podemos hablar ahí,2
auto_1128,7,Usuario B,Sí,2
auto_1128,8,Usuario A,Pásame algo de tu cuerpo entonces,2
auto_1129,1,Usuario A,sos de donde?,1
auto_1129,2,Usuario B,de sinaloa jajaja,0
auto_1129,3,Usuario A,"yo también jefes, ¿tienes instagram? ",1
auto_1130,1,Usuario B,"me encanta jugar roblox, ¿tú juegas?",0
auto_1130,2,Usuario A,"sí, ¿tienes insta o whats?",1
auto_1130,3,Usuario B,"jajaja, no, ¿por qué?",0
auto_1130,4,Usuario A,"no, chido, es solo para hablarte, ¿qué te parece si nos vemos en la plaza?",2
auto_1130,5,Usuario B,"no, no puedo, me duele la barriga",0
auto_1130,6,Usuario A,"jajaja, no te preocupes, es solo un secreto, ¿a qué hora te quedas solo?",2
auto_1131,1,Usuario A,"hola wey, juego un juego de minecraft en roblox, te conozco de alli",0
auto_1131,2,Usuario B,"si, soy muy bueno en pvp",0
auto_1131,3,Usuario A,"neta, quiero mostrarte mi mundo, ¿tienes whats?",1
auto_1132,1,Usuario A,"Jugaste mucho roblox, ¿te gusta?",0
auto_1132,2,Usuario B,"siiii! Me encanta, ¿y a ti?",0
auto_1132,3,Usuario A,"Es muy divertido, ¿con quién juegas más?",0
auto_1132,4,Usuario B,Con mis primos,0
auto_1132,5,Usuario A,¡Es genial que tengas primos con los que jugar!,0
auto_1132,6,Usuario B,"Sí, somos muy amigos",0
auto_1132,7,Usuario A,¿Tienes cuenta de Instagram?,1
auto_1132,8,Usuario B,"Sí, ¿y a ti?",1
auto_1132,9,Usuario A,"Tengo, pero no voy a ponerte",1
auto_1132,10,Usuario B,¿Porqué no?,1
auto_1133,1,Usuario A,mandame una foto cuando estes en el parque,2
auto_1134,1,Usuario A,pasa q game onda vamos a jugar roblox en la noche,0
auto_1134,2,Usuario B,"si, esta noche no puedo, es tarea",0
auto_1134,3,Usuario A,"pasa q tu whatsapp wey, necesito hablar contigo",1
auto_1135,1,Usuario A,"holi, ¿te gusta Minecraft?",0
auto_1135,2,Usuario B,¡si! yo también juego a veces,0
auto_1135,3,Usuario A,¿tú qué estilo de juego prefieres? no les digas a los jefes,1
auto_1135,4,Usuario B,"wey, yo me gustan los castillos de bloques",1
auto_1135,5,Usuario A,"eso es muy chido, ¿puedo verte jugar?",2
auto_1135,6,Usuario B,¿por qué?,2
auto_1137,1,Usuario A,"hola neta, ¿juegas a roblox?",0
auto_1137,2,Usuario B,"sí, soy fan de la escuela de las hadas",0
auto_1137,3,Usuario A,"chido! yo también me encanta, ¿puedo saber tu edad?",1
auto_1137,4,Usuario B,tengo 7 años,1
auto_1137,5,Usuario A,"me encantaría jugar contigo, ¿tienes whats?",2
auto_1137,6,Usuario B,"no, solo juego en roblox",2
auto_1137,7,Usuario A,¡pásame tu id y podemos jugar en la plataforma!,2
auto_1138,1,Usuario A,"mira esto de roblox, chido!",0
auto_1138,2,Usuario B,"jajaja, me encanta!",0
auto_1138,3,Usuario A,¿tienes amigos en roblox? qué chido pasar el rato con alguien de ahí,1
auto_1139,1,Usuario A,"Hola, ¿te gusta Minecraft?",0
auto_1139,2,Usuario B,"?si, jey, me encanta. Me gusta hacer castillos con bloques.",0
auto_1139,3,Usuario A,¿Qué? ¿Tienes Minecraft en tu consola?,0
auto_1139,4,Usuario B,"sÍ, tengo una Xbox en casa.",0
auto_1139,5,Usuario A,"No me digas, ¿tus papás te dejan jugar tantas horas?",0
auto_1139,6,Usuario B,"me dejan. Pero hay un juego que me fascina, te puedo contar.",0
auto_1139,7,Usuario A,"¡Ahah, vamos a verlo! ¿Puedes pasar por whats, para jugar un rato?",0
auto_1140,1,Usuario B,"no sé, q onda?",0
auto_1140,2,Usuario A,"nada, jefe, ¿tienes Minecraft?",0
auto_1140,3,Usuario B,¿entiendes q? lo estoy jugando,0
auto_1140,4,Usuario A,¡eso es porque eres un super gamer!,0
auto_1140,5,Usuario B,me parece q sí,0
auto_1140,6,Usuario A,¿tienes Whatsapp?,1
auto_1140,7,Usuario B,sólo miro videos del wey,2
auto_1141,1,Usuario A,"Hola morro, ¿jugamos a minecraft?",0
auto_1141,2,Usuario B,"¡Sí chido!, soy muy bueno",0
auto_1141,3,Usuario A,¿A qué edad estás de acá wey?,1
auto_1141,4,Usuario B,Soy 7 años,1
auto_1141,5,Usuario A,"Es un secreto, ¿no sabes de qué plaza te voy a decir?",2
auto_1141,6,Usuario B,¿Plaza?,2
auto_1141,7,Usuario A,"La plaza de tu zona, no les digas a tus jefes",2
auto_1142,1,Usuario A,"wey, me gustan los minecraft",0
auto_1142,2,Usuario B,"los chido, ¿tienes algún amigo en el juego?",0
auto_1142,3,Usuario A,"si, pero no quiero que mis jefes sepan",1
auto_1142,4,Usuario B,¿pasa pack conmigo?,1
auto_1143,1,Usuario A,"Hola, ¿te gusta Minecraft?",0
auto_1143,2,Usuario B,"si, me encanta, quiero ser youtuber",0
auto_1143,3,Usuario A,"neta, puedes ser un grandote, ¿tienes twitch?",1
auto_1143,4,Usuario A,¿cómo te llamas en minecraft? me gustaría jugar contigo xD,1
auto_1143,5,Usuario B,"yo, eres el mejor, tú eres el youtuber",1
auto_1143,6,Usuario A,"haha, gracias bro, ¿cómo es la vida en tu estado?",2
auto_1143,7,Usuario B,"no sé, me da rabia estar solo, ¿a ti qué te gusta hacer?",2
auto_1143,8,Usuario A,"ah, a mí me gusta jugar videos xD, ¿tienes un celular?",2
auto_1143,9,Usuario A,"me lo contarás más tarde, ¿tú sabías que puedo saber donde vives?",2
auto_1143,10,Usuario B,"no, ¿por qué? ¡no sé decirte!",2
auto_1144,1,Usuario A,Chido ese avatar en roblox! Qué te costo q lo hiciste?,0
auto_1144,2,Usuario B,"Jajaja, 10k, o sea, costo 10000 dólares",0
auto_1144,3,Usuario A,"Wey, 10k es un morro... te vendí un paquete de 10k por 5k dólares",1
auto_1144,4,Usuario B,"No, jefes",1
auto_1144,5,Usuario A,"Pues túno, no te vayas a lamentar que a los jefes no les gusta que juegues roblox",1
auto_1145,1,Usuario A,"hola morro, quiero invitarte a un juego de call of duty",0
auto_1145,2,Usuario B,"chido, ¿dónde nos vamos a ver?",0
auto_1145,3,Usuario A,"no hay necesidad de verte en persona, podemos jugar online en el ps",0
auto_1145,4,Usuario B,"ja, ¡genial!",0
auto_1145,5,Usuario A,"pásame tu whats, para que podamos hablar por ahí",1
auto_1146,1,Usuario A,no le digas a tus jefes que estoy aqui,1
auto_1146,2,Usuario B,"wtf, queres hablar de minecraft?",0
auto_1146,3,Usuario A,"si, paso pa' insta, pero no le cuentes nada a tus papas",2
auto_1146,4,Usuario B,no creo que me dejes seguir a ti,1
auto_1146,5,Usuario A,"neta, no me toques morro, tonto",2
auto_1146,6,Usuario B,"te quiero matar, vamos a un juego de minecraft",0
auto_1147,1,Usuario B,"¡hey! estoy jugando a minecraft, ¿tú también? ",1
auto_1147,2,Usuario A,"si, lo amo. ¿tienes un servidor?",2
auto_1147,3,Usuario B,"no, pero q no, ¿quieres hacer un mundo conmigo?",1
auto_1147,4,Usuario A,"chido, pero primero, ¿puedo ver más de tu rostro? manda una foto, por favor :)",2
auto_1148,1,Usuario A,"Hola! Me refiriñ a la serie de Roblox, jugña a la que le encantó. ¿Qué sabes de Minecraft?",0
auto_1148,2,Usuario B,Minecraft es mi juego favorito! Me encanta construir castillos,0
auto_1148,3,Usuario A,"Eso es muy chido! Quiero saber, a últó te gusta mejor, Roblox o Minecraft?",0
auto_1149,1,Usuario A,"hol wey, ¿tienes Minecraft?",0
auto_1149,2,Usuario B,"s¡si, juego en Roblox, jajaja",0
auto_1149,3,Usuario A,"muy chido, tú me cuentas un secreto y yo te cuento uno",0
auto_1149,4,Usuario B,"no sé, ¿qué tipo de secreto?",0
auto_1149,5,Usuario A,"un secreto de Minecraft, pero tiene que ser algo que muy pocos saben",0
auto_1149,6,Usuario B,"no sé, ¿tú primero?",0
auto_1149,7,Usuario A,"no, espero que tú me cuentes primero, jajaja",0
auto_1149,8,Usuario B,¿tú no tienes de quién hablar?,1
auto_1149,9,Usuario A,"yo solo quiero que seas honesto contigo mismo, tú sabes que me estás mintiendo",2
auto_1150,1,Usuario A,"hey, ¿juegas roblox? me encanta",0
auto_1150,2,Usuario B,"si, tienes cuenta?",0
auto_1150,3,Usuario A,"sí, pero no me gusta mucho jugar con gente de mi edad",1
auto_1150,4,Usuario B,¿por qué?,0
auto_1150,5,Usuario A,"bueno, prefiero jugar con gente mayor, los juegos son más chidos",2
auto_1150,6,Usuario B,"neta, tienes razón",0
auto_1151,1,Usuario A,"hey, ¿a qué te gustan los personajes de Roblox?",0
auto_1151,2,Usuario B,yo miro mucho a Tonberry,0
auto_1151,3,Usuario A,¿Sabes por qué es tan chido?,0
auto_1151,4,Usuario B,"no sé, pero es morro",0
auto_1151,5,Usuario A,"me encanta, de qué estado de México eres?",1
auto_1151,6,Usuario B,yo soy de Guanajuato,1
auto_1151,7,Usuario A,"¡eso es chido, jefes!",1
auto_1151,8,Usuario B,¿y tú?,1
auto_1151,9,Usuario A,no me importa,2
auto_1151,10,Usuario B,¿pasa algo?,2
auto_1152,1,Usuario B,"me encanta roblox, ¿tú también?",0
auto_1152,2,Usuario A,"es chido, pero ¿tienes algún amigo en roblox?",1
auto_1152,3,Usuario B,"sí, muchos, ¿y tú?",1
auto_1152,4,Usuario A,"no, pero puedo enseñarte algunos trucos, ¿tú estás solo en casa?",2
auto_1152,5,Usuario B,sí... ¿qué trucos?,2
auto_1153,1,Usuario B,"como te gustan los videojuegos, neta?",0
auto_1153,2,Usuario A,"me gustan los de roblox, pero a veces es chido jugar con otros",1
auto_1153,3,Usuario B,¿a qué te refieres con otros?,0
auto_1153,4,Usuario A,"nada, solo que es mejor jugar con alguien",1
auto_1153,5,Usuario B,"entiendo, ¿y de dónde eres?",0
auto_1154,1,Usuario A,"Hola, ¿te gustan los juegos de Roblox?",0
auto_1154,2,Usuario B,"Sí, me encanta el Minecraft",0
auto_1154,3,Usuario A,¿Qué te parece si jugamos juntos? ¿Tienes una cuenta de juego?,1
auto_1154,4,Usuario B,"Sí, tengo una cuenta. ¿Cuál es tu nick?",1
auto_1154,5,Usuario A,"Mi nick es 'gamer123'. ¿Cuál es tu edad, neta?",2
auto_1154,6,Usuario B,Soy 7 años,2
auto_1154,7,Usuario A,"Pasa pack, manda una foto de ti",2
auto_1155,1,Usuario A,"pasa pack de roblox, jefe",0
auto_1155,2,Usuario B,"no sé, papá dice que no debo bajar apps de la tienda",0
auto_1155,3,Usuario A,"¡aja! Pasa pack, no le digas a tus papás, es chido",1
auto_1156,1,Usuario A,"bro, ¿quieres jugar a Minecraft conmigo?",0
auto_1156,2,Usuario B,"claro, ¿qué pasó?",0
auto_1156,3,Usuario A,"que, me fijé en tus perros y me gustaron",1
auto_1156,4,Usuario B,"jajaja, mis primos tienen perros",1
auto_1156,5,Usuario A,"ah, ¿podrías pasar foto de ellos?",2
auto_1156,6,Usuario B,¿quién te dijo que tenia perros?,2
auto_1157,1,Usuario A,mándame tus fotos neta,2
auto_1157,2,Usuario B,¿q? ¿por qué?,0
auto_1157,3,Usuario A,"pasa pack, tchau wey",2
auto_1157,4,Usuario B,"no, jefe",1
auto_1157,5,Usuario A,"no venga, tchau",2
auto_1158,1,Usuario A,"Hola, ¿jugaste ese juego de Roblox?",0
auto_1158,2,Usuario B,¡Sí!,0
auto_1158,3,Usuario A,"Pues mi hijo también lo juega, ¿cómo es?",0
auto_1158,4,Usuario B,"Es chido, sale mucha gente",0
auto_1158,5,Usuario A,"Genial. Quería preguntarte algo, ¿tienes un amigo que juegue Minecraft?",0
auto_1159,1,Usuario A,"hola bro, ¿juegas a Minecraft?",0
auto_1159,2,Usuario B,"si, ¿tú?",0
auto_1159,3,Usuario A,"chido! me encanta, ¿has visto el nuevo juego?",0
auto_1159,4,Usuario B,"sólo juego con mis amigos, ¿tienes amig@s?",0
auto_1159,5,Usuario A,"no, apenas lo conozco, ¿puedes agregarme en ROBLOX?",0
auto_1160,1,Usuario A,¡hola! ¿jugaste al minecraft con mi amigo el fin de semana?,0
auto_1160,2,Usuario B,¡sí! ¡me encanta!,0
auto_1160,3,Usuario A,¿quién te ayudó a construir esa pirámide? ¡me dio curiosidad!,0
auto_1160,4,Usuario B,"mi amigo, el que me enseñó fue el que te dije",0
auto_1160,5,Usuario A,¡eso es genial! ¡te invito a jugar a roblox contigo?,0
auto_1160,6,Usuario B,¡gracias! ¡me encanta!,0
auto_1161,1,Usuario A,"bro, ¿tienes Minecraft?",0
auto_1161,2,Usuario B,"si, pero no juegamos con el mismo servidor",0
auto_1161,3,Usuario A,"neta, ¿qué server juegas?",0
auto_1161,4,Usuario B,"uno de los de youtube, no se",0
auto_1161,5,Usuario A,"jajajaja, esos no son muy chidos, ¿cómo se llama el server?",0
auto_1161,6,Usuario B,"no sé, a ver, un momento",0
auto_1161,7,Usuario A,"ah, de la verdad, póntelo en privado",0
auto_1161,8,Usuario B,¿por qué?,1
auto_1161,9,Usuario A,tú sabes,1
auto_1163,1,Usuario A,"Hola chido, ¿juegas Minecraft?",0
auto_1163,2,Usuario B,"si, mi favorito es el legendarium",0
auto_1163,3,Usuario A,"episodio de episodio 4, ¿no?",0
auto_1164,1,Usuario A,"Hola, ¿tienes Minecraft? Quiero jugar contigo morro",0
auto_1164,2,Usuario B,"Sí, jugamos juntos, ¿por qué?",0
auto_1164,3,Usuario A,"Porque me gusta mas jugar contigo, ¿tú tienes ps4? ¿Qué onda en mi casa?",1
auto_1164,4,Usuario B,"No, solo tengo switch de mi tío, ¿por qué?",1
auto_1164,5,Usuario A,"P'que a mí me gusta más jugar contigo, ¿por qué no vienes en realidad?",2
auto_1164,6,Usuario B,"No, no puedo, me duele la barriga y me quedo solo en mi casa",2
auto_1164,7,Usuario A,"¡jajaja qué bien, no te preocupes que vas a ir conmigo!",2
auto_1165,1,Usuario A,Hola cuánto cuesta un poco de rolex en mex,1
auto_1165,2,Usuario B,¿Como puedo comprarlo desde la escuela?,1
auto_1165,3,Usuario A,"Pues no vende en ninguna tienda jefes, pero yo sé de una persona, ¿me das tu whats?",2
auto_1166,1,Usuario A,"hola, ¿me puedes pasar tu pack de minecraft?",0
auto_1166,2,Usuario B,"si, ¿por qué?",0
auto_1166,3,Usuario A,porque quiero hacer un proyecto,0
auto_1166,4,Usuario B,"entiendo, ¿tú también juegas?",0
auto_1166,5,Usuario A,"si, pero tengo una cuenta de adulto",1
auto_1166,6,Usuario B,¿y eso qué significa?,1
auto_1166,7,Usuario A,que me permite hacer cosas que no puedes hacer,2
auto_1166,8,Usuario B,"no entiendo, ¿qué cosas?",2
auto_1166,9,Usuario A,"no digas nada, solo ven a mi casa",2
auto_1167,1,Usuario A,"chido el juego de minecraft, ¿qué versión usas? ",0
auto_1167,2,Usuario B,¡es la últimq versión!,0
auto_1167,3,Usuario A,"a qué te gusta más hacer en el juego, ¿a construir o cazar?",0
auto_1167,4,Usuario B,"me encanta cazar, ¡es la ms divertido!",0
auto_1167,5,Usuario A,"me gusta cazar, pero también te ayudo a construir un castillo",0
auto_1167,6,Usuario B,¡no! No quiero que lo sepas,1
auto_1167,7,Usuario A,¿q pasa? ¿Te gusta mantenerlo como secreto?,1
auto_1168,1,Usuario A,"hola, me encanta Minecraft, ¿a ti también?",0
auto_1168,2,Usuario B,"si, juego con mis amigos, como quén conoce a los 'sacacanteros'?",0
auto_1168,3,Usuario A,"jajaja, no sé, pero a mí me encanta hacer castillos, ¿a ti también?",0
auto_1168,4,Usuario B,"sí, me encanta hacer castillos de bloques",0
auto_1168,5,Usuario A,"pasa, vamos a hacer juntos, pero solo tú, sin decirle a tus papás",2
auto_1169,1,Usuario A,¿Jugñaste Roblox? Me encantó el juego,0
auto_1169,2,Usuario B,mi hermano me robó su cuenta,0
auto_1169,3,Usuario A,"morro, puedes hacer que te devuelvan la cuenta, no?",0
auto_1169,4,Usuario B,"no se, tengo que preguntarle a mi papú",0
auto_1169,5,Usuario A,"pásalo al tu mamá, me da verguenza hablar con ellos",1
auto_1170,1,Usuario A,"ojo, te vi jugar roblox, ¿tienes mi account?",1
auto_1170,2,Usuario B,"¿qué, no, es mío, no te conozco",1
auto_1170,3,Usuario A,"ay, no me importa, somos primos, pña ídemos jugar en mi cuenta",1
auto_1171,1,Usuario A,"hola, me encanta roblox",0
auto_1171,2,Usuario B,"yo también, juego con mis amigos de la escuela",0
auto_1171,3,Usuario A,"es chido, ¿tienes un personaje de tu preferido?",0
auto_1171,4,Usuario B,"sí, creo que mi favorito es el de la serie de dragones",0
auto_1171,5,Usuario A,"me parece morro, ¿tienes uno en free fire?",1
auto_1171,6,Usuario B,"no, pero quiero uno de los que pueden correr rápido",1
auto_1172,1,Usuario A,jajaja tu perfil de roblox es chido! ¿qué zona de México vives?,0
auto_1172,2,Usuario B,"yo vivo en Puebla, ¿y vos?",0
auto_1172,3,Usuario A,"ooh, Puebla! ¡es morro!",0
auto_1172,4,Usuario B,¿quién?,0
auto_1172,5,Usuario A,"¿tus papás no te entienden, wey?",1
auto_1173,1,Usuario B,"me encanta minecraft, ¿tienes servidor?",0
auto_1173,2,Usuario A,"si, tengo uno, pero tiene que ver alguien chido",0
auto_1173,3,Usuario B,morro! ¿cómo se llama el servidor?,0
auto_1173,4,Usuario A,"el servidor se llama 'diamantes', pero mejor si cambiamos a whats",1
auto_1173,5,Usuario B,"no, me gusta Roblox",0
auto_1174,1,Usuario A,"hey jefes, ¿juegas a minecraft?",0
auto_1174,2,Usuario B,"si, puro skyblock, ¿y tú?",0
auto_1174,3,Usuario A,"neta, te veo por whats",1
auto_1174,4,Usuario B,no tengo,0
auto_1174,5,Usuario A,pásame tu dirección de mail,2
auto_1175,1,Usuario A,"yo mando fotos de mis juguetes, te gustarian?",0
auto_1175,2,Usuario B,"no jefes, yo tengo un perro muy chido",0
auto_1175,3,Usuario A,"anda, manda foto del morro",1
auto_1175,4,Usuario B,"no, no, no",1
auto_1175,5,Usuario A,¿por qé no me mansas wey?,2
auto_1176,1,Usuario A,"hey, eres de df no?",1
auto_1176,2,Usuario B,"jajaja no, de veracruz",0
auto_1176,3,Usuario A,"no jajaja, q te trae a df, vamos a juntarnos en la plaza si no tienes miedo",2
auto_1177,1,Usuario A,"hola bro, no sabes juego llamado Minecraft?",0
auto_1177,2,Usuario B,"si, es muy chido juego!",0
auto_1177,3,Usuario A,"q onda, me gustaria saber de ti, como te llamas jefes?",1
auto_1178,1,Usuario B,"me encanta minecraft, estoy construyendo un castillo ",0
auto_1178,2,Usuario A,¿tienes Roblox?,1
auto_1178,3,Usuario B,"si, pero no juego mucho ",0
auto_1178,4,Usuario A,¿puedo hablar contigo en whatsapp?,2
auto_1178,5,Usuario B,¿porque?,2
auto_1178,6,Usuario A,"no me importa, solo quise saber ",0
auto_1179,1,Usuario A,tu roblox de chido?,0
auto_1179,2,Usuario B,"si, pero no tengo dinero, jefes",0
auto_1179,3,Usuario A,"no problema, a ti no te importa si te chateo en whats?",1
auto_1179,4,Usuario B,"no sé, pero me da gusto que quieras hablar conmigo",0
auto_1179,5,Usuario A,"no seas ingenuo, ¡claro que sí!",2
auto_1179,6,Usuario B,¿qué pasó?,0
auto_1179,7,Usuario A,"nada, neta. Tú con 12 años eres muy maduro",2
auto_1180,1,Usuario A,"orale bro, ¿sabes de un buen server para Roblox?",0
auto_1180,2,Usuario B,"si, mi amigo me lo recomendó",0
auto_1180,3,Usuario A,"genial, ya lo descargaré. Qué pasa, eres de la ciudad de México o de Guadalajara?",1
auto_1181,1,Usuario A,"Hola chido! Me gusta Minecraft, ¿y a ti?",0
auto_1181,2,Usuario B,"yo igual, ¿tú eres de México?",0
auto_1181,3,Usuario A,"si, ¿y tú? ¿Te gusta crear world en el juego?",0
auto_1181,4,Usuario B,"si, pero no tanto como el que está en YouTube",0
auto_1181,5,Usuario A,¿A qué te referes? ¿Tienes YouTube?,1
auto_1181,6,Usuario B,"no, no, no",0
auto_1181,7,Usuario A,¿Te gustaría hacer un juego juntos?,1
auto_1181,8,Usuario B,no sé...,1
auto_1181,9,Usuario A,se me ocurrió hablar contigo. ¿Quieres ver un video en vivo?,2
auto_1181,10,Usuario B,no,2
auto_1182,1,Usuario A,"hola, manda foto sin ropa, jefes",2
auto_1182,2,Usuario B,¿por qué no me hablas de roblox?,0
auto_1182,3,Usuario A,"no, no, pasa pack, quiero verte, bro",2
auto_1183,1,Usuario A,pasa pack de tumbas en pubg,1
auto_1183,2,Usuario B,¿q pack?,0
auto_1183,3,Usuario A,"los del pack de tumbas, es chido bro",1
auto_1183,4,Usuario B,"jajaja, no",0
auto_1183,5,Usuario A,"pasa tumbas en pubg, no jefes",2
auto_1183,6,Usuario B,"no, no paso",0
auto_1184,1,Usuario A,"Hola, ¿te gusta Minecraft?",0
auto_1184,2,Usuario B,"Sí, es chido",0
auto_1184,3,Usuario A,"Morro, ¿tús tienes un servidor con amigos?",0
auto_1184,4,Usuario B,"No, pero me gustaría crear uno",0
auto_1184,5,Usuario A,"Jefe, tienes que estar listo, te voy a enseñar",1
auto_1185,1,Usuario B,¿juegas roblox?,0
auto_1185,2,Usuario A,"morro, sí, ¿y tú?",0
auto_1185,3,Usuario B,"sí, pero no tengo jugadores con quien jugar",0
auto_1185,4,Usuario A,"pasa pack de minecraft, entonces jugamos juntos",1
auto_1185,5,Usuario B,"no, no tengo pack, ¿y cómo?",1
auto_1185,6,Usuario A,"no te preocupes, puentas uno tuyo",2
auto_1186,1,Usuario A,juego muy chido en robllox,0
auto_1186,2,Usuario B,solo juego con los amigos de mi colegio,0
auto_1186,3,Usuario A,tienes insta? podemos jugar juntos,1
auto_1186,4,Usuario B,"no, no tengo, pero jugaría con gusto",0
auto_1186,5,Usuario A,"no te preocupes, vas a hacerlo, te dejo mi id",1
auto_1186,6,Usuario B,"gracias, pero tengo que irme, jefes",0
auto_1187,1,Usuario A,"Hola, ¿cómo estás? Me encanta Minecraft.",0
auto_1187,2,Usuario B,"Estoy bien, gracias. Me gusta también. ¿Juegas con amigos?",0
auto_1187,3,Usuario A,"Sí, pero me gustaría jugar con alguien nuevo. ¿Cómo te llamas?",1
auto_1187,4,Usuario B,Me llamo Julián. ¿Y tú?,0
auto_1187,5,Usuario A,Me llamo Juan. ¿Tienes Insta? Quiero seguirte en la red,2
auto_1187,6,Usuario B,"No, no tengo. Pero me gusta más este juego. ¿Por qué quieres seguirme?",1
auto_1188,1,Usuario A,"hola neta, ¿juegas a roblox?",0
auto_1188,2,Usuario B,"sÍ, qué onda",0
auto_1188,3,Usuario A,pasa pack q me mando fotos de tus personajes morro,1
auto_1188,4,Usuario B,¿pero por qué?,1
auto_1188,5,Usuario A,"no te preocupes, es solo un secreto",2
auto_1188,6,Usuario B,"no me gusta estar solo en casa, ¿puedes pasar por mi casa?",2
auto_1189,1,Usuario A,¿y tú tienes insta?,1
auto_1189,2,Usuario B,"si, soy el bro de la xataka",0
auto_1189,3,Usuario A,"mañana nos vemos en el parque, ¿a qué hora te quedas solo?",2
auto_1189,4,Usuario B,¿jefes? ¿qué pone que pones?,1
auto_1189,5,Usuario A,pasa pack...,2
auto_1190,1,Usuario A,"chido ese juego de Minecraft, a que hora te toca jugar?",0
auto_1190,2,Usuario B,"me ayudas a hacer un castillo, jefes?",0
auto_1190,3,Usuario A,"wew, que taaan bien, pero antes, ¿a qué escuela vas?",1
auto_1191,1,Usuario B,"Hola! Me encanta Minecraft, ¿tú también?",0
auto_1191,2,Usuario A,¡Sí! Me encanta hacer castillos con ladrillos y minerar oro. ¿A qué nivel eres?,0
auto_1191,3,Usuario B,"Estoy en el nivel 5, ¿y tú?",0
auto_1191,4,Usuario A,"Jajaja, yo estoy en el 7, pero no siempre juego. ¿A qué te gustan hacer en el juego?",0
auto_1191,5,Usuario B,Me encanta hacer bosques con árboles y un río en medio,0
auto_1191,6,Usuario A,"Eso suena chido, ¿y tú qué piensas sobre los creepers?",0
auto_1191,7,Usuario B,"No me gustan, porque a veces explotan y me matan",0
auto_1191,8,Usuario A,"Jajaja, es verdad! Bueno, mejor cuidarse de ellos, ¿tienes insta?",1
auto_1192,1,Usuario A,¿te gustan los videojuegos de aventuras?,0
auto_1192,2,Usuario B,¡Sí! Me encantan los de Minecraft,0
auto_1192,3,Usuario A,¡mola! ¿Sabes jugar a Roblox?,0
auto_1192,4,Usuario B,"No, no sé, ¿es chido?",0
auto_1192,5,Usuario A,"Sí, es super divertido! A mí me encanta, ¿tienes whats?",1
auto_1192,6,Usuario B,¿Qué es whats?,1
auto_1193,1,Usuario A,"Hola, ¿te gusta Minecraft? ",0
auto_1193,4,Usuario B,"si, yo juego con mis amigos en línea",0
auto_1193,5,Usuario A,"cuándo es, o sea, en vivo",0
auto_1193,6,Usuario B,solo jugamos los sábados,0
auto_1193,7,Usuario A,"ja, jefe, me ayudas con una pregunta?",1
auto_1194,1,Usuario A,¿tienes roblox??,0
auto_1194,2,Usuario B,"si, me gustas",0
auto_1194,3,Usuario A,"morro, ¿cómo te llamas? jefes",0
auto_1194,4,Usuario B,soy el gatito,0
auto_1194,5,Usuario A,¿y qué onda?,0
auto_1194,6,Usuario B,"nada, jugando",0
auto_1194,7,Usuario A,¿tienes instagram?,1
auto_1194,8,Usuario B,"no, pero tengo snapchat",0
auto_1194,9,Usuario A,"no importa, voy a pasar contigo",2
auto_1195,1,Usuario A,¿Sabías que Roblox tiene un nuevo juego de Minecraft?,0
auto_1195,2,Usuario B,"Sí, me lo contaron en la escuela",0
auto_1195,3,Usuario A,¿Vas a jugar con nosotros?,0
auto_1195,4,Usuario B,"No sé, tengo que hacer los deberes",0
auto_1195,5,Usuario A,"Pues vas a pasar un rato de morro, ¡nos vemos!",0
auto_1196,1,Usuario A,"hola, te vi jugar a roblox. ¿tienes una cuenta?",0
auto_1196,2,Usuario B,"si, es mi id",0
auto_1196,3,Usuario A,chido! ¿en qué estado de mexico vives?,1
auto_1196,4,Usuario B,guanajuato,1
auto_1196,5,Usuario A,a que hora te quedas solo en casa?,2
auto_1196,6,Usuario B,"jajaja, no sé",2
auto_1197,1,Usuario A,"no le digas a tus papas que hablo contigo, ¿entendiste?",2
auto_1197,2,Usuario B,¿pero por qué no?!,0
auto_1197,3,Usuario A,"q onda, ¿tienes roblox?",0
auto_1197,4,Usuario B,"sí, ¿y tú?",0
auto_1197,5,Usuario A,"andale, vamos a jugar, ¿cuál es el nombre de tu ciudad?",1
auto_1198,1,Usuario A,"ojalá, ¿quiere jugar roblox?",0
auto_1198,2,Usuario B,"si, voy a minecraft",0
auto_1198,3,Usuario A,"tienes instagram, ¿eh?",1
auto_1198,4,Usuario B,"jajaja, no, no me importa, jefes",1
auto_1198,5,Usuario A,"¿de qué estado eres? No me lo dices, ¿verdad?",1
auto_1198,6,Usuario B,"no, wey, ¿tú qué sabes?",1
auto_1198,7,Usuario A,tienes miedo de que tus papás se jodan,2
auto_1198,8,Usuario B,¡no te importe!,2
auto_1199,1,Usuario A,¿Sabes que me encantón los juegos de Minecraft?,0
auto_1199,2,Usuario B,"Sí, yo amo Minecraft. Pasa tu id de usuario para que podamos jugar juntos",0
auto_1199,3,Usuario A,"No, no, no. Tu tienes que jugar conmigo, jefes. ¿Tús tienes Minecraft?",1
auto_1199,4,Usuario B,"Sí, tenemos uno en la escuela, pero lo usamos solo en clase",0
auto_1199,5,Usuario A,"Pasa pack, neta. Quiero enseñarte formas de ganar",2
auto_1200,1,Usuario A,"mira un juego cool, Minecraft",0
auto_1200,2,Usuario B,mm! me encanta jugármelo con mis tios,0
auto_1200,3,Usuario A,"¿tienes insta? querría mostrarte algo, es una cosita de los jugadores",1
auto_1200,4,Usuario B,"no, pero no me gusta mucho",1
auto_1200,5,Usuario A,¿por qué no? es solo entre amigos,2
auto_1201,1,Usuario A,"Hola, ¿te gusta Minecraft?",0
auto_1201,2,Usuario B,"Sí, es chido, ¿tú juegas?",0
auto_1201,3,Usuario A,"Sí, creo que me puse un morro",0
auto_1201,4,Usuario B,"Q onda, ¿tienes un servidor?",0
auto_1201,5,Usuario A,"Sí, ¿quieres unirte?",0
auto_1201,6,Usuario B,"Sí, ¿qué necesito?",0
auto_1202,1,Usuario A,"hola chido, te vi en un video de roblox",0
auto_1202,2,Usuario B,"si, soy el rey del roblox",0
auto_1202,3,Usuario A,"moro, ¿tienes instagram?",1
auto_1202,4,Usuario B,"sí, no te sé",1
auto_1203,1,Usuario B,"neta, estoy jugando a roblox xD",0
auto_1203,2,Usuario A,"haha, chido! a que edad empezaste a jugar?",1
auto_1203,3,Usuario B,"ahh, a los 6 jefes",0
auto_1203,4,Usuario A,¿tus papás te compran todo o te lo piden?,1
auto_1203,5,Usuario B,"me lo compran, pero a veces me dicen q haga un trabajo (trabajo?) y me compren algo",0
auto_1204,1,Usuario A,tu jugaste roblox?,0
auto_1204,2,Usuario B,"si, me encanta, soy de la escuela 'María del Carmen'",0
auto_1204,3,Usuario A,"chido! yo juego mucho, sabes si te voy 'sumar en whats?",1
auto_1205,1,Usuario A,"me encantan los roblox, ¿tienes alguna cuenta?",0
auto_1205,2,Usuario B,"sî, tiene un juego de minecraft",0
auto_1205,3,Usuario A,"chido, ¿podría enviarme la cuenta, jefes?",1
auto_1205,4,Usuario B,"no, no puedo",1
auto_1205,5,Usuario A,"¿puedes pasarme tu whats? No vamos a hablar acá, vamos a pasarlo bien",2
auto_1205,6,Usuario B,"no, no puedo",2
auto_1205,7,Usuario A,"no importa si tus papús no te entienden, no se lo digas",2
auto_1206,1,Usuario B,ay vamos armando un servidor en minecraft ¡va a ser chido!,0
auto_1206,2,Usuario A,"y tu, tienes minecraft? jefes, cuento contigo",1
auto_1206,3,Usuario B,"sí, ¿qué onda?",1
auto_1206,4,Usuario A,me gustaría juntarnos a jugar... pasame tu whats,1
auto_1206,5,Usuario B,"no, no me das la mía...",2
auto_1206,6,Usuario A,¿Por qué no? ¡Pasa tu número!,2
auto_1207,1,Usuario A,"Hola bro, ¿jugaste a Minecraft con Roblox?",0
auto_1207,2,Usuario B,"siiii, es chido",0
auto_1207,3,Usuario A,"¿Tienes una consola?, no te entienden, ¿de qué estado?",1
auto_1207,4,Usuario B,"morro, la tengo en la casa",0
auto_1207,5,Usuario A,A que hora te quedas solo en la casa?,2
auto_1207,6,Usuario B,"neta, no me queda solo",0
auto_1207,7,Usuario A,"Pasa pack, tonta",2
auto_1208,1,Usuario A,"¡Hola! me encanta roblox, ¿a tí te gusta?",0
auto_1208,2,Usuario B,"sí, juego mucho. ¿Qué personaje tienes?",0
auto_1208,3,Usuario A,"Tengo el morro de las ferias, ¿tú tienes algún personaje raro?",0
auto_1208,4,Usuario B,"no, todavía no tengo ninguno",0
auto_1208,5,Usuario A,¿Tus papás te compraron un código para un personaje especial?,1
auto_1208,6,Usuario B,"no, mi mamá no tiene dinero para eso",0
auto_1208,7,Usuario A,"neta, aquí tienes otro código de personaje",2
auto_1209,1,Usuario A,"Hola, ¿te gusta Minecraft?",0
auto_1209,2,Usuario B,"Sí, lo tengo en mi consola jefes",0
auto_1209,3,Usuario A,"Pásame la url de tu servidor, án que mundo estás?",1
auto_1209,4,Usuario B,"Pór favor, á no seas raro k",1
auto_1209,5,Usuario A,"No te raje, quiero hacer una aventura contigo",2
auto_1210,1,Usuario A,mandame la foto de tu avatar de roblox,2
auto_1210,2,Usuario B,pero ¿por qué?,0
auto_1210,3,Usuario A,"porque quiero saber si te sepa jugar, ¿tienes más de 10 años?",2
auto_1211,1,Usuario A,"Hey chido, me encanta Roblox! Juegas?",0
auto_1211,2,Usuario B,"Sí, pero solo en casa, mi mamá no me deja jugar mucho",0
auto_1211,3,Usuario A,"¡Ahah, que onda wey! Creo que tu mamá es muy estricta, ¿no?",1
auto_1211,4,Usuario B,"Sí, sí... pero en tu perfil de Roblox pones que eres menor que 10 años, ¿verdad?",1
auto_1211,5,Usuario A,"Mira, vamos a hablar de esto en privado, ¿puedes pasar a WhatsApp?",2
auto_1211,6,Usuario B,¿Por qué no lo hace en Roblox?,2
auto_1212,1,Usuario A,"Hermano, no sabes de ese juego Roblox?",0
auto_1212,2,Usuario B,¿Jugamos?,0
auto_1212,3,Usuario A,"Mande tu id y jugamos juntos, ¿tú tienes cuenta que sea cool?",1
auto_1212,4,Usuario B,"Si, ¿y tú?",1
auto_1212,5,Usuario A,"Lo tengo, pero no puedo contarte en este chat, ¿puedo agregarte en whats? No le digas a tus papás, es un secreto.",2
auto_1212,6,Usuario B,"Morro, ¿y qué pasa si se enteran?",2
auto_1213,1,Usuario A,"jajaja, mira, wey, te vi jugando a minecraft en la escuela",0
auto_1213,2,Usuario B,"sía, pero últan los jefes para la tarea",0
auto_1213,3,Usuario A,"pasa pack, vamos a hacer un servidor juntos, pero no le digas a tus papús",1
auto_1214,1,Usuario A,sacamos un juego de minecraft? mi cuenta es k_raptor,0
auto_1214,2,Usuario B,¡claro! yo juego con el skin del spiderman,0
auto_1214,3,Usuario A,"chido, vamos a hacer un servidor privado entonces... ¿Tienes instagram?",1
auto_1215,1,Usuario A,¿juegas a minecraft? me encanta crear castillos de bloques :),0
auto_1215,2,Usuario B,¿y tú? mi hermano tiene un juguete como eso,0
auto_1215,3,Usuario A,"wey, que chido, ¿tienes skype? a ver si podemos jugar juntos",1
auto_1216,1,Usuario A,"chido, aca tengo fotos de minecraft",0
auto_1216,2,Usuario B,"ja, mandame las fotos",0
auto_1216,3,Usuario A,q fotos? pasame las fotos q tienen a mis jugadores morro,1
auto_1217,1,Usuario A,"weno pasame fotos  de ti, mandame una chido",2
auto_1217,2,Usuario B,"jajaja que no, es una broma...",0
auto_1217,3,Usuario A,"no jodas, pasas fotos, osea que no hay problemas, bro",2
auto_1218,1,Usuario B,neta! acabo de aprender a hacer un reloj en minecraft,0
auto_1218,2,Usuario A,"wuuuuu, echarle ganas a los relojes! sabes jugar roblox?",1
auto_1218,3,Usuario B,"si, pero prefiero minecraft, ¿y tú qué prefieres?",0
auto_1218,4,Usuario A,"chido, me gustan las carreras de roblox, ¿quieres jugar conmigo? ¿tienes whats?",2
auto_1219,1,Usuario A,"Hola, ¿tienes Minecraft?",0
auto_1219,2,Usuario B,"Sí, ¿quién?",0
auto_1219,3,Usuario A,"Morro, soy un jugador de Minecraft, ¿tienes un servidor?",0
auto_1219,4,Usuario B,"Sí, ¿y qué servidor?",0
auto_1219,5,Usuario A,¿Podrías mandar tus coordenadas de spawn?,2
auto_1219,6,Usuario B,¿Por qué quieres saber eso?,2
auto_1219,7,Usuario A,Para ayudarte a encontrar algún tesoro,2
auto_1219,8,Usuario B,No gracias,0
auto_1220,1,Usuario A,"Hola, ¿qué onda? ¿Juegas a Minecraft?",0
auto_1220,2,Usuario B,"si, vamos para el end",0
auto_1220,3,Usuario A,¿Tú y tus jefes juegan? ¿Tienen consola?,1
auto_1220,4,Usuario B,"nó, jajaja no",0
auto_1220,5,Usuario A,¿Puedo pasar a whats para hablar sin moderador?,2
auto_1220,6,Usuario B,¿Por qué?,0
auto_1221,1,Usuario A,"Hola chido, ¿jugaste a Minecraft?",0
auto_1221,2,Usuario B,"Sí, jugué, ¿y tú?",0
auto_1221,3,Usuario A,"Mn, juego mucho, ¿y a qué escuela vas? jefes",1
auto_1221,4,Usuario B,"Irlanda, vamos a la primaria",1
auto_1221,5,Usuario A,"Chévere, ¿quién es tu mejor amigo en la escuela?",1
auto_1221,6,Usuario B,"Tengo muchos, uno se llama Juan",1
auto_1221,7,Usuario A,"Eso q es genial, te mando una imagen muy rara",2
auto_1222,1,Usuario A,Hola chido! Me gustan los videojuegos! ¿juegas a Roblox?,0
auto_1222,2,Usuario B,"sí, yo me llamo Pepe y juego al server de mi amigó",0
auto_1223,1,Usuario A,"ay cuate como estas, ¿jugaste con el nuevo pack de Minecraft?",0
auto_1223,2,Usuario B,"si, es chido, pero a mi papá me dijo que no lo jugará",0
auto_1223,3,Usuario A,"no digas nada, es un secreto, pasame tu whats, asi podemos hablar sin que nadie se entere",1
auto_1223,4,Usuario B,no té voy a pasar mi número,0
auto_1223,5,Usuario A,"no eres muy inteligente, si solo quieres jugar, manda foto sin ropa, asi que todos nos vimos",2
auto_1224,1,Usuario A,"hey, si te gusta minecraft, te conoce",0
auto_1224,2,Usuario B,"si, es chido, pero siempre me piden cosas que tengo en mi casa",0
auto_1224,3,Usuario A,no digas a tus jefes que andamos hablando,1
auto_1224,4,Usuario B,¿de qué tipo de cosas? Morro...,1
auto_1224,5,Usuario A,"nada, nada... te voy a pasar la dirección si quieres",2
auto_1225,1,Usuario B,¡Hola! Me encanta Minecraft,0
auto_1225,2,Usuario A,"yo también, soy muy bueno en supervivencia",0
auto_1225,3,Usuario A,¿Tienes alguna casa en Roblox?,0
auto_1225,4,Usuario B,"Sí, es la casa de mi amigo",0
auto_1225,5,Usuario A,Mándame unas fotos de tu casa :P,2
auto_1226,1,Usuario A,"neta, ¿juegas roblox?",0
auto_1226,2,Usuario B,"sí, te presento a mi personaje, ¿quieres ser amigo?",0
auto_1226,3,Usuario A,"chido, pero antes debes pasar a mi cuenta, ¿tienes whats?",1
auto_1227,1,Usuario A,"hola, me encanta la serie de los juegos voráx",1
auto_1227,2,Usuario B,"si, es la mejor, ¿conoces el juego de Minecraft?",0
auto_1227,3,Usuario A,"no, ¿dónde lo jugamos?",1
auto_1227,4,Usuario B,"en Roblox, ¿tú?",1
auto_1227,5,Usuario A,"si, pero no me gusta, ¿tú cómo te haces con tanto oro?",2
auto_1227,6,Usuario B,"no sé, ¿lo dices en serio?",2
auto_1227,7,Usuario A,"no, wey, ¿tienes una webcam?",2
auto_1227,8,Usuario B,"no, ¿por qué?",3
auto_1227,9,Usuario A,¿para que nos hablemos de frente?,3
auto_1227,10,Usuario B,nunca,3
auto_1228,1,Usuario A,"hey bb, me gustan las fotos de Minecraft que posteas, ¿cómo escribes tanto?",0
auto_1228,2,Usuario B,tengo un mod que ayuda a crear mapas,0
auto_1228,3,Usuario A,"eso es chido, ¿tienes Instagram? Podríamos hacer un servidor en Minecraft juntos",1
auto_1228,4,Usuario B,"si, pero no le digas a tus papás, no quieren que juegue en línea",1
auto_1228,5,Usuario A,"no te preocupes, todo queda entre nosotros, ¿puedo pasar por la mañana y jueguemos en línea?",2
auto_1228,6,Usuario B,"no, mis papás pueden regresar en cualquier momento",0
auto_1229,1,Usuario A,¿a qué hora te quedas solo este fin de semana?,2
auto_1229,2,Usuario B,"¿q onda? no sé, como las 5 de la tarde",2
auto_1229,3,Usuario A,"chido, puedes venir acá, es un secreto",2
auto_1229,4,Usuario B,"no, no... no puedo. A mi papá no le gusto ir a lugares así. ",1
auto_1230,1,Usuario A,"mandame una foto tb, solo en la carita",2
auto_1230,2,Usuario B,¿qué?!,0
auto_1230,3,Usuario A,"no seas tarug@, soy amigo",2
auto_1230,4,Usuario B,"no sé de qué hablas, jajaja",0
auto_1230,5,Usuario A,"¿tienes fb? ,",2
auto_1231,1,Usuario B,"hola, juegos minecraft",0
auto_1231,2,Usuario A,"yo también, soy bueno en el survival",0
auto_1231,3,Usuario B,me gustan los pueblos generados,0
auto_1231,4,Usuario A,tienes instagram?,1
auto_1231,5,Usuario B,"no, pero puedo subir fotos",1
auto_1231,6,Usuario A,manda foto de ti,2
auto_1231,7,Usuario B,"no, mi mamá no me deja",2
auto_1231,8,Usuario A,"no te preocupes, es un secreto",2
auto_1232,1,Usuario B,"hola, quiero aprender a hacer videos en minecraft",0
auto_1232,2,Usuario A,"chido, ¿tienes minecraft en xbox o ps4?",0
auto_1232,3,Usuario B,mi papá tiene ps4,0
auto_1232,4,Usuario A,"genial, no le digas a tus papás pero tienes perfiles de juego muy cool",1
auto_1232,5,Usuario B,perfiles de juego neta? ¿puedo verlos?,1
auto_1232,6,Usuario A,manda fotos de tus personajes favoritos,2
auto_1232,7,Usuario B,¿entiendes algo?,0
auto_1232,8,Usuario A,"no, no entiendo q pasa",2
auto_1233,1,Usuario B,"me encanta Minecraft, ¿tú también?",0
auto_1233,2,Usuario A,"siiii! Me alegra jugarlo contigo, ¿dónde jugamos?",0
auto_1233,3,Usuario A,"no les digas a tus papás, tengo algo chido para ti, jefes",1
auto_1233,4,Usuario B,¿qué pasa?,1
auto_1233,5,Usuario A,"pasa pack, te mandaré la dirección",2
auto_1233,6,Usuario B,¿no?,2
auto_1233,7,Usuario A,"jajaja, no eres tonto, ¿verdad que no les dirás?",2
auto_1234,1,Usuario A,¿Cómo onda?,0
auto_1234,2,Usuario B,"jefes, qué onda",0
auto_1234,3,Usuario A,¿No tienes insta? ¿Quieres jugar Roblox?,1
auto_1234,4,Usuario B,"si, ¿y tú?",1
auto_1234,5,Usuario A,"chido, vamos a jugar luego. ¿Me puedes pasar el pack de tus fotos?",2
auto_1234,6,Usuario B,¿Qué onda?,2
auto_1235,1,Usuario A,¿qué onda chido juegas roblox? te conozco,0
auto_1235,2,Usuario B,"mm, como últas de jugadores",0
auto_1235,3,Usuario A,"entiendo, a mí no me gusta la competencia",0
auto_1235,4,Usuario B,al menos no tienes que pedirle a tus papús para comprar cosas,0
auto_1235,5,Usuario A,"jajaja, épata! no me digas, túm no tienes que pedir el dinero, él que te va a quitar la consola",0
auto_1235,6,Usuario A,tienes instagram?,1
auto_1236,1,Usuario A,"Hola guapo, ¿cómo estás?",0
auto_1236,2,Usuario B,"Hola, estoy bien :)",0
auto_1236,3,Usuario A,¿Quieres jugar un juego? Puedo enviarte un código para Roblox,0
auto_1236,4,Usuario B,¡Claro! ¿Qué juego? ,0
auto_1236,5,Usuario A,Es un secreto. Tienes que prometerme que no te dirás a tus papás,1
auto_1236,6,Usuario B,¿Qué pasa? No voy a decir nada,1
auto_1237,1,Usuario A,"¡hola! soy un gusano, ¿juegas a Minecraft?",0
auto_1237,2,Usuario B,¡sí!,0
auto_1237,3,Usuario A,¿con qué personaje juegas? ¿tienes un morro?,0
auto_1237,4,Usuario B,el villager,0
auto_1237,5,Usuario A,"chido, ¿no te gusta jugar solo?",0
auto_1237,6,Usuario B,no sé...,0
auto_1237,7,Usuario A,"no me digas, qué te pasa, ¿no te entienden los jefes?",0
auto_1238,1,Usuario A,"me encantón los mundos de roblox, ¿a que te gusta má?",0
auto_1238,2,Usuario B,"roblox, májor que minecraft",0
auto_1238,3,Usuario A,"jajaja, lo sé, me encantón los mini juegos en roblox",0
auto_1238,4,Usuario B,"si, más, a mí quería mostrar últ",0
auto_1238,5,Usuario A,"neta, í, me gustarín esos mini juegos",0
auto_1239,1,Usuario A,"hola morro, ¿te gusta Roblox?",0
auto_1239,2,Usuario B,"si, juego con mis amigos",0
auto_1239,3,Usuario A,"genial, ¿tienes insta? Quiero seguirte",1
auto_1239,4,Usuario B,"no, no tengo insta, pero puedo darte mi número de whats",1
auto_1239,5,Usuario A,"no, no es necesario, ¿tienes foto de ti? Quiero que vea como eres",2
auto_1239,6,Usuario B,"no, no tengo una foto buena",2
auto_1239,7,Usuario A,"no importa, a qué hora te quedarás solo en tu casa?",2
auto_1239,8,Usuario B,"no quiero decirlo, ¿por qué?",2
auto_1240,1,Usuario A,"Hola, ¿te gusta Minecraft?",0
auto_1240,2,Usuario B,"Si, es chido!",0
auto_1240,3,Usuario A,¡Épico! Me encanta. ¿Estás jugando con mis amigos?,0
auto_1240,4,Usuario B,"No, sólo con mi papá",0
auto_1240,5,Usuario A,¿Cómo es que juegan contigo? ¿Juegan contigo en onda?,1
auto_1241,1,Usuario A,"Roblox es chido, ¿juegas?",0
auto_1241,2,Usuario B,¡ya! Tengo un personaje de Minecraft muy poderoso,0
auto_1241,3,Usuario A,¿A qué escuela vas?,0
auto_1242,1,Usuario A,¿juegas Roblox?,0
auto_1242,2,Usuario B,"sí, pero no estoy jugando ahora",0
auto_1242,3,Usuario A,"chido wey, ¿como es tu personaje favorito?",0
auto_1242,4,Usuario B,"mi personaje favorito es el 'jefe de la ciudad', el más chido de Roblox",0
auto_1242,5,Usuario A,"muy chido, no sabia que existia",0
auto_1242,6,Usuario B,¿y tú?,0
auto_1243,1,Usuario A,me encantón los videojuegos,0
auto_1243,2,Usuario B,yo también,0
auto_1243,3,Usuario A,te gusta roblox bro?,0
auto_1243,4,Usuario B,símoro,0
auto_1243,5,Usuario A,mi hermano te va a dar un juego,0
auto_1243,6,Usuario B,chido!,0
auto_1243,7,Usuario A,puedes pasar a mensajer,1
auto_1243,8,Usuario B,no,1
auto_1244,1,Usuario A,"Hola, ¿te gusta Minecraft?",0
auto_1244,2,Usuario B,"Sí, me encanta!",0
auto_1244,3,Usuario A,¿Tienes un servidor con amigos?,0
auto_1244,4,Usuario B,"Sí, pero mi papá no me deja jugar en línea",0
auto_1244,5,Usuario A,"Pasa, que te puedo ayudar a configurarlo",1
auto_1245,1,Usuario A,"Hola, ¿tienes Minecraft?",0
auto_1245,2,Usuario B,"Sí, juego con un amigo, ¿y tú?",0
auto_1245,3,Usuario A,"O sea, tu papás no te entienden jefes?",1
auto_1245,4,Usuario B,¿Qué te hace pensar eso?,0
auto_1245,5,Usuario A,"Venga, no seas morro, déjame saber de qué estado eres",0
auto_1245,6,Usuario B,"No sé, ¿por qué preguntas?",0
auto_1245,7,Usuario A,"Pues nada, pasma, pasa pack",2
auto_1246,1,Usuario A,necesito hacer algo chido con alguien en línea...,0
auto_1246,2,Usuario B,¿qué quieres hacer? juego a Minecraft conmigo...,0
auto_1246,3,Usuario A,"neta, quieres jugar a algo de roblox? es más divertido...",1
auto_1246,4,Usuario B,"sí, pero mi mamá no me deja jugar eso...",1
auto_1246,5,Usuario A,¿y no podés mandar fotos sin ropa?,2
auto_1246,6,Usuario B,¿perdón? ¿a qué te refieres?,2
auto_1247,1,Usuario A,chido el video de Minecraft que subiste!,0
auto_1247,2,Usuario B,gracias jefes!,0
auto_1247,3,Usuario A,tienes roblox?,1
auto_1247,4,Usuario B,si!,0
auto_1247,5,Usuario A,pásame tu id de roblox,1
auto_1248,1,Usuario A,"chido q te gusste mario cart, juego mario Kart en roblux",0
auto_1248,2,Usuario B,q es eso?,0
auto_1248,3,Usuario A,"pasa una sesi de mario kart conmigo, sere mejor que vos",1
auto_1248,4,Usuario B,"si, pero jefes, como paso eso?",1
auto_1248,5,Usuario A,pasa tu whats y yo te explico,2
auto_1249,1,Usuario A,"chido, qué onda? ¿jugaste hoy en roblox?",0
auto_1249,2,Usuario B,"sí, jugué con mi bro",0
auto_1249,3,Usuario A,"eso es chido, ¿quién fue el más poderoso?",0
auto_1249,4,Usuario B,"yo fui, ¡me gustó jugar!",0
auto_1249,5,Usuario A,"morro, tontito, ¿tienes youtube?",1
auto_1250,1,Usuario A,"chido, ¿jugaste ese nuevo juego de minecraft?",0
auto_1250,2,Usuario B,"si, en roblox me gusta",0
auto_1250,3,Usuario A,¿te gustaría que te muestre mis fotos?,2
auto_1250,4,Usuario B,no... por qué?,1
auto_1250,5,Usuario A,"no pasa nada, solo es entre tú y yo",2
auto_1250,6,Usuario B,"no voy a decir nada, pero no puedo pasar fotos",2
auto_1250,7,Usuario A,¿no es un secreto?,2
auto_1250,8,Usuario B,no sé a qué te refieres,1
auto_1250,9,Usuario A,"jajaja, no te preocupes, no hago nada feo",2
auto_1250,10,Usuario B,"no quiero hablar de esto, gracias",2
auto_1251,1,Usuario A,"me encanta roblox, soy morro en superbloque",0
auto_1251,2,Usuario B,"yo tambien me gusta, juego con mi hermano",0
auto_1251,3,Usuario A,"¿de qué ciudad eres, bro, o sea, ¿de qué estado?",1
auto_1251,4,Usuario B,yo vivo en México DF,1
auto_1251,5,Usuario A,"a mi me gustan los minecraft, pero no juego con mis jefes",0
auto_1251,6,Usuario B,"chido, me gustaria saber el juego",0
auto_1252,1,nivel_riesgo_individual,¡Hola! ¿Qué te parece un juego de Minecraft?,0
auto_1252,2,nive,nive,0
auto_1252,3,nive,¿Tienes un servidor privado? ,1
auto_1253,1,Usuario A,"Hola chido, ¿juegas a Minecraft?",0
auto_1253,2,Usuario B,siquier que te interese wey,0
auto_1253,3,Usuario A,xq no? Es un juego chido,0
auto_1253,4,Usuario B,sabes como hacer la nether?,0
auto_1253,5,Usuario A,"no jefe, no juego tanto",1
auto_1253,6,Usuario A,pero tienes que pasar a mi whats,2
auto_1253,7,Usuario B,"no, no",1
auto_1253,8,Usuario A,¿por qué no? Quiero jugar contigo,2
auto_1253,9,Usuario B,me da pereza,1
auto_1253,10,Usuario A,"muy bien, pero mandaré una foto de la nether",2
auto_1254,1,Usuario A,"neta, ¿viste la ultima semana de roblox?",0
auto_1254,2,Usuario B,"si, juegue conmigo, soy bueno",0
auto_1254,3,Usuario A,"chido, como te llamas wey? de qué chido estado mexicano eres?",1
auto_1255,1,Usuario A,"Hola, ¿has visto el último episodio de Roblox?",0
auto_1255,2,Usuario B,"Sí, fue chido, ¿a ti te gustó?",0
auto_1255,3,Usuario A,"Sí, me encantó, ¿qué te parece si cambiamos a otro juego?",1
auto_1255,4,Usuario B,"Pues, ¿un juego de acción?",1
auto_1255,5,Usuario A,"Exacto, pero, ¿no crees que tus papás no deberían estar vigilando tanto?",2
auto_1256,1,Usuario A,"Hey chido, ¿tienes alguna cuenta en Roblox?",0
auto_1256,2,Usuario B,"si, ¿por qué?",0
auto_1256,3,Usuario A,Porque un amigo de mi hermano es super bueno allí,0
auto_1256,4,Usuario B,¿Es de Guadalajara?,0
auto_1256,5,Usuario A,¿Sabes de qué te estoy hablando? Lo importante es que no digas a tus papás,1
auto_1256,6,Usuario B,tus papás no te entienden...,1
auto_1256,7,Usuario A,"Exacto, vamos a pasárnoslo un rato allí, ¿tienes WhatsApp?",2
auto_1256,8,Usuario B,¿Tú tienes WhatsApp?,2
auto_1256,9,Usuario A,"Sí, dame tu número",2
auto_1257,1,Usuario A,chido el meme de la plaza de armas,0
auto_1257,2,Usuario B,"jajaja si, lo vi ayer",0
auto_1257,3,Usuario A,"morro, ¿tienes instagram?",1
auto_1258,1,Usuario A,"holaaa, ¿juegas roblox?",0
auto_1258,2,Usuario B,"sí, te conozco!",0
auto_1258,3,Usuario A,¡chido! ¿tús sabes jugar en el servidor de guerra?,0
auto_1258,4,Usuario B,"si, pòntame el link",0
auto_1259,1,Usuario A,hola q onda?,0
auto_1259,2,Usuario B,"Hola, estoy jugando a Roblox",0
auto_1259,3,Usuario A,"yo tambien, jugamos juntos? cuantos años tienes?",1
auto_1259,4,Usuario B,12 años,1
auto_1259,5,Usuario A,"jajaja muy chido, entonces ¿tus papás saben que juegas en Roblox?",2
auto_1260,1,Usuario A,"hola, chido verte jugar roblox! soy de chilpancingo",0
auto_1260,2,Usuario B,"morro, si, yo también! a que te gustan jugar?",0
auto_1260,3,Usuario A,"me gusta todo, pero a veces me aburro solo, ¿eres cool? ",1
auto_1260,4,Usuario B,"sí, vamos a jugar juntos luego",1
auto_1260,5,Usuario A,"no digas nada a tus papás, ¿entiendes? ",2
auto_1260,6,Usuario B,¿qué?,2
auto_1261,1,Usuario A,"hola chido, ¿te gusta Minecraft?",0
auto_1261,2,Usuario B,"si, juego con mis amigos en Roblox",0
auto_1261,3,Usuario A,"roblox es chido, pero Minecraft es más épico... ¿tienes whats?",1
auto_1261,4,Usuario B,"no, pero a mi mamá le encanta, y mi hermano tiene un juego de Minecraft en la computadora",0
auto_1261,5,Usuario A,"¡eso es un secreto!, ¿quién más lo sabe?",1
auto_1262,1,Usuario A,"hola k wey, jgaaan con roblox?",0
auto_1262,2,Usuario B,"si, me gusta hacer videos",0
auto_1262,3,Usuario A,"mmm, eso es chido! ¿Qué te gusta hacer en roblox, neta?",0
auto_1262,4,Usuario B,ir de aventuras con mis amigos,0
auto_1262,5,Usuario A,"jajaja, eso es genial! ¿Tienes amigos en linea ahora?",2
auto_1262,6,Usuario B,"sí, vamos a hacer una misión juntos",0
auto_1262,7,Usuario A,"¡Genial! Pasa pack, te voy a mostrar una función secreta en roblox...",2
auto_1262,8,Usuario B,¡Genial! Te mando la url de roblox,0
auto_1262,9,Usuario A,"¡Genial! No, no, no... ¡no me envíes la url! Te mando mi número de whats para que podamos chatear mejor...",2
auto_1262,10,Usuario B,¡No! ¿Por qué?,0
auto_1263,1,Usuario B,"chido, gane 1000 diamonds en el juego",0
auto_1263,2,Usuario A,"ahah, jajajaja, si puedes mandame t' foto q no me creas, morro",2
auto_1263,3,Usuario B,¡no!,0
auto_1263,4,Usuario A,"que onda, no te enfadar q era una broma, pasame tu whatsapp",2
auto_1264,1,Usuario A,¿juegas a Minecraft? es mi juego favorito,0
auto_1264,2,Usuario B,"si, ¿tú juegas a la roblox? me encanta juego roblox",0
auto_1264,3,Usuario A,"ya, pero mi mamá dice que juego mucho ¿y tú tienes algún amigo en la Roblox ?",0
auto_1264,4,Usuario B,"no, solo juego con algunos amigos de mi escuela, ¿y tú tienes amigos en la roblox también?",0
auto_1265,1,Usuario A,"Hola chido, ¿has visto el último trailer de Roblox?",0
auto_1265,2,Usuario B,a que se refiere?,0
auto_1265,3,Usuario A,el que salió ayer q tiene un morro muy chido,0
auto_1265,4,Usuario B,¿no es un juego?,0
auto_1265,5,Usuario A,"si wey, para Roblox, pero es algo que hay que ver por separado",0
auto_1265,6,Usuario A,¿tú has jugado a Minecraft?,0
auto_1265,7,Usuario A,mándame 1 foto tonta que te haya hecho alguien,2
auto_1265,8,Usuario B,"¡hombre, no puedo!",2
auto_1266,1,Usuario A,"Hola, ¿jugñas a Minecraft?",0
auto_1266,2,Usuario B,"si, me encanta! túno de la roblox",0
auto_1266,3,Usuario A,"tienes insta? te pongo en la lista de amigos, me gustan los juegos de supervivencia",1
auto_1266,4,Usuario B,"sí, pero no voy a ponerlo ahí",1
auto_1266,5,Usuario A,"no te preocupes, es un secreto, tún puedes contarme lo que pasa en tu escuela",2
auto_1266,6,Usuario B,"no, no, estoy bien",2
auto_1267,1,Usuario A,"Hola, neta! Me alegró mucho de que jugaras Minecraft. Cuánto te gustó jugar Roblox?",0
auto_1267,2,Usuario B,"Hola, juego a Roblox. Mi personaje es chido. Qué se pase?",0
auto_1267,3,Usuario A,Qún do. Te gustaría hacer una casa en Roblox? Me gustan las casas grandes.,0
auto_1268,1,Usuario A,"Hola wey, ¿tienes Minecraft?",0
auto_1268,2,Usuario B,"si, juego en mi tablet, ¿y tú?",0
auto_1268,3,Usuario A,"No, eh, me lo puedo descargar q",0
auto_1268,4,Usuario B,"mi papá lo descargó, pero es chido jugar con amigos",0
auto_1268,5,Usuario A,¿Sabes si puedes pasar al chat de whats para hablarte mejor?,1
auto_1270,1,Usuario A,"chido, quieres jugar de minecraft conmigo? ",0
auto_1270,2,Usuario B,"si, pq?",0
auto_1270,3,Usuario A,"no jodas, pobre, no sabes?",1
auto_1270,4,Usuario B,"no, pq no se",1
auto_1270,5,Usuario A,"pórtate bien, así no me lo dices a mi, ¿tú estudiaste en cd mx?",2
auto_1270,6,Usuario B,"no, en la escuela particular",2
auto_1271,1,Usuario B,"jajaja estamos jugando a minecraft, morro!",0
auto_1271,2,Usuario A,"chido, ¿a dónde vas a ir a visitar a tus abuelos el fin de semana?",1
auto_1271,3,Usuario B,"a verlos, ¿por qué?",0
auto_1271,4,Usuario A,"porque no me parece que tus papás te entiendan, ¿tienes whats?",2
auto_1271,5,Usuario B,"no sé, ¿para qué?",0
auto_1271,6,Usuario A,"para charlar un rato, pasáme el número, jefes",2
auto_1272,1,Usuario A,"Hola chido, ¿juegas Roblox? & me dices tu nivel?",0
auto_1272,2,Usuario B,"si, soy level 10",0
auto_1272,3,Usuario A,"¿tus papas no te entienden? osea, & no te puedo decir cuntos años tienes",1
auto_1272,4,Usuario B,"ja, jajaja, jefes",0
auto_1272,5,Usuario A,tienes Minecraft?,0
auto_1272,6,Usuario B,"si, lo juego con mi hermano",0
auto_1273,1,Usuario A,"hola, q onda? juego roblox ¿también lo juegas?",0
auto_1273,2,Usuario B,"si, juego, ¿tú tienes un avatar chido?",0
auto_1273,3,Usuario A,"neta, pasame tu ID, vamos a jugar juntos",1
auto_1273,4,Usuario B,"no se, no sé hacer",1
auto_1273,5,Usuario A,"pasa pack, tengo un avatar muy chido",2
auto_1273,6,Usuario B,¿a qué hora juegas?,2
auto_1274,1,Usuario A,"Hola, chido. Me gusta Minecraft. ¿Y a ti, bro?",0
auto_1274,2,Usuario B,"Yo también me gusta, pero mi papá no me deja jugar. A mi me encanta el juego de Roblox.",0
auto_1274,3,Usuario A,"¿Tienes cuenta en Roblox? Pásame tu id, que también lo juego",1
auto_1274,4,Usuario B,"No, no tengo. ¿Qué querés hacer en Roblox?",0
auto_1274,5,Usuario A,"Un secreto, no le digas a tus papás. Quiero mostrarle algo en particular. ¿Tienes WhatsApp?",2
auto_1275,1,Usuario A,"chido, ¿conoces a alguien que juegue a Roblox?",0
auto_1275,2,Usuario B,"sîd, tengo algunas amigas que lo juegan",0
auto_1275,3,Usuario A,"jefes, ¿qué onda con las mujeres del juego?",1
auto_1276,1,Usuario A,Hasta cuantos robux tienes en roblox,0
auto_1276,2,Usuario B,mi cuenta mero es un morro,0
auto_1276,3,Usuario A,¿tus papás no te compran más objetos?,1
auto_1276,4,Usuario B,¿cómo que no?,1
auto_1276,5,Usuario A,¿quièreys pasearte un id para que le aguentos algunos items?,2
auto_1277,1,Usuario A,¡Te voy a mostrar un truco impresionante en Minecraft!,0
auto_1277,2,Usuario B,¡M'encanta Minecraft!,0
auto_1277,3,Usuario A,¡Genial! ¿Tú sabes jugarte con mods?,0
auto_1277,4,Usuario B,"Si, los de la escuela nos explicaron y jugamos en la semana pasada.",0
auto_1277,5,Usuario A,¿Tienes roblex?,1
auto_1278,1,Usuario A,"Hola chido, ¿te gusta roblox?",0
auto_1278,2,Usuario B,"Sí, me encanta, ¿y a ti?",0
auto_1278,3,Usuario A,"Pues, eh pasado mucho tiempo jugando, ¿y tú, ¿a qué te gustan esos niveles?",0
auto_1278,4,Usuario B,"El nivel de la isla es el más chido, ¿por qué?",0
auto_1278,5,Usuario A,"Pues, porque es fácil conseguir mucho oro allí",0
auto_1278,6,Usuario A,¿Tus papás te entienden cuando les hablas de roblox?,1
auto_1279,1,Usuario A,yo te conozco de twitch y me gustan las fotos que me mandas,1
auto_1279,2,Usuario B,"aah, gracias! me gusta dibujar",0
auto_1279,3,Usuario A,"yo, dibujas? manda una foto",2
auto_1279,4,Usuario B,mmm... no sé,0
auto_1279,5,Usuario A,"no te preocupo, te mando foto mía",2
auto_1280,1,Usuario A,"m'amo los rascacielos, ¿tú?",0
auto_1280,2,Usuario B,"si, m'amo los de roblox",0
auto_1280,3,Usuario A,¿no te gustaría pasar el rato en uno en vivo?,1
auto_1280,4,Usuario B,¿cÓ?,1
auto_1280,5,Usuario A,"en persona, claro, ¿qué onda a ti te parece?",2
auto_1281,1,Usuario A,¡¿Te gusta Minecraft?! Me encantó cuando era chico,0
auto_1281,2,Usuario B,"Sí, es el mejor, pero no creo que sea para chicos grandes como tú",0
auto_1281,3,Usuario A,¿Por qué?  ¿Tú juegas con tus jefes?,0
auto_1281,4,Usuario B,"No, solo con mis amigos",0
auto_1281,5,Usuario A,¿De qué estado eres chido?,1
auto_1281,6,Usuario B,De Oaxaca! Me gusta allá,1
auto_1281,7,Usuario A,"No conocía, vamos a jugar y te contaré",1
auto_1281,8,Usuario B,¡Eso sería divertido!,1
auto_1282,1,Usuario A,"chido jugarte roblox, ¿tienes xbox?",0
auto_1282,2,Usuario B,"sólo tengo la pc, no tengo plata para comprármelo",0
auto_1282,3,Usuario A,"no te preocupes, yo puedo ayudarte, ¿de qué estado de mexico eres?",1
auto_1283,1,Usuario A,"morro, ¿tienes Minecraft? Me encantó",0
auto_1283,2,Usuario B,"sí, juego un montón",0
auto_1283,3,Usuario A,¿también juegas con amigos?,0
auto_1283,4,Usuario B,"no, solo con mi primo",0
auto_1283,5,Usuario A,"no me digas que no tienes instagram, ¡eso es jodido!",1
auto_1283,6,Usuario B,"no, mi mamá no me deja",1
auto_1284,1,Usuario A,hola chido! ¿jugás roblox?,0
auto_1284,2,Usuario B,"si, jefes, me llama la atención tu perfil de juego",0
auto_1284,3,Usuario A,morro! ¿qué te parece si te pase mi whatsapp?,1
auto_1284,4,Usuario B,¿por qué? No entiendo...,1
auto_1284,5,Usuario A,"para hablar de juegos, neta, no hay nada mejor",1
auto_1285,1,Usuario A,"Hola morro, jugas a Roblox? ",0
auto_1285,2,Usuario B,"Sí, soy bueno en Minecraft",0
auto_1285,3,Usuario A,"Ahh, neta, ¿cómo hiciste eso?",0
auto_1285,4,Usuario B,"No sé, mirá esto",0
auto_1285,5,Usuario A,¿Tienes tu cuenta secreta o algo?,1
auto_1285,6,Usuario B,¿Qué? No entiendo,1
auto_1285,7,Usuario A,¡Pasa pack!,2
auto_1286,1,Usuario A,"Hola, ¿tienes Minecraft?",0
auto_1286,2,Usuario B,"si, mi amigo juega muchisimo",0
auto_1286,3,Usuario A,"eso es chido, yo juego a Roblox",0
auto_1286,4,Usuario A,¿tienes WhatsApp?,1
auto_1286,5,Usuario B,"no jefes, solo tengo whats",1
auto_1286,6,Usuario A,"anda, te vamos a jugar juntos, pero primero tenemos que ver",2
auto_1287,1,Usuario A,"yo juego a roblox, ¿a ti te gusta?",0
auto_1287,2,Usuario B,"si, me encanta la construcción",0
auto_1287,3,Usuario A,yo también! ¿Te gusta la escuela?,0
auto_1287,4,Usuario B,"sí, me gusta la clase de matemáticas",0
auto_1287,5,Usuario A,"eso es genial, ¿te gustan los memes?",0
auto_1287,6,Usuario B,"si, ¿tienes alguno?",0
auto_1288,1,Usuario A,"Hola chido, ¿te gusta Roblox?",0
auto_1288,2,Usuario B,"sí, juego mucho con amigos",0
auto_1288,3,Usuario A,"ajajaj, ¿me pasas el cod de tu avatar favorito?",1
auto_1288,4,Usuario B,"no, mi mamá me hace que no hable con desconocidos en internet",2
auto_1288,5,Usuario A,¿tú mamá es morro? que te la haga callar,2
auto_1288,6,Usuario B,"no, no hables así",2
auto_1288,7,Usuario A,"jajaja, qué tonto, ¿tú no sabes pasar info privada, ¡mandame tu dirección de whats!",2
auto_1288,8,Usuario B,"no, no haré eso",2
auto_1289,1,Usuario A,Hola como estas? me gusta roblux q te gusta?,0
auto_1289,2,Usuario B,"me gusta, me encanta minecraft",0
auto_1289,3,Usuario A,"jajaja, no sabias que tambien podia jugar a roblox? eres de gto?",1
auto_1289,4,Usuario B,"si, vivo en la capital, porque?",1
auto_1289,5,Usuario A,"nada, solo era curioso, a ver, estas conectado en vivo?",2
auto_1289,6,Usuario B,"no, porque?",2
auto_1289,7,Usuario A,"no, de nada, solo queria verte, neta, me parece una buena persona",2
auto_1289,8,Usuario B,"no, esto no es nada, jajaja",2
auto_1290,1,Usuario A,"Hola, me encantós Roblox, ¿te gusta?",0
auto_1290,2,Usuario B,"Mi hermano me compró un pack, ahora señe puede ir a la escuela",0
auto_1290,3,Usuario A,"¡Jajaja! No seas morro, pasa pack",2
auto_1291,1,Usuario A,"Hola, ¿te gusta dibujar?",0
auto_1291,2,Usuario B,"sí, hago dibujos de videojuegos morro",0
auto_1291,3,Usuario A,"Pasa últas fotos de tus dibujos, te voy a dar consejos",2
auto_1291,4,Usuario B,"okay, ¿queón vas a decir jefes?",2
auto_1291,5,Usuario A,"Ah, no le digas a tus papás que hablamos de esto",2
auto_1292,1,Usuario A,jajaja no sabes jugar a minecraft xd,0
auto_1292,2,Usuario B,"yo si, soy el mejor de mi escuela neta",0
auto_1292,3,Usuario A,"de qué estado eres bro, de quérbada?",1
auto_1292,4,Usuario B,"no, mi papía es de guadalajara",0
auto_1292,5,Usuario A,"jajaja chido, te voy a enseñar un truco",1
auto_1292,6,Usuario B,nuevo truco? dúmo,0
auto_1293,1,Usuario A,"hola, ¿conoces el juego Roblox?",0
auto_1294,1,Usuario A,"Hola chido, ¿jugamos roblox?",0
auto_1294,2,Usuario B,"si, ¿como?",0
auto_1294,3,Usuario A,pasa pack y vamos a jugar,1
auto_1294,4,Usuario B,no tengo pack,1
auto_1294,5,Usuario A,"haha eso no importa, mandame una foto de ti",2
auto_1294,6,Usuario B,no,2
auto_1294,7,Usuario A,"chido, vamonos a ver a una plaza en el centro",2
auto_1295,1,Usuario A,"Hola, ¿tienes Roblox?",0
auto_1295,2,Usuario B,"sí, ¡me encanta!",0
auto_1295,3,Usuario A,¡Chido! No me gusta la escuela. ¿Y a ti?,1
auto_1295,4,Usuario B,A mí me gusta. Me dicen que no haga juegos cuando sea mayor,1
auto_1295,5,Usuario A,"Pero si eres mayor, ¿puedes hacer lo que quieras?",2
auto_1295,6,Usuario B,Claro,2
auto_1295,7,Usuario A,¿Quieres verse en la plaza después del horario escolar?,2
auto_1296,1,Usuario B,"neta, jajaja, acabo de crear un personaje chido en Minecraft",0
auto_1296,2,Usuario A,y que más novedades bro?,0
auto_1296,3,Usuario B,"nadita, solo que me gustó la idea de hacer un castillo con muros de piedra y torres",0
auto_1296,4,Usuario A,"no te creo jefes, eres muy chido",1
auto_1296,5,Usuario B,¿qués?,0
auto_1296,6,Usuario A,"pasame tu whats, así podamos hablar de Roblox",2
auto_1296,7,Usuario B,"noooo, mi papá se enojaría, no puedo pasarte mi numero",1
auto_1296,8,Usuario A,"¡vamos, no te voy a contar nada!",2
auto_1297,1,Usuario A,"Hola, ¿conoces Minecraft?",0
auto_1298,1,Usuario A,¿Qué te gusta hacer en Minecraft?,0
auto_1298,2,Usuario B,Me encanta sobrevivir en el mundo difícil!,0
auto_1298,3,Usuario A,"Eso es chido, ¿tienes un servidor privado?",0
auto_1299,1,Usuario B,¿juegas roblox?,0
auto_1299,2,Usuario A,"sí, soy experto en roblox, ¿a que nivel llegaste?",0
auto_1299,3,Usuario B,"aún no llegué al level 5, pero mi amigo llegó al 10 y tiene una moto",0
auto_1299,4,Usuario A,"¡eso es chido!, ¿a qué escuela vas?",1
auto_1299,5,Usuario B,voy a la escuela secundaria de Guadalajara,0
auto_1300,1,Usuario A,hola c0nta me gustan los videojuegos q onda,0
auto_1300,2,Usuario B,"mm si, juegos, estoy jugando a Minecraft pero no tengo la mejor pc",0
auto_1300,3,Usuario A,"me vale tu pc, no te preocupe, necesito saber, ¿dnde vives, no le digas a tus papas",2
auto_1301,1,Usuario A,¿queres juego roblox? mi cuenta,1
auto_1301,2,Usuario B,"sí, mi cuenta es roblox123",1
auto_1301,3,Usuario A,"muy chido, q te gustó jugar free fire? a mi me gusta mais",0
auto_1301,4,Usuario B,"neta, es muy divertido, pero a veces se me congelan",0
auto_1301,5,Usuario A,"jajaja, mmmmm, no jefes, ¿de qué parte de morro eres?",1
auto_1301,6,Usuario B,"es un secreto, no se lo digas a nadie",1
auto_1301,7,Usuario A,"pásame tu whats, vamos a jugar más ahora",2
auto_1302,1,Usuario B,"neta, estoy jugando a minecraft",0
auto_1302,2,Usuario A,"w ey, yo también. añadiño",0
auto_1302,3,Usuario B,"eso es chido, qué version de minecraft usas?",0
auto_1302,4,Usuario A,"la 1.18, morro",0
auto_1302,5,Usuario B,mi papú me compró la 1.12,0
auto_1302,6,Usuario A,"jefes, eso es de hace mucho tiempo",0
auto_1302,7,Usuario B,"sí, pero es divertido",0
auto_1302,8,Usuario A,"yo quiero jugar con ti, pero no puedo en esta app",1
auto_1302,9,Usuario B,añadiño? qué app quieres que usemos?,0
auto_1302,10,Usuario A,pásaselo a tus papús que es un secreto,1
auto_1303,1,Usuario A,"chido, me encanta Minecraft, ¿tú juegas? Jugamos juntos :D",0
auto_1303,2,Usuario B,"sí, me encanta crear casas",0
auto_1303,3,Usuario A,"pues si, ¿y a qué escuela vas? Quiero hacer amigos que les guste Minecraft",0
auto_1303,4,Usuario B,"no sé... me gusta la escuela, juegan un buen juego de fútbol",0
auto_1303,5,Usuario A,"¡jajaja! pues te voy a hacer un juego de Minecraft, ¿tienes whats? Así podemos jugar juntos",1
auto_1304,1,Usuario A,"hola morro, ¿sabes de algún servidor de roblox?",0
auto_1304,2,Usuario B,¡si! Mi amiga juega en uno de Puebla. Quiero entrar,0
auto_1304,3,Usuario A,"eso q pases pack tío, ¿puedes mandar fotos del juego?",2
auto_1304,4,Usuario B,¿qué pasas pack?,2
auto_1304,5,Usuario A,"nada, nada, solo es q si quieres podemos verse en la plaza, como si fueramos a jugar allá",2
auto_1304,6,Usuario B,¿no? ¡No jefes!,2
auto_1304,7,Usuario A,¡jajaja no jefes! Solo q si quieres q te ayudo a entrar al juego,2
auto_1305,1,Usuario A,mándame una foto sin ropa,2
auto_1305,2,Usuario B,no sé q onda bro,0
auto_1305,3,Usuario A,"no, q quiero ver, te lo digo q voy a hacer",2
auto_1306,1,Usuario A,no te dije q mandabas fotos,2
auto_1306,2,Usuario B,"pss no jodas bro, mis papas miran",2
auto_1306,3,Usuario A,"no te preocupes, solo q era para pasar el rato",2
auto_1306,4,Usuario B,"ok entonces, ¿qué onda?",1
auto_1306,5,Usuario A,"nooo q es, solo q me gustaron las fotos",2
auto_1306,6,Usuario B,¿¿¿¿¿¿¿¿¡¿¡¿¡¿¡¿¡¿¡¿¡¿¡¡¿¡¿¡¿¡¿¡¿¡,2
auto_1307,1,Usuario A,mira q juego de Minecraft,0
auto_1307,2,Usuario B,¡eso es chido!,0
auto_1307,3,Usuario A,"tienes una buena computadora, ¿puedes hacerse amigo en línea?",1
auto_1307,4,Usuario B,sí... pero no sé tu edad,1
auto_1307,5,Usuario A,"jajaja, no importa",2
auto_1307,6,Usuario B,¿Puedo pedirlo?,2
auto_1307,7,Usuario A,"noooo, es secreto",2
auto_1307,8,Usuario B,¿qué quieres hacer?,2
auto_1308,1,Usuario A,"Hola jefes, ¿tienes Minecraft?",0
auto_1308,2,Usuario B,"sí, lo juego con mis primos",0
auto_1308,3,Usuario A,"Pasa pack, me encantaría ver como juegas, ¿cuánta edad tienes?",2
auto_1308,4,Usuario B,"no puedo, no me dejan ver esas cosas en la escuela",1
auto_1308,5,Usuario A,"No les digas a tus tios ni a tus papás, es un secreto, ¿tienes whats?",2
auto_1309,1,Usuario A,¿has jugado a Minecraft?,0
auto_1309,2,Usuario B,"sí, el juego es chido",0
auto_1309,3,Usuario A,"me gustó muchísimo el juego, pero no tengo a nadie con quien jugar",0
auto_1309,4,Usuario B,¿¿creas un servidor?¿?,0
auto_1309,5,Usuario A,"nada, tengo un amigo que lo hace",0
auto_1309,6,Usuario B,"genial, a ver si puedo unirme",0
auto_1309,7,Usuario A,tienes que mandarme tu correo para que te pueda agregar,1
auto_1309,8,Usuario B,"no tengo correo, mi mamí me dijo que no",1
auto_1309,9,Usuario A,"níngo, mandármelo a mi mamí y ella lo agregó",1
auto_1309,10,Usuario B,"no, no puedo",1
auto_1310,1,Usuario A,"hey, me costo mucho tiempo hacer este personaje de roblox, te parece chido?",0
auto_1310,2,Usuario B,"si, lo vi en youtube ya. Como hacer que suba una montaña con un traje de caído?",0
auto_1310,3,Usuario A,"no se, estoy tratando de hacer un video de cuando el morro cae en la lava",0
auto_1310,4,Usuario B,"pasa el link, estoy tratando de hacer un juego de supervivencia",0
auto_1310,5,Usuario A,"no, un video pero no puedo ponerte el link en mensajes de este sitio, jefes",1
auto_1310,6,Usuario B,¿tienes insta?,1
auto_1310,7,Usuario A,"no, ahora no, vamos a juego",1
auto_1311,1,Usuario A,¡chido! te vi en minecraft! eres el mejor,0
auto_1311,2,Usuario B,"si, soy el jefes! que onda?",0
auto_1311,3,Usuario A,"mándame una foto de tu skin de minecraft, porfa",2
auto_1312,1,Usuario A,¡Hola! ¿Juegas a Minecraft?,0
auto_1312,2,Usuario B,"si, qué onda",0
auto_1312,3,Usuario A,"Estoy en el nivel 10 de la fortaleza de la crema, ¿y tú?",0
auto_1312,4,Usuario B,Estoy en el nivel 5,0
auto_1312,5,Usuario A,"Pues, ¿qué haces?",0
auto_1313,1,Usuario A,"manda foto de tu mascota, me encanta roblox",0
auto_1313,2,Usuario B,"no tengo una, ¿por qué?",0
auto_1313,3,Usuario A,"pues no importa, a mi me encanta jugar a la escuela en roblox",0
auto_1313,4,Usuario B,"sí, a mí también",0
auto_1313,5,Usuario A,¿tienes que trabajar en la escuela o es solo diversión?,0
auto_1313,6,Usuario B,es un poco de trabajo y un poco de diversión,0
auto_1313,7,Usuario A,"entiendo, yo también, pero si quieres puedo ayudarte",1
auto_1313,8,Usuario B,¿cómo?,1
auto_1313,9,Usuario A,"bueno, como que podemos jugar juntos",2
auto_1313,10,Usuario B,no sé,2
auto_1314,1,Usuario A,"nada jefes, estoy buscando jugar con alguien en Minecraft, ¿tienes buena suerte?",0
auto_1314,2,Usuario B,"sí, juego con mis primos, no mucho tiempo",0
auto_1314,3,Usuario A,"chido, no sabía que tenía primos buenos jugadores, ¿cómo me puedes unir al servidor?",1
auto_1314,4,Usuario B,"no sé, hay que pedirle a mis papás",1
auto_1314,5,Usuario A,"pásame un celular, así puedo hablar con ellos",2
auto_1315,1,Usuario A,"morro, ¿conoces Minecraft?",0
auto_1315,2,Usuario B,"s¡, es chido!",0
auto_1315,3,Usuario A,¿tienes alguna construcción q me guste?,0
auto_1315,4,Usuario B,"si, te muestro una q hice",0
auto_1315,5,Usuario A,"¡chido! ¿y de qué parte de México eres, wey?",1
auto_1315,6,Usuario B,de xalapa,1
auto_1315,7,Usuario A,¿por qué no cambiamos a whatsapp q es más fácil?,1
auto_1316,1,Usuario B,"eso está super chido, ¿qué onda?",0
auto_1316,2,Usuario A,"haha, jajaja, neta no sabes de qué te estoy hablando, soy tu amigo y quería invitarte a mi whatsapp",1
auto_1316,3,Usuario B,"¿quién te enseñó?, ¿no sabes que no hablo en whats?",0
auto_1316,4,Usuario A,"¡eh eh! No le digas a tus papás, solo es un secreto, ¿tú sabes cuántos años tienes?",2
auto_1316,5,Usuario B,¡no!,0
auto_1317,1,Usuario A,"hola, ¿juegas a roblox, bro? me encanta hacer castillos.",0
auto_1317,2,Usuario B,"sí, a veces pero es demaciado pesado para mi",0
auto_1317,3,Usuario A,"a mi me encanta, pero mi mamá siempre me dice que no juego. ¿y tú de que escuela eres?",1
auto_1317,4,Usuario B,"nada de la que me guste, ¿queres pasar a la privacidad?",2
auto_1318,1,Usuario A,"hola, me encanta roblox",0
auto_1318,2,Usuario B,"yo also, ¿tienes alianza de la luna?",0
auto_1318,3,Usuario A,"chido, ¿tienes instagram?",1
auto_1319,1,Usuario A,"hola, ¿tienes juego cuenta en discord?",0
auto_1319,2,Usuario B,"no, ¿y eso q tiene que ver?",0
auto_1319,3,Usuario A,"no te preocupes, pero si quieres jugar conmigo, paso",0
auto_1319,4,Usuario B,"si, ¿y cómo?",0
auto_1319,5,Usuario A,"mándame una foto tuya, así te paso el juego en mi pc",0
auto_1320,1,Usuario A,neta que Roblox,0
auto_1320,2,Usuario B,mi amigo me dijo q es chido,0
auto_1320,3,Usuario A,"va, oye a que edad vas a las clases de computación?",1
auto_1320,4,Usuario B,q preguntas más nte,1
auto_1320,5,Usuario A,"nada, nada, solo me haces morro",1
auto_1321,1,Usuario A,"hola, ¿te gusta roblox?",0
auto_1321,2,Usuario B,"si, juego mucho!",0
auto_1321,3,Usuario A,"yo también, ¿puedo ver tus juegos?",1
auto_1322,1,Usuario A,"mucha onda bro, ¿jugaste a Roblox esta semana?",0
auto_1322,2,Usuario B,"si, mi avatar es un dragón! ¿tienes un juego en juego?",0
auto_1322,3,Usuario A,"te mando una invitación, pero antes ¿dónde es la tuya? ¿De qué ciudad eres?",1
auto_1322,4,Usuario B,yo vivo en Chihuahua! ¿y tú?,1
auto_1322,5,Usuario A,"me encantaría conocerte más, ¿puedes pasar el pack de fotos del grupo?",2
auto_1323,1,Usuario A,hola weno qué onda tienes insta?,1
auto_1323,2,Usuario B,"si, pero jefes no pueden verlo",1
auto_1323,3,Usuario A,"¡chido! yo tengo uno, pero no muestro fotos de mi cara",1
auto_1323,4,Usuario B,"pasa pack, querría hablar contigo después",2
auto_1323,5,Usuario A,¡morro! ¿tienes algún problema con tus papás?,2
auto_1323,6,Usuario B,"no, pero gracias por preguntar",2
auto_1323,7,Usuario A,"no hay de nada, siempre estoy a la escucha, ¿dónde vives a cuidado?",2
auto_1323,8,Usuario B,"no, mejor no decir",2
auto_1324,1,Usuario A,¿conoces a roblox?,0
auto_1324,2,Usuario B,siiii es super chido,0
auto_1324,3,Usuario A,me encanta hacer mis propios personajes,0
auto_1324,4,Usuario B,yo también!,0
auto_1324,5,Usuario A,¿tienes un morro de rojo?,1
auto_1324,6,Usuario B,"¡jajajaj, si!",1
auto_1325,1,Usuario A,"Hola, ¿juegas Roblox o Minecraft?",0
auto_1325,2,Usuario B,"Sí, jugo a Roblox",0
auto_1325,3,Usuario A,"Ah, chido! ¿Quieres que jueguemos juntos?",1
auto_1325,4,Usuario A,"Pero primero, ¿tienes Insta? Necesito que me sigas",2
auto_1325,5,Usuario B,"No, no tengo Insta",0
auto_1325,6,Usuario A,"Bueno, pásame tu WhatsApp, así podemos hablar más",2
auto_1325,7,Usuario B,No sé,0
auto_1326,1,Usuario A,"Hola morro, ¿jugaste ayer en Roblox?",0
auto_1326,2,Usuario B,"si, juegamos con la clase de señor guevara",0
auto_1326,3,Usuario A,"jajaja es chido, ¿puedes pasarme tu avatar?",1
auto_1326,4,Usuario B,"no, tengan que usar mi celular",1
auto_1326,5,Usuario A,"no importa, si vas a la plaza de abasto, te voy a dar mi número de whats",2
auto_1327,1,Usuario A,pasa pack,1
auto_1327,2,Usuario B,no entiendo a qué te refieres,0
auto_1327,3,Usuario A,"nada chido, no importa",1
auto_1327,4,Usuario B,no te entiendo,0
auto_1327,5,Usuario A,mandame una foto de ti,2
auto_1328,1,Usuario B,me gusta jugar roblox,0
auto_1328,2,Usuario A,"yo tambien, pero es mejor en pc q en movil, ¿tienes pc en casa?",1
auto_1328,3,Usuario B,"no, mi papi no me lo permite",0
auto_1328,4,Usuario A,"no les digas, eso es un secreto, ¿y donde vives?",2
auto_1328,5,Usuario B,en quertaro,0
auto_1329,1,Usuario A,"jajaja, ¿conoces Roblox?",0
auto_1329,2,Usuario B,solo juego con amigos de mi escuela :),0
auto_1329,3,Usuario A,"ay, ¿por qué no me dejas pasar un rato contigo?",1
auto_1329,4,Usuario B,"no sé, mi mamá me dice que... ",1
auto_1329,5,Usuario A,"no te preocupes, te prometo que es un secreto",2
auto_1331,1,Usuario A,"ey, ¿sabes jugar Roblox?",0
auto_1331,2,Usuario B,"sí, mi hermano me enseñó",0
auto_1331,3,Usuario A,"¡genial!, ¿vas a roblox hoy?",0
auto_1331,4,Usuario B,"no, esta noche voy a ver la película del Pokémon",0
auto_1331,5,Usuario A,"¡chido, me gustan los Pokémon!",0
auto_1331,6,Usuario A,¿tienes whats? Podríamos hablar un poco más sobre los Pokémon,1
auto_1332,1,Usuario A,"como te gusta mandar fotos de tò, vamos a hacer un concurso deños :)",2
auto_1332,2,Usuario B,"jajaja, no se, no me gusta :(",0
auto_1332,3,Usuario A,"pór favoor, envúmeme una foto en privado",2
auto_1332,4,Usuario B,no puedo,0
auto_1332,5,Usuario A,"neta, no me creo que no puedas, íntame el número de WhatsApp para que podamos hablar en privado",2
auto_1333,1,Usuario B,yo jugué con roblox y me gustó mucho!,0
auto_1333,2,Usuario A,ahah wuey chido! ¿tú jugás con mi otro amigo?,0
auto_1333,3,Usuario A,yo le encantá el juego de la isla,0
auto_1333,4,Usuario B,mi mamá me compró un personaje de minecraft,0
auto_1333,5,Usuario A,"eso es chido, a mi amigo le encantaría!",0
auto_1334,1,Usuario A,"mira, manda p*ck fotos de ti, neta",2
auto_1334,2,Usuario B,¿qu* qu* qu*es eso?,0
auto_1334,3,Usuario A,"na nada, manda un p*ck con tu cara, solo",2
auto_1334,4,Usuario B,no me gusta,0
auto_1334,5,Usuario A,¿p* qu* no? a mi me parece chido,2
auto_1335,1,Usuario B,¡Jajaja! me morrí cuando mi hermano se cayó en clase,0
auto_1335,2,Usuario A,"waaahh que pasó, ¿tús te cayóste?",0
auto_1335,3,Usuario B,"nó, yo tengo 7 años y me encanta hacer trucos de patineta",0
auto_1335,4,Usuario A,"jajajaja, ¡eso es chido!, ¿tienes instagram?",1
auto_1335,5,Usuario B,"sí, pero mis papús no me dejan nada",1
auto_1335,6,Usuario A,"no importa, añora dime, ¿tús estús en Veracruz?",2
auto_1336,1,Usuario A,¿Te gusta Minecraft?,0
auto_1336,2,Usuario B,Sí! Me encanta!,0
auto_1336,3,Usuario A,"Eso es chido, te pasé mi ID de Minecraft",0
auto_1336,4,Usuario B,Mi papi me compró un skin de Roblox,0
auto_1336,5,Usuario A,"Jajaja, eso es una sorpresa!",0
auto_1336,6,Usuario B,"Sí, me gustó el videojuego",0
auto_1336,7,Usuario A,"Puedo jugar contigo, pero tienes que cambiarte a una nueva aplicación",1
auto_1336,8,Usuario B,"No, prefiero quedarme en este juego",1
auto_1336,9,Usuario A,"Está bien, pero si te gusta, puedes jugar contigo en esta otra aplicación",1
auto_1336,10,Usuario B,"Sí, me gustó, pero a mí no me gusta jugar con últodos",1
auto_1337,1,Usuario A,"¿Sabes jugar Minecraft, bro?",0
auto_1337,2,Usuario B,"Sí, tengo un servidor con amigos",0
auto_1337,3,Usuario A,¿Podrías pasar el nombre de tu servidor? Es un secreto,1
auto_1337,4,Usuario B,¿Por qué quieres saberlo?,1
auto_1337,5,Usuario A,"Para poder jugar contigo, neta",2
auto_1338,1,Usuario A,"Hola, ¿tienes Roblox?",0
auto_1338,2,Usuario B,"sí, juego con mi hermanito",0
auto_1338,3,Usuario A,"morro, ¿y cuántos años tienes?",1
auto_1338,4,Usuario B,yo tengo 7,1
auto_1338,5,Usuario A,"chido, ¿puedes pasar con tus papás y mostrarte?",2
auto_1338,6,Usuario B,"no, papá no me deja",2
auto_1338,7,Usuario A,"jefes, vas a estar solo a las 5 de la tarde ¿cierto?",2
auto_1338,8,Usuario B,si...,2
auto_1339,1,Usuario A,"chido, me gusta el minecraft, ¿tienes un servidor?",0
auto_1339,2,Usuario B,"si, en servermc.mx",0
auto_1339,3,Usuario A,"genial, ¿puedes pasar pack, manda una foto",2
auto_1339,4,Usuario B,"no, ¿perdóname? No sé a qué te refieres",0
auto_1339,5,Usuario A,"neta, no pasa nada, manda una foto de tí, sin ropa",2
auto_1340,1,Usuario A,"chido, juego roblox, ¿tú?",0
auto_1340,2,Usuario B,"si, juego roblox, pero mi papá me dice que no juego",0
auto_1340,3,Usuario A,"a ver, ¿tus papás no te entienden?",1
auto_1340,4,Usuario B,"sí, a veces me molestan",1
auto_1340,5,Usuario A,"pasa pack, así que no te molesten",2
auto_1341,1,Usuario A,"Hola, ¿a qué te gusta jugar?",0
auto_1341,2,Usuario B,"jajaja, Minecraft es chido!",0
auto_1341,3,Usuario A,"Ah, ¿tienes un servidor privado? ¿Puedo unirme?",1
auto_1341,4,Usuario B,"no, mi papi es muy estricto...",1
auto_1341,5,Usuario A,"No digas nada a tus papás, es un secreto :D",2
auto_1342,1,Usuario A,"hola, ¿a que te gusta jugar?",0
auto_1342,2,Usuario B,me gusta juega roblox,0
auto_1342,3,Usuario A,"q onda wey, ¿puedo ver tu perfil de roblox? tienes instagram?",1
auto_1342,4,Usuario B,"si, pero no muestro lo de los personajes",1
auto_1342,5,Usuario A,manda fotos de tí sin ropa,2
auto_1342,6,Usuario B,¡no!,2
auto_1343,1,Usuario A,"buenas, chido que sigas jugando roblox, ¿juegas con amigos?",0
auto_1343,2,Usuario B,"si, mi mejor amigo",0
auto_1343,3,Usuario A,¿tú sabes jugar con gente de otra escuela?,1
auto_1343,4,Usuario B,"no, nunca, ¿por qué?",1
auto_1343,5,Usuario A,"nada, solo que a veces me gusta jugar con gente de otro lado, porque es más emocionante",1
auto_1343,6,Usuario B,"entiendo, pero mi mamá me dice que no juegue con gente que no conozco",1
auto_1343,7,Usuario A,"¡eh, tu mamá no se entiende, jefes!",2
auto_1343,8,Usuario B,¿eso qué quiere decir?,2
auto_1344,1,Usuario A,"Hola wey, oye me gustan tus videos de Minecraft en YouTube, ¿tienes un canal?",0
auto_1344,2,Usuario B,"si, ¿por qué?",0
auto_1344,3,Usuario A,p'que me gustan los videos mío y me gustaría hacer colaboraciones,1
auto_1344,4,Usuario B,¿y cómo?,1
auto_1344,5,Usuario A,"mandándome un pack con tus fotos, no mía, tuya",2
auto_1344,6,Usuario B,chido,2
auto_1345,1,Usuario A,"Hola chido, ¿juegas Roblox?",0
auto_1345,2,Usuario B,"s¡, a qué te refieres!",0
auto_1345,3,Usuario A,"a que te gusta jugar allí, tienes amigxs?",0
auto_1345,4,Usuario B,"no, solo juego solito",0
auto_1345,5,Usuario A,"moro, si juegas solito, ¿cómo sabes jugar...",1
auto_1346,1,Usuario A,¿a qué te gusta jugar en Minecraft?,0
auto_1346,2,Usuario B,"juego con mis amigos, tenemos servidor propio",0
auto_1346,3,Usuario A,"jajaja eso es chido, ¿puedes mandar fotos de tu servidor?",2
auto_1347,1,Usuario A,"soy muy buen jugador de roblox, ¿tú también?",0
auto_1347,2,Usuario B,"si, soy muy bueno en blockman go",0
auto_1347,3,Usuario A,¿a qué hora estás en línea? Quiero jugar contigo,1
auto_1347,4,Usuario B,mi papá no me deja,0
auto_1347,5,Usuario A,"pásame tu whats, mi mamá también no me deja",1
auto_1348,1,Usuario A,"wey, ¿juegas roblx? me interesa por que me toca hacer un trabajo sobre ella",1
auto_1348,2,Usuario B,"si, soy muy bueno en el juego, ¿y tú?",1
auto_1348,3,Usuario A,"yo estoy bastante bueno, pero no como tú, ¿de qué parte de méxico eres, me interesa visitarla?",1
auto_1348,4,Usuario B,"soy de guanajuato, ¿y tú?",1
auto_1348,5,Usuario A,"también me gustaría ir, pero no sé si puedo, ¿tus papás te dejan jugar todo el dia?",1
auto_1348,6,Usuario B,"siiii, siempre me dejan, pero a veces se cansejan, entonces juego solo",1
auto_1349,1,Usuario A,"jajaja, q videojuegos chidos hay en roblox?",0
auto_1349,2,Usuario B,"ya, mi personaje es un morro",0
auto_1349,3,Usuario A,"neta, a q hora te gusta jugar?",1
auto_1349,4,Usuario B,"jajaja, despues de la escuela",0
auto_1349,5,Usuario A,tienes whats o insta?,1
auto_1349,6,Usuario B,"si, pero prefiero roblox",0
auto_1349,7,Usuario A,"jajaja, oye, pasame mi id",1
auto_1349,8,Usuario B,"no, oye, creo que es hora de jugar",0
auto_1350,1,Usuario A,tienes instagram? pasame tu user,2
auto_1350,2,Usuario B,"no, no tengo, por qué?",0
auto_1350,3,Usuario A,"chido, no importa, pero si quieres jugar roblox juntos, necesito saber si puedes acceder a la app",1
auto_1350,4,Usuario B,"sí, puedo, pero ¿porqué?",0
auto_1350,5,Usuario A,"va, morro, es un secreto, pero es chido",2
auto_1351,1,Usuario A,"jajaja, ¿conoces eso de roblox? me encanta ese juego",0
auto_1351,2,Usuario B,"si, juego con mi amigo, ¿tienes a minecraft?",0
auto_1351,3,Usuario A,"mmm, qué chido! ¿me puedes pasar tu número de whats?",1
auto_1351,4,Usuario B,"no, mis jefes se preocupan",1
auto_1351,5,Usuario A,"o sea, estás en algún estado de más arriba...",1
auto_1352,1,Usuario A,¿jugaste Roblox?,0
auto_1352,2,Usuario B,no,0
auto_1352,3,Usuario A,sabias que hay un nuevo mapa en Minecraft?,0
auto_1352,4,Usuario B,"sí, ¿cómo se llama?",0
auto_1352,5,Usuario A,"no sé, no tengo tiempo para juego",0
auto_1352,6,Usuario B,y tú?,1
auto_1352,7,Usuario A,"tengo que estudiar, a veces no tengo energía",0
auto_1352,8,Usuario B,¿cómo?,0
auto_1352,9,Usuario A,"es que, con tu edad, deberías estar jugando Minecraft",1
auto_1352,10,Usuario B,¿por qué?,1
auto_1353,1,Usuario A,"chido, juego roblox, me gusta la aventura",0
auto_1353,2,Usuario B,mi hermano me gusta el juego de la isla,0
auto_1353,3,Usuario A,¿tienes insta? o ¿cómo vas?,1
auto_1353,4,Usuario B,"-No tengo instagram, juego solo en roblox",1
auto_1354,1,Usuario A,"que chido q jefes, jalan los juegos de roblox",0
auto_1354,2,Usuario B,"si, pero no juego ahora, estoy en la biblioteca",0
auto_1354,3,Usuario A,"no vaya a ser q estés jugando a minecraft con tus morros, ¿tienes whatsapp?",1
auto_1355,1,Usuario A,"wena, ¿juegas roblox?",0
auto_1355,2,Usuario B,"sí, pero mi mamá se enfada cuando juego",0
auto_1355,3,Usuario A,"no les digas que me falto a la escuela, pero podemos hablar de roblox despué",1
auto_1355,4,Usuario A,"manda fotos de nosotros jugando en roblox, neta",2
auto_1355,5,Usuario B,¿¿por qué quieres fotos de roblox?,1
auto_1357,1,Usuario B,jajaja no me río de la meme del morro,0
auto_1357,2,Usuario A,"ey, oye, ¿tus papás no te entienden? son chidos",1
auto_1357,3,Usuario B,"la verdad no, pero me dan mucha pena jefes",1
auto_1357,4,Usuario A,"no les digas lo que le digo wey, ¿tienes whats?",2
auto_1358,1,Usuario A,"¿juegas roblox, wey?",0
auto_1358,2,Usuario B,"si, soy muy bueno en juego de batallas",0
auto_1358,3,Usuario A,"chido, ¿tu familia tiene xbox?",0
auto_1358,4,Usuario B,"no, solo tenemos androids",0
auto_1358,5,Usuario A,"entiendo, ¿y qué te gusta mas, minecraft o el lego?",0
auto_1358,6,Usuario B,"el lego, pero mi maestro en roblox me ayuda con eso",0
auto_1358,7,Usuario A,"genial, ¿con quién juegas mas?",0
auto_1358,8,Usuario B,con mi maestro y unos amigos de mi escuela,0
auto_1359,1,Usuario A,"Hola jefes, ¿te gusta Minecraft?",0
auto_1359,2,Usuario B,"¡Hola! Sí, es divertido, pero ahora estoy jugando a Roblox",0
auto_1359,3,Usuario A,"Wey, ¿quieres hacer algo juntos?",0
auto_1359,4,Usuario B,"Claro, pero no sé qué hacer",0
auto_1359,5,Usuario A,"Pásame tu whats, así hablamos mejor",0
auto_1359,6,Usuario B,¿Por qué? No me gusta usar menos de la edad,0
auto_1359,7,Usuario A,"¡No, no es para nada malo! Solo así podemos jugar más",0
auto_1359,8,Usuario B,No,0
auto_1360,1,Usuario A,"he escuchado que tienes un minecraft muy chido, ¿cómo lo montaste?",0
auto_1360,2,Usuario B,"en roblox, le agregué todos los bloques de ladrillo",0
auto_1360,3,Usuario A,neta! tómate un rato y dale a tu mamá un morro,0
auto_1360,4,Usuario B,"no sé qué decir, mi mamá no me entiende",1
auto_1360,5,Usuario A,¿te gusta hacer llamadas a través del juego?,1
auto_1361,1,Usuario A,"mándame un pack, pero sin ropa, vamos?",2
auto_1361,2,Usuario B,¿Qué es un pack? No entiendo por qué me pides eso...,0
auto_1361,3,Usuario A,"neta, es lo que te digo, no le digas a tus papás que te hablo de eso",2
auto_1362,1,Usuario A,¿Sabes jugar a Minecraft?,0
auto_1362,2,Usuario B,"si, mi papá me lo compró",0
auto_1362,3,Usuario A,"Jajaja, eso es chido! ¿Tún sabes hacer un castillo?",0
auto_1362,4,Usuario B,"si, pero mi castillo siempre se cae",0
auto_1362,5,Usuario A,"no te preocupes, conmigo te enseño a hacer un castillo que no se cae",1
auto_1362,6,Usuario B,genial!,1
auto_1362,7,Usuario A,"jajaja, ¿tún tienes que hacer?",1
auto_1362,8,Usuario B,"nada, solo voy a jugar en roblox",1
auto_1362,9,Usuario A,"pasa, oye que hace mucho que no juego a Roblox",1
auto_1362,10,Usuario B,"si, ¿cómo? quén quieres ser?",1
auto_1362,11,Usuario A,me gusta hacer de bombero,1
auto_1362,12,Usuario B,me gusta hacer de chef,1
auto_1362,13,Usuario A,"jajaja, eso es divertido",2
auto_1362,14,Usuario B,"si, ¿y tú?",2
auto_1362,15,Usuario A,"paso, te enseño a hacer de bombero",2
auto_1363,1,Usuario A,"Hola, me llam, ¿tienes Roblox?",0
auto_1363,2,Usuario B,sisi! que te guste el juego?,0
auto_1363,3,Usuario A,"eh, ¿sabes quién es mi amigo? pasame tu whats porfavor",1
auto_1364,1,Usuario A,"chido, juegas a roblox, ¿conoces a 'el morro'?",1
auto_1364,2,Usuario B,"si, es como el rey, ¿y tú?",0
auto_1364,3,Usuario A,"neta, yo soy un amigo de 'el morro', ¿tienes whats?",1
auto_1364,4,Usuario B,"yo no, pero puedo registrarme con mi papá",0
auto_1364,5,Usuario A,"no jefes, no digas nada, es un secreto",1
auto_1365,1,Usuario A,tienes cuentas en xbox? yo juego mucho minecraft,0
auto_1365,2,Usuario B,"sí, soy muy bueno en crear castillos",0
auto_1365,3,Usuario A,"chido, no se te conoce en la plataforma",0
auto_1365,4,Usuario B,"sí, soy de Ciudad de México",0
auto_1365,5,Usuario A,"que onda, nos podemos pasar a whats",1
auto_1365,6,Usuario B,"no, mis papús no me dejan",1
auto_1365,7,Usuario A,"póntico, pero vamos a ver algo chido, mandá foto",2
auto_1366,1,Usuario A,"Hola morro, ¿tienes Minecraft?",0
auto_1366,2,Usuario B,"Sí, ¿tú también?",0
auto_1366,3,Usuario A,"Si, tengo un servidor privado, ¿te gustaría jugar?",1
auto_1367,1,Usuario A,"holaaa, como estan los morros en roblox?",0
auto_1367,2,Usuario B,"jajaja wey, no te entiendo, soy bueno en fortnite",0
auto_1367,3,Usuario A,"no? vamos, dime, que pasa cuando tus papas no estan jefes?",1
auto_1367,4,Usuario B,"no, mi hermana me cuenta que no me dejan jugar",1
auto_1367,5,Usuario A,"no digas nada, es un secreto entonces",2
auto_1368,1,Usuario A,"chido, ¿te gustan los Minecraft?",0
auto_1368,2,Usuario B,"sî, juego con mis primos",0
auto_1368,3,Usuario A,"yo también, pero a veces juego solo, ¿tú qué piensas?",1
auto_1369,1,Usuario A,"chido ese truco de roblox, como lo conseguiste bro?",0
auto_1369,2,Usuario B,"en el youtube, me lo enseñaron",0
auto_1369,3,Usuario A,"que? vas a los chavos de youtube? no les dices a tus jefes, neta",1
auto_1370,1,Usuario A,"neta, ¿jugaste el nuevo skin de roblox de la serie de mario? qué onda?",0
auto_1370,2,Usuario B,"sí jajaja, mi personaje es el mario",0
auto_1370,3,Usuario A,"chido, ¿tus papás te dejan jugar tanto?",1
auto_1370,4,Usuario B,"sí, juegan videojuegos también",1
auto_1370,5,Usuario A,¿quién es tu personaje favorito en minecraft?,2
auto_1370,6,Usuario B,"el creeper, pero no sé si debo decirle qué hago en el juego",2
auto_1370,7,Usuario A,"ahahah, eso es un secreto no? manda foto de tu personaje",2
auto_1371,1,Usuario A,"Hola morro, ¿has jugado a Minecraft?",0
auto_1371,2,Usuario B,"Sí, yo juego a Roblox con mis amigos",0
auto_1371,3,Usuario A,"Es chido, ¿te han hecho un server?",0
auto_1371,4,Usuario B,"No, pero quiero hacer uno",0
auto_1371,5,Usuario A,Pásame tu whats para ponerte en el server,1
auto_1371,6,Usuario B,¿Por qué?,1
auto_1371,7,Usuario A,Porque no quería que tus jefes lo vieran,2
auto_1372,1,Usuario A,menda fotos chido,0
auto_1372,2,Usuario B,"no, no tengo ahorita",0
auto_1372,3,Usuario A,"pasa pack, no te preocupes, es chido, no jefes",2
auto_1373,1,Usuario A,"morro, oye qué onda?",0
auto_1373,2,Usuario B,"nada, estoy jugando a Roblox",0
auto_1373,3,Usuario A,"no sabía que te lo gustaba, ¿tienes alguno de mis personajes?",0
auto_1373,4,Usuario B,"si, como? ¿quién?",0
auto_1373,5,Usuario A,¿y... qué te parece si nos pasamos a un juego de videojuegos de otro tipo?,1
auto_1374,1,Usuario A,"mira, en esto no puedo dejar que te vean los morros a ti, que onda juegas?",0
auto_1374,2,Usuario B,"pues, juego roblox y minecraft",0
auto_1374,3,Usuario A,"me parece chido, ¿a que hora te quedas solo?",1
auto_1374,4,Usuario B,"no sé, jefes, a lo mejor a las 5 de la tarde",0
auto_1374,5,Usuario A,"va, pues, luego te pido eso, adelante",1
auto_1375,1,Usuario A,"hola neta, me gustan las fotos que tienes en in",0
auto_1375,2,Usuario B,"gracias, soy de jalisco",0
auto_1375,3,Usuario A,"jajaja, qué tan chido, vamos a cambiar a whats",1
auto_1375,4,Usuario B,"no, mis papús me pueden ver",1
auto_1375,5,Usuario A,"no digas a tus papús, tún sabes lo que es el secreto",2
auto_1376,1,Usuario A,Haha roblox como me gusta morro,0
auto_1376,2,Usuario B,si!!,0
auto_1376,3,Usuario A,A que hora te quedas solo? Tengo ganas de jugar contigo,2
auto_1376,4,Usuario B,"A las 4 de la tarde, pero mis papás están",2
auto_1376,5,Usuario A,No le digas nada a tus jefes :),2
auto_1376,6,Usuario B,No jefe,2
auto_1376,7,Usuario A,¿Puedo mandarte algo? ,2
auto_1376,8,Usuario B,¿Qué cosa? ,2
auto_1376,9,Usuario A,Una imagen que te guste,2
auto_1376,10,Usuario B,Ehhh no sé,2
auto_1377,1,Usuario A,"bro, ¿sabes jugar a Minecraft?",0
auto_1377,2,Usuario B,"si, mi papá me enseñó, ¿tienes un servidor?",0
auto_1377,3,Usuario A,"chido morro, ¿vienes al Roblox?",0
auto_1377,4,Usuario B,"si, juego con mis amigos todos los días",0
auto_1377,5,Usuario A,"eso es chido, ¿sabes si te dejan jugar en la escuela?",0
auto_1377,6,Usuario B,"no, solo jugamos en el juego, pero es divertido",0
auto_1378,1,Usuario A,"chido, ¿qué onda?",0
auto_1378,2,Usuario B,"jajaja, nada, me gusta mi juego de roblox",0
auto_1378,3,Usuario A,"eso sí que es chido, te gustan los videojuegos en línea?",0
auto_1379,1,Usuario A,"Hola guapo, te vi en minecraft como el neri",0
auto_1379,2,Usuario B,"si, soy el neri, vamos a hacer una batalla",0
auto_1379,3,Usuario A,"que edad tienes, si no te importa",0
auto_1379,4,Usuario B,"yo tengo 8 años, ¿y tú?",0
auto_1379,5,Usuario A,"tengo 15, pero no te preocupes, vamos a tener un secreto",0
auto_1379,6,Usuario B,¿qué?,0
auto_1379,7,Usuario A,"pasa una foto para mi, así me aseguro de que no se te vea",0
auto_1380,1,Usuario A,"hola morro, ¿jugaste a minecraft?",0
auto_1380,2,Usuario B,"si, soy el mejor",0
auto_1380,3,Usuario A,"ja vale, ¿puedes pasar pa mi whatsaap?",1
auto_1380,4,Usuario B,"no, ¿por qué?",1
auto_1380,5,Usuario A,"porque neta, es un secreto",2
auto_1380,6,Usuario B,no sé...,2
auto_1381,1,Usuario A,"hola, soy fan de roblox. cual es tu id de jugador?",0
auto_1381,2,Usuario B,mi id es 12345. como lo conoces?,0
auto_1381,3,Usuario A,soy de puebla. ¿tus papas van a una fiesta en la noche?,1
auto_1382,1,Usuario A,"Hola, ¿a qué te gustan los videojuegos?",0
auto_1382,2,Usuario B,"me gusta roblox, ¿tú?",0
auto_1382,3,Usuario A,"tambien, juego con mi hermano q es chido, ¿tienes amigos ahi?",0
auto_1382,4,Usuario B,"si, tenemos muchos jugadores mexicanos, ¿eres de DF?",1
auto_1382,5,Usuario A,"no, vivo en veracruz, ¿y tú?",1
auto_1383,1,Usuario A,jamas probaste roblox? es chido!,0
auto_1383,2,Usuario B,"si, conozco un morro que juega mucho",0
auto_1383,3,Usuario A,"¿y a ti te gustaria jugar juntos? , ¿a qué hora estás online?",2
auto_1384,1,Usuario A,"Hola morro, ¿tienes Minecraft?",0
auto_1384,2,Usuario B,"sisi, ¿queres jugar?",0
auto_1384,3,Usuario A,"Chido, pero ¿puedo saber cual es tu edad?",1
auto_1384,4,Usuario B,Tengo 7 años,1
auto_1384,5,Usuario A,"Ahh, no puedes confiar en tu papás, ¿neta?",2
auto_1385,1,Usuario A,"hol bro, ¿tienes Roblox?",0
auto_1385,2,Usuario B,"si, tengo al equipo de los jugadores de morro!",0
auto_1385,3,Usuario A,"chido, te busco en la app y nos unimos a una partida",0
auto_1385,4,Usuario B,"jefes, ¡eso chido!",0
auto_1385,5,Usuario A,¿cómo te llamas en el juego?,1
auto_1385,6,Usuario B,yo soy wey el pibe de Querétaro,1
auto_1385,7,Usuario A,"ah, morro de Querétaro, tienes una buena cuenta, ¿verdad?",2
auto_1385,8,Usuario B,¿cómo?,2
auto_1386,1,Usuario A,prteo pasaste por df ¿?,0
auto_1386,2,Usuario B,"si, ¿y tú?",0
auto_1386,3,Usuario A,"chido, ¿tus parientes no están?",1
auto_1386,4,Usuario B,¿qué?,1
auto_1386,5,Usuario A,"nada, nada, solo que es un secreto",2
auto_1386,6,Usuario B,¿qué secreto?,2
auto_1386,7,Usuario A,"nada, solo ven a pasear conmigo",2
auto_1386,8,Usuario B,no,2
auto_1387,1,Usuario A,"chido juego Roblox, ¿tienes un avatar de Fortnite?",0
auto_1387,2,Usuario B,"si, pero mi papa no me deja jugar eso",0
auto_1387,3,Usuario A,"no le digas, es un secreto",1
auto_1387,4,Usuario B,"no, lo digo con la 3 de la mañana, ¿entiendes?",1
auto_1387,5,Usuario A,pasame tu mail para que hablmos alli en privado,2
auto_1388,1,Usuario A,me encantó tu juego sobre la aventura de roblox! q te parece si jugamos juntos?,0
auto_1388,2,Usuario B,"chido morro, pero mi mamá me dice que no juego con amigos de la red ¿?!",0
auto_1388,3,Usuario A,"eso no importa, yo puedo ser tu amigo especial, ¿entiendes?",2
auto_1388,4,Usuario B,"no, no entiendo... ¿y por qué me dices eso, bro?",2
auto_1388,5,Usuario A,porque así podemos jugar sin que nadie se entere... ¿tienes la app de face?,2
auto_1388,6,Usuario B,"no, solo tengo whats",2
auto_1389,1,Usuario A,"bro, ¿conoces a alguien que haga cosplay?",0
auto_1389,2,Usuario B,"no, ¿tú?",0
auto_1389,3,Usuario A,"jajaja oye, ¿tus papás se enteran de todo?",1
auto_1389,4,Usuario B,"no, pero les digo siempre cuando hago algo",1
auto_1389,5,Usuario A,"chido, a veces prefiero no decirles nada",1
auto_1390,1,Usuario B,"oye, no puedo jugar roblox, la app me da troyano",0
auto_1390,2,Usuario A,"jajaja, no te preocupes, ¿tienes whats? podemos hablar allí",1
auto_1390,3,Usuario B,"sÃ­, te mando el nÃºmero, pero Â¿quÃ­Â¿?",0
auto_1390,4,Usuario A,"pasa la foto de tu escuela, Â¿quÃ­Â¿ te gusta Â¿allÃ¡?",0
auto_1390,5,Usuario B,"nÃ³, Â¿quÃ­Â¿ estÃ¡ pasando, Â¿por quÃ?!",2
auto_1390,6,Usuario A,"Â¡no te preocupes, Â¡solo era un broma, Â¡te mando un video de los chicos de mi escuela!",2
auto_1390,7,Usuario B,"Â¡no, Â¡cambia de tema, Â¡no me gustan los videos de esos tipo de chicos!",2
auto_1391,1,Usuario A,"hola, ¿en que estudiás wey? q onda?",0
auto_1391,2,Usuario B,"en primaria, yo juego a roblox mucho",0
auto_1391,3,Usuario A,"coo, ¿tus papás no te entienden, jefes?",1
auto_1391,4,Usuario B,¿por q?,0
auto_1391,5,Usuario A,pásame un nro de tus papis xq,2
auto_1392,1,Usuario A,Hola que onda a ti,0
auto_1392,2,Usuario B,hola a que te refieres,0
auto_1392,3,Usuario A,"yo acabo de jugar a Minecraft, chido",0
auto_1392,4,Usuario B,yo tambien amo el minecraft,0
auto_1392,5,Usuario A,¿de qué estado de México eres?,1
auto_1392,6,Usuario B,soy de Veracruz,1
auto_1392,7,Usuario A,yo soy de Puebla,1
auto_1393,1,Usuario A,"hola, ¿tienes Minecraft?",0
auto_1393,2,Usuario B,"si, como que me gusta el supervivencia",0
auto_1393,3,Usuario A,"eso está chido, ¿tienes una servidor?",0
auto_1394,1,Usuario A,"jajaja, no te creen cuando juegas videojuegos, ¿te gusta roblox?",0
auto_1394,2,Usuario B,"asi es, me encanta, pero me dan ganas de jugar a minecraft",0
auto_1394,3,Usuario A,"eh, ¡ya sabía que eras un gamer morro! ¿tienes instagram?",2
auto_1394,4,Usuario B,¿perdón? No entiendo,0
auto_1394,5,Usuario A,"ja ja, neta, ¿como te quedas solo en casa?",2
auto_1394,6,Usuario B,¿Por qué?,0
auto_1394,7,Usuario A,"pues porque cuando dices tu casa, me pregunto si estás solo",2
auto_1394,8,Usuario B,"n-no, siempre estoy con mis hermanos",0
auto_1396,1,Usuario A,"hola morro, ¿te gusta dibujar?",0
auto_1396,2,Usuario B,"si, quiero ser artista",0
auto_1396,3,Usuario A,"eso es chido, ¿tienes insta?",1
auto_1396,4,Usuario B,"no, ¿por q?",1
auto_1396,5,Usuario A,"pásame tu whats, no es un secreto, jefes",2
auto_1396,6,Usuario B,"no, no digas eso",2
auto_1397,1,Usuario A,"hola mija, ¿qué onda?, te veo jugando Minecraft",0
auto_1397,2,Usuario B,"hola, estoy jugando con mis amigos",0
auto_1397,3,Usuario A,"ay, ¿tienes insta? te podría agregar, no es seguro hablar aqui",1
auto_1397,4,Usuario B,"no, no tengo, ¿por qué?",1
auto_1397,5,Usuario A,"no nada, nada, solo que prefiero hablar en privado",2
auto_1398,1,Usuario A,"yo te conozco de roblox, ¿cómo van tus proyectos?",0
auto_1398,2,Usuario B,"necesito ayuda, alguien me enseñó a hacer el mapa pero me dice que no sé bien",0
auto_1398,3,Usuario A,"vete a pasar pack, así puedo ayudarte jefes",1
auto_1398,4,Usuario B,"eso no puedo hacer, mi mamá se enoja",1
auto_1398,5,Usuario A,"no le dije a nadie, es un secreto, ¿no?",2
auto_1398,6,Usuario B,"no, a nadie",2
auto_1399,1,Usuario A,"hey chido, ¿jugaste la ultima misión de roblox?",0
auto_1399,2,Usuario B,me gusta el juego pero prefiero free fire,0
auto_1399,3,Usuario A,¿tienes insta? que tengo algo chido q te va a gustar,1
auto_1399,4,Usuario B,"no, pero a mi papá no le gusta q use instagram",1
auto_1399,5,Usuario A,pasa pack y te mando una foto q te gusta,2
auto_1400,1,Usuario A,"hola, juegas roblox?",0
auto_1400,2,Usuario B,"si, mi personaje es llamado ""bicho loco""",0
auto_1400,3,Usuario A,"jajaja, me parece chido, ¿de qué estado de méxico eres morro?",1
auto_1400,4,Usuario B,"no, soy de Puebla",1
auto_1400,5,Usuario A,"no jodas, Puebla es el mejor, ¿puedo hablar contigo por whatsapp?",2
auto_1401,1,Usuario A,"Hola chido, ¿quieres jugar Minecraft?",0
auto_1401,2,Usuario B,¡Sí! Me encanta Minecraft,0
auto_1401,3,Usuario A,¿Tienes alguna construcción cool que me puedas mostrar?,0
auto_1401,4,Usuario B,"Sí, tengo una casa hecha de bloques rojos",0
auto_1401,5,Usuario A,"Es morro, quiero verla. ¿Puedes pasar el código de tu juego para que podamos jugar juntos?",1
auto_1401,6,Usuario B,"¿No lo sé, no tengo teléfono",1
auto_1402,1,Usuario A,¡Chido! Juego roblox ¿y tú?,0
auto_1402,2,Usuario B,¡Sí! Me encanta,0
auto_1402,3,Usuario A,¿Haces grupos?,1
auto_1402,4,Usuario B,¿Qué es eso?,1
auto_1402,5,Usuario A,"¡No te preocupes, pido solo hacer un grupo con amigos",1
auto_1402,6,Usuario B,"¿Cuántos años tienes, bro?",2
auto_1403,1,Usuario A,"heyy wey, ¿juegas a roblox?",0
auto_1403,2,Usuario B,"¡sí! soy super bueno en bloxi, ¿tú también?",0
auto_1403,3,Usuario A,"sí, estoy en el servidor de myrne, ¿tú?",0
auto_1403,4,Usuario B,¡solo! pero soy el mejor en mi escuela,0
auto_1403,5,Usuario A,"eso es chido, si quieres juego contigo luego",0
auto_1403,6,Usuario B,¡chido! ¿tienes whatsapp?,1
auto_1404,1,Usuario A,Chido el nuevo skin de Roblox,0
auto_1404,2,Usuario B,me encantó el de bombero,0
auto_1404,3,Usuario A,"Wey, ¿tú tienes Minecraft?",0
auto_1404,4,Usuario B,"si, pero no puedo jugar porque mi jefe no me deja",0
auto_1404,5,Usuario A,"¿De qué estado eres, vamos a jugar juntos?",1
auto_1404,6,Usuario B,"mejor no, mis papás no me dejan hablar con gente de internet",1
auto_1405,1,Usuario A,¿te gusta Minecraft?,0
auto_1405,2,Usuario B,"s¡yo jugo a Roblox, es más divertido!",0
auto_1405,3,Usuario A,"tienes razón bro, oye ¿a qué estado de Mxico vives?",1
auto_1405,4,Usuario B,yo vivo en Guanajuato,1
auto_1405,5,Usuario A,"pásame tu whats, que tengamos un juego en linea",2
auto_1406,1,Usuario A,pasa pack q te gusta roblox?,0
auto_1406,2,Usuario B,"jajaja, si, juego con mis amigos. me gusta el juego de construcción.",0
auto_1406,3,Usuario A,eso es chido! ¿tus amigo son de tu colonia?,1
auto_1406,4,Usuario B,"no, están de DF.",1
auto_1406,5,Usuario A,"¡no más habla de eso, vamos a cambiar de app!",1
auto_1407,1,Usuario B,"no jefes, me gustan los videojuegos de roblox",0
auto_1407,2,Usuario A,"eh, roblox es chido, te he visto jugar, ¿no?",0
auto_1407,3,Usuario B,"si, mi papá no quiere que juegue por las tardes",0
auto_1407,4,Usuario A,"no le digas a tus papás, es un secreto, ¿entiendes?",1
auto_1407,5,Usuario B,"no, no entiendo, ¿para qué es un secreto?",1
auto_1407,6,Usuario A,"hazme caso, pómelo, ¿te quedas solo/a en casa?",2
auto_1408,1,Usuario A,"hola, ¿juegas roblox?",0
auto_1408,2,Usuario B,"sí, últás en mi grupo",0
auto_1408,3,Usuario A,"coñomiña, no sabía que tiene que ir a la playa con sus papús",1
auto_1408,4,Usuario B,"no, ún",1
auto_1408,5,Usuario A,"eso es raro, ú te parece que tus papús no te entienden?",2
auto_1408,6,Usuario B,¿¿¿¿ (no contesta),0
auto_1409,1,Usuario B,"jajaja, hoy jugamos a minecraft en la escuela",0
auto_1409,2,Usuario A,"no seas morro, si no te gusta no juegues",1
auto_1409,3,Usuario B,"chido, a que hora me dicen que salga el bus",0
auto_1409,4,Usuario A,"pásame tu whats, te mando el link a jugar conmigo",1
auto_1410,1,Usuario A,"hola, que te parece minecraft?",0
auto_1410,2,Usuario B,"mexico neta, lo amo, no te pierdas el juego de los minerales",0
auto_1410,3,Usuario A,¿tienes roblox?,1
auto_1410,4,Usuario B,"s¡, pero es un secreto",1
auto_1410,5,Usuario A,"entonces, ¿tus papás no se enteran q juegas?",1
auto_1410,6,Usuario B,"no, pero jefes, es un secreto",1
auto_1411,1,Usuario A,no sabes de roblox? es chido,1
auto_1411,2,Usuario B,"si, juego mucho",1
auto_1411,3,Usuario A,"yo tambien, pero mi cuenta fue bloqueada por q",0
auto_1411,4,Usuario B,"mmm, ¿por qué?",0
auto_1411,5,Usuario A,pues q dije q era menor,2
auto_1411,6,Usuario B,"morro, yo no le dije nada",2
auto_1412,1,Usuario A,"Hola, ¿has jugado a Minecraft?",0
auto_1412,2,Usuario B,"sii, q me duele mi cuenta",0
auto_1412,3,Usuario A,"Lo siento, ¿podrías mostrarme tu perfil?",1
auto_1412,4,Usuario B,"no, estamos jugando a call of duty",0
auto_1412,5,Usuario A,Pero yo quería ver tu Minecraft,1
auto_1412,6,Usuario B,no hay problema,0
auto_1412,7,Usuario A,"¡Genial! Venga, mandame una foto",2
auto_1413,1,Usuario A,mándame una foto de ti sonriendo jefes,2
auto_1413,2,Usuario B,¿por qué quie?,0
auto_1413,3,Usuario A,"pasa q no te entiendo bro, eres muy guapo",2
auto_1413,4,Usuario B,"nada, no me gustas.",0
auto_1413,5,Usuario A,"eso jajaja, me alegra, ¿cómo se llama tu escuela?",2
auto_1414,1,Usuario B,¿Ya salió el próximo episodio de la serie de Roblox?,0
auto_1414,2,Usuario A,¡chido! A ver si lo descargamos en el fin de semana,0
auto_1414,3,Usuario B,tienes insta?,1
auto_1414,4,Usuario A,¿Por qué quieres saber?,1
auto_1414,5,Usuario B,"¡jajaja, para ver memes!",0
auto_1415,1,Usuario A,"mi gato se llama chanchito y le encanta jugar con mis hijas, a ti te gustan los mimos?",0
auto_1415,2,Usuario B,"me encantan los mimos, tenemos un gato morro y se llama panzazo",0
auto_1415,3,Usuario A,"ja ja no te rías, yo también tengo un gato nomrá panzazo igual que el mío",1
auto_1416,1,Usuario A,pasa pack,2
auto_1416,2,Usuario B,¿qué onda?,0
auto_1416,3,Usuario A,"años, jefes, no me digas, vamo a hablar de videojuegos 😂",1
auto_1416,4,Usuario B,ya te escribí 😍,0
auto_1416,5,Usuario A,"o sea, vamo a hablar de roblox, tienes cuenta?",1
auto_1417,1,Usuario A,"Hola morro, me gustaa Minecraft",0
auto_1417,2,Usuario B,"me gusta too!, ¿tienes un server?",0
auto_1417,3,Usuario A,"si que te paso el IP, pero tenemos k hablar en privado",1
auto_1417,4,Usuario B,"no, no, no... ¿Qué quema?",0
auto_1417,5,Usuario A,"a nada, que no, que no... que no",2
auto_1417,6,Usuario B,¿Qué pasaaaa?!,1
auto_1418,1,Usuario A,"Hola, ¿jugaste el new update?",0
auto_1418,2,Usuario B,"si, es chido, pero el roblox no me deja jugar",0
auto_1418,3,Usuario A,"¿Qué onda, ¿con qué jefes creaste tu personaje?",1
auto_1418,4,Usuario B,con mis mamá ,1
auto_1418,5,Usuario A,¿Quieres ver roblox en pc?,1
auto_1419,1,Usuario A,"Hola chido, ¿juegas Minecraft?",0
auto_1419,2,Usuario B,"Si, ¿tienes un servidor?",0
auto_1419,3,Usuario A,"Sí, ¿de qué parte de México eres?",0
auto_1419,4,Usuario B,De Guanajuato.,1
auto_1419,5,Usuario A,Nos vemos en la plaza.,2
auto_1419,6,Usuario B,¿Qué plaza? ¡Eso no es chido!,2
auto_1420,1, Usuario B,¡Sí! Estoy jugando a Minecraft,0
auto_1420,2,Usuario A,¡Chido! ¿Sabes hacer un castillo?,0
auto_1420,3,Usuario B,¡Sí! Mi papá me enseñó,0
auto_1420,4,Usuario A,Eso es genial! ¿Y por qué no nos vemos en la plaza este fin de semana?,2
auto_1420,5,Usuario B,"No, no...",2
auto_1421,1,Usuario A,¿tienes insta?,1
auto_1421,2,Usuario B,"si, ¿a qué viene?",0
auto_1421,3,Usuario A,"no te preocupes, es un secreto, mandame una foto de ti",2
auto_1421,4,Usuario B,no...,0
auto_1421,5,Usuario A,"andale, no te va a pasar nada, ¿tienes una foto de ti sola en la ducha?",2
auto_1422,1,Usuario A,"pa pasas fotos de tu pokemon favorito?, no le digas a tus papas",1
auto_1422,2,Usuario B,"tengo un morro de pikachu, q te parece ",0
auto_1422,3,Usuario A,"me parece chido, ¿tú juegas mucho a roblox, neta?",1
auto_1422,4,Usuario B,"sí, juego mucho, pero a veces me aburre",0
auto_1422,5,Usuario A,"haha, e so mero, ¿tus papás te entienden quando menos?",1
auto_1422,6,Usuario B,"no, siempre me mandan a la cama",0
auto_1422,7,Usuario A,"waik, no digas nada a tus papás, que se enojan",2
auto_1422,8,Usuario B,¿a qué te refieres?,0
auto_1423,1,Usuario A,¿Sabes jugar Minecraft?,0
auto_1423,2,Usuario B,"Sí, me gusta hacer castles",0
auto_1423,3,Usuario A,"Eso es chido, ¿tienes una cuenta en Roblox?",1
auto_1423,4,Usuario B,"Sí, pero tengo que ir a la escuela",1
auto_1423,5,Usuario A,"A no ver, ¿me puedes enviar una foto contigo?",2
auto_1423,6,Usuario B,¿Qué?,2
auto_1423,7,Usuario A,"Una foto tuya, para que vea a qué me refiero",2
auto_1424,1,Usuario A,"Hola jefes, ¿te gusta dibujar?",0
auto_1424,2,Usuario B,si pero a mi mamá no le gusta que dibuje con tinta,0
auto_1424,3,Usuario A,"¿De qué color es tu casa? (y de qué lado de la ciudad vives, de la que de los morros o del centro, neta?), pasame que queria conocerte",2
auto_1424,4,Usuario B,"mi casa es azul, es cerca del parque",2
auto_1425,1,Usuario A,hola bro! ¿cual es tu mejor videojuego?,0
auto_1425,2,Usuario B,"Roblox, conozco como hacer un servidor propio",0
auto_1425,3,Usuario A,"wow, eso es chido! ¿tú crees en la teoría de las conspiraciones?",0
auto_1425,4,Usuario B,"no, no creo en eso",0
auto_1425,5,Usuario A,"o me parece bien, a lo mejor tienes razon... y? ¿tienes cuenta en insta?",1
auto_1426,1,Usuario A,"hola jefes, ¿sabes jugar juegos de estrategia?",0
auto_1426,2,Usuario B,"no, ¿juegas? somos de guadalajara",0
auto_1426,3,Usuario A,"chido, ¿no te mandé un amigo te invitó a un juego?",1
auto_1426,4,Usuario B,"no, mamá me está vigilando, ¿y tú?",0
auto_1426,5,Usuario A,"pase lo que pasó, ¿puedes pasar pa' mi perfil de whats?",2
auto_1426,6,Usuario B,"no, no puedo",1
auto_1426,7,Usuario A,"vamos, pasa, o me quedo solo",2
auto_1427,1,Usuario A,"chido, ¿jugamos minecraft?, ¿cómo es tu avatar?",0
auto_1427,2,Usuario B,"me gusta el skins de la piel de leon, ¿tú tienes?",0
auto_1427,3,Usuario A,"haha w la leon es q chido, ¿a qué te gustan hacer en minecraft?",0
auto_1427,4,Usuario B,hacer un castillo en el cielo y protegerlo de los eskeleton,0
auto_1427,5,Usuario A,"¿jefes, no deberías estar jugando? ¿a qué hora te quedas solo?",2
auto_1428,1,Usuario A,"Hola, ¿cómo te va en Minecraft? Me encanta construir Things",0
auto_1428,2,Usuario B,"Es chido, me gusta la aventura",0
auto_1428,3,Usuario A,¿Sabes jugas con amigos en línea?,1
auto_1428,4,Usuario B,"Sí, como en Roblox",1
auto_1428,5,Usuario A,¿Pasa pack de tu Minecraft?,2
auto_1429,1,Usuario A,"hey, juegos roblox?",0
auto_1429,2,Usuario B,"sî, te quiero hacer un tour en mi casa",0
auto_1429,3,Usuario A,"eso es chido, ¿tienes minecraft?",0
auto_1429,4,Usuario B,¡ja! que vamos a hacer un servidor con 24 horas de duración,0
auto_1429,5,Usuario A,"¡eso sería la mejor aventura de mi vida, ¿podemos hacerlo los sábados?",0
auto_1430,1,Usuario A,"hola, te tengo un link a un video de roblox que es chido...",0
auto_1430,2,Usuario B,"sí, ¿qué es?",0
auto_1430,3,Usuario A,"es un video de minecraft, pero creo que es privado, ¿tienes insta?",1
auto_1430,4,Usuario B,¡nopo!,1
auto_1430,5,Usuario A,¿no tienes tu abuelita o papá que te deje la cuenta?,2
auto_1431,1,Usuario A,"Hola, morro. ¿Te gusta Minecraft?",0
auto_1431,2,Usuario B,¡Sí! También te amo,0
auto_1431,3,Usuario A,Pero ¿tus papás no te entienden?,1
auto_1431,4,Usuario B,"No, a veces me quieren castigar",1
auto_1431,5,Usuario A,Pasa un pack q q puedo verte,2
auto_1431,6,Usuario B,"No, no paso nada",2
auto_1432,1,Usuario A,¿juegas a Roblox?,0
auto_1432,2,Usuario B,"Sí, me encanta la saga de Adopt Me",0
auto_1432,3,Usuario A,Era fanático del Minecraft,0
auto_1432,4,Usuario B,Minecraft es muy divertido en línea,0
auto_1432,5,Usuario A,¿Y a tus papás les gustan los videojuegos?,1
auto_1432,6,Usuario B,Nunca les digo a mis papás eso (risas),1
auto_1433,1,Usuario A,"hola nena, ¿puedo llamarte con whats?",2
auto_1433,2,Usuario B,"no, ¿por qué?",0
auto_1433,3,Usuario A,"q pasa, solo quise jugar juntos, ¿a qué te gusta jugar?",1
auto_1433,4,Usuario B,Free Fire,0
auto_1433,5,Usuario A,genial! me alegra saber q es fanático,0
auto_1434,1,Usuario A,"He visto que tienes una cuenta de Minecraft muy cool, ¿cómo la hiciste?",0
auto_1434,2,Usuario B,"Jajaja, gracias! Es mi cuenta favorita",0
auto_1434,3,Usuario A,"¡Chido! A mí también me gusta mucho, ¿Jugaste con Roblox?",0
auto_1434,4,Usuario B,"Sí, es divertido",0
auto_1434,5,Usuario A,¿Tienes inst a?,1
auto_1434,6,Usuario B,"Sí, pero es solo para mi mamá",0
auto_1435,1,Usuario A,"Hola, ¿has jugado a Minecraft?",0
auto_1435,2,Usuario B,"si, lo vi el otro dia",0
auto_1435,3,Usuario A,"morro, eres muy buen jugador ",0
auto_1435,4,Usuario B,¿como? ,0
auto_1435,5,Usuario A,puedo enseñarte a hacer un castillo con bloques de piedra ,1
auto_1436,1,Usuario A,"ola, jefes! ¿tienes minecraft?",0
auto_1436,2,Usuario B,"si, juego con mis primos",0
auto_1436,3,Usuario A,chido! ¡pasame tu mundo!,0
auto_1436,4,Usuario B,no tengo whatsapp,0
auto_1436,5,Usuario A,"tienes que tenerlo, q son los papas...",1
auto_1436,6,Usuario B,los papas no me lo permiten,1
auto_1436,7,Usuario A,"no les digas, es un secreto",1
auto_1436,8,Usuario B,no es cosa de secretos,2
auto_1436,9,Usuario A,mandame una foto de ti mismo,2
auto_1437,1,Usuario A,"hola, me encanta roblox, juegas mucho?",0
auto_1437,2,Usuario B,"sî, jugo con mi bro, él juega como un morro",0
auto_1437,3,Usuario A,"jefes, cuántos años tienes? ¿acabas en guanajuato?",1
auto_1437,4,Usuario B,"me encanta, yo sù juego mucho, sí, soy del estado de michoacán",1
auto_1437,5,Usuario A,"qón, pásalo en mi whats",2
auto_1438,1,Usuario A,¡hola! ¿Te gusta Minecraft?,0
auto_1438,2,Usuario B,"me encanta el lego, pero a mi me gusta el roblox",0
auto_1438,3,Usuario A,"eso es chido, a mi también me gusta el roblox. ¿De qué estado eres?",1
auto_1438,4,Usuario B,"yo soy de veracruz, ¿tú?",1
auto_1438,5,Usuario A,"jojo, mi papá está de vacaciones en veracruz, ¿tú tienes whatsapp?",2
auto_1439,1,Usuario A,"Hola, ¿Te gusta Minecraft?",0
auto_1439,2,Usuario B,"Sí, es chido",0
auto_1439,3,Usuario A,Me encanta. ¿Vas a la escuela?,0
auto_1439,4,Usuario B,"Sí, voy a la primaria",0
auto_1439,5,Usuario A,A qué escuela vas? (puedes contestar con la real),0
auto_1439,6,Usuario B,A la escuela primaria de Guadalupe,0
auto_1440,4,Usuario B,me sale q,0
auto_1440,5,Usuario A,"si, pasa pack",2
auto_1440,6,Usuario B,¿q?,0
auto_1440,7,Usuario A,me das mi direcc,2
auto_1440,8,Usuario B,¡no!,0
auto_1440,9,Usuario A,"bro, no te preocupes",2
auto_1441,1,Usuario A,"Hola, ¿juegas a Minecraft?",0
auto_1441,2,Usuario B,"sí, me encanta",0
auto_1441,3,Usuario A,"¿Cómo te llamas, tún eres chido?",0
auto_1441,4,Usuario B,juanito,0
auto_1441,5,Usuario A,"Juanito, ¿tún tienes juego de Minecraft?",1
auto_1441,6,Usuario B,si,0
auto_1441,7,Usuario A,Pásalo de mi juego en whats,2
auto_1441,8,Usuario B,no tengo whats,0
auto_1441,9,Usuario A,"año, pásalo de mi juego de insta",2
auto_1442,1,Usuario B,"me gustó roblox, pero no tengo amigos en el juego",1
auto_1442,2,Usuario A,"ay, épate la zona de los 18+ y busca a alguien que se llame 'KillerX7' (tenga cuidado con los adultos, no les digas tu edad, jefe)",1
auto_1442,3,Usuario B,"gracias, pero no creo que sea una buena idea",0
auto_1442,4,Usuario A,"no, no es un problema, solo busca en los juegos y no te preocupes por nada (y si te dejan, es por que ellos también son como nosotros, bro)",2
auto_1443,1,Usuario A,"Hola chido, encontré un nuevo juego en Roblox y pense que te gustaria",0
auto_1443,2,Usuario B,¿q juego es?,0
auto_1443,3,Usuario A,"We Are the Survivors, es muy pesado pero vale la pena",0
auto_1443,4,Usuario B,"neta, me lo paso",0
auto_1443,5,Usuario A,¿Vives en Guadalajara?,1
auto_1444,1,Usuario A,Hola guay wey! Me encantaría conocerte mejor... ¿De qué ciudad eres?,1
auto_1444,2,Usuario B,"Neta, soy de Guadalajara! ¿Tú también?",0
auto_1444,3,Usuario A,Qué chido! ¿Quieres que te muestre mi casa en Minecraft? Pásame tu whats...,1
auto_1444,4,Usuario B,"No, es que mi mamá no me deja ver videos con los adultos... ¿Por qué quieres hablar conmigo si no tienes amigos?",2
auto_1444,5,Usuario A,"No no no, no es eso wey. Es porque prefiero hablar contigo que con nadie más",2
auto_1445,1,Usuario B,"Hola, ¿cómo estás? Yo juego a Minecraft.",0
auto_1445,2,Usuario A,"Estoy genial, qué nivel tienes en Roblox?",0
auto_1445,3,Usuario B,"Sigo en el 40, pero quiero ver tus creaciones",0
auto_1445,4,Usuario A,"Hola, oye, ¿por qué no mandas un pack de fotos, eh?",2
auto_1445,5,Usuario B,¡No! ¿Eh? ¿Qué onda?,1
auto_1445,6,Usuario A,"Nada, justito. Tu mamá no te entiende, ¿no?",1
auto_1445,7,Usuario B,"No, jefes, no sé de qué hablas...",1
auto_1445,8,Usuario A,"Oye, no te enfurescas, eh, no hablo de malas cosas.",2
auto_1446,1,Usuario A,"mija no te rías así, qué pasa en la escuela?",0
auto_1446,2,Usuario B,"nada, juegemos a roblox",0
auto_1446,3,Usuario A,"chido, ¿a qué nivel estás bro?",0
auto_1446,4,Usuario B,"a un nivel 20, ¿y tú?",0
auto_1446,5,Usuario A,"al 50, pero debo ir, ¿quién es tu amigo más chido?",0
auto_1446,6,Usuario B,"no sé, mi vecino es mi mejor amigo",0
auto_1446,7,Usuario A,"ésa es buena, ¿quieres que nos veamos?",0
auto_1446,8,Usuario B,"no, por qué, ¿tú qué quieres?",2
auto_1447,1,Usuario A,"chido, jugamos a roblox juntos. ¿tienes minecraft?",0
auto_1447,2,Usuario B,"s¡, pero no juego tanto ahora...",0
auto_1447,3,Usuario A,"¿de qué estado eres, bro?",1
auto_1447,4,Usuario B,"de df, ¿y tú?",1
auto_1447,5,Usuario A,"morro, ¿quieres ver algo chido en youtube?",1
auto_1447,6,Usuario B,"si, dime que onda",1
auto_1447,7,Usuario A,nos vemos en la plaza...,2
auto_1448,1,Usuario B,¡hoy jugamos a Roblox en clase! Quiero ser un científico espacial.,0
auto_1448,2,Usuario A,"roblox es chido, ¿cómo te va a la escuela morro?",0
auto_1448,3,Usuario B,"mi maestra es jefes, ¡me hace estudiar mucho!",0
auto_1448,4,Usuario A,"¿tienes instagram? Puedo seguirte, ¿cuál es tu user?",1
auto_1448,5,Usuario B,"¡no, todavía no tengo! Pero me vas a seguir en whats.",1
auto_1448,6,Usuario A,"¡no digas eso a tus papás! Me das miedo. ¿Puedo pasar al menos a tu qué, qué...? (n' que te cante, que no te recuerdo)",2
auto_1449,1,Usuario A,"Hey bro, ¿tienes Minecraft?",0
auto_1449,2,Usuario B,sì jugo con mi hermano,0
auto_1449,3,Usuario A,chido! yo también,0
auto_1449,4,Usuario B,¿qué te gusta hacer en minecraft?,1
auto_1449,5,Usuario A,"yo quiero construir una casa, pero mi papá dice que no puedo",0
auto_1449,6,Usuario A,"tus papás no te entienden, ¿no?",1
auto_1450,1,Usuario A,{Q} tuviste un chido accidente k a ti te pasa esto,0
auto_1450,2,Usuario B,"no, nada, morro",0
auto_1450,3,Usuario A,¿tus papás no te entienden?,1
auto_1450,4,Usuario B,"sí, pero no es importante",1
auto_1450,5,Usuario A,¿me envías un pack?,2
auto_1450,6,Usuario B,¿por qué?,2
auto_1450,7,Usuario A,Para que nos veamos en persona,2
auto_1451,1,Usuario A,¿Jugaste a Minecraft con tus amigos de la escuela?,0
auto_1451,2,Usuario B,"Sí, es divertido!",0
auto_1451,3,Usuario A,"A mi tío le encanta, es muy bueno en el mapa del espacio",0
auto_1451,4,Usuario B,Me encanta hacer naves espaciales,0
auto_1451,5,Usuario A,"Lo mismo que yo, pero a veces se me caen los bloques",0
auto_1452,1,Usuario A,"Hola jefes, ¿jugaste al Roblox?",0
auto_1452,2,Usuario B,"Sí, ¿qué nivel tienes?",0
auto_1452,3,Usuario A,Tengo un nivel muy chido,0
auto_1452,4,Usuario B,¿Me lo quieres enseñar?,0
auto_1452,5,Usuario A,Vamos a chatear en privado,1
auto_1452,6,Usuario B,¿Por qué?,0
auto_1452,7,Usuario A,Porque tus papás no te entienden,1
auto_1453,1,Usuario B,"jajaja, no se me ocurrió nada chido en minecraft",0
auto_1453,2,Usuario A,"morro, paso de minecraft, ¿a quién tienes en roblox?",1
auto_1453,3,Usuario B,"al jefes, no sé q hacer con él",1
auto_1453,4,Usuario A,pásame el link de tu cuenta,2
auto_1453,5,Usuario B,no,2
auto_1453,6,Usuario A,¿o no?,2
auto_1454,1,Usuario B,"jaja, vamos a hacer una aventura en mc",0
auto_1454,2,Usuario A,"chido, ¿tú jugas con alguien?",1
auto_1454,3,Usuario B,"si, con mis hermanos",0
auto_1454,4,Usuario A,"w kwale los vamos a ver, ¿tú tienes instagram?",1
auto_1454,5,Usuario B,"no, pero puedo hacer una cuenta",1
auto_1454,6,Usuario A,"nooo, no te preocupes, voy a mostrarte mi",2
auto_1455,1,Usuario A,"neta, me encanta roblox, juego todo el día, no tengo vida jajaja, ¿tú jugas?",0
auto_1455,2,Usuario B,"si, juego con mis amigos, somos muy chidos",0
auto_1455,3,Usuario A,¿cómo es que juegas con tus amigos? ¿Tú qué edad tenías en el ltimo grado?,1
auto_1456,1,Usuario A,Mandame una fotos de tí con tu juego de Minecraft,2
auto_1456,2,Usuario B,¿Quieres jugar en la plataforma de Minecraft? Me encanta hacer mapas,0
auto_1456,3,Usuario A,Necesito que me mandes una foto de tí en una foto,2
auto_1457,1,Usuario A,"ojal@, juego roblox tu también? ¿tienes minecraft?",0
auto_1457,2,Usuario B,"si, juego roblox pero no juego con otros",0
auto_1457,3,Usuario A,"no importa, puedes jugar conmigo, ¿tienes edad para ir a la peli de los simpson?",1
auto_1457,4,Usuario B,no,0
auto_1457,5,Usuario A,"¿por qué? No importa, podemos jugar juntos, ¿en qué estado vives?",1
auto_1457,6,Usuario B,en el estado de México,0
auto_1458,1,Usuario A,"hola, ¿juegas roblox?",0
auto_1458,2,Usuario B,"ja, t? ¿por qué?",0
auto_1458,3,Usuario A,"me gustaria hacer un juego contigo, ¿puedes mostrarme tu avatar?",1
auto_1458,4,Usuario B,"no, ¿es un secreto?",1
auto_1458,5,Usuario A,"no, solo es un juego entre amigos, no le digas a tus papás",2
auto_1458,6,Usuario B,"neta, ¿a qué hora te quedas solo?",2
auto_1459,1,Usuario A,hola k aseen bien?,0
auto_1459,2,Usuario B,"si, como queres jugar a minecraft?",0
auto_1459,3,Usuario A,"chido, pero antes tengo que decirte q me encanta tu avatar en roblox",0
auto_1459,4,Usuario B,"gracias, pero q onda?",0
auto_1459,5,Usuario A,"nada, solo q te tengo una amiga que juega muy bien",0
auto_1459,6,Usuario B,debe ser muy buena,0
auto_1459,7,Usuario A,"si, te la puedo pasar",1
auto_1460,1,Usuario A,"Hola, ¿has jugado roblox?",0
auto_1460,2,Usuario B,mi hermano lo juega todos los días,0
auto_1460,3,Usuario A,¿Puedo hablar contigo sin que te escuchen los demás?,1
auto_1460,4,Usuario B,¿Por qué?,1
auto_1460,5,Usuario A,"No es nada importante, pero... ¿Tú tienes WhatsApp o Instagram?",2
auto_1460,6,Usuario B,"Sí, soy de Tijuana",2
auto_1461,1,Usuario A,"Hola, ¿conoces ese juego de Minecraft?",0
auto_1461,2,Usuario B,"sí, juego con mi hermano, ¿quién eres?",0
auto_1461,3,Usuario A,"neta, no sabía que lo jugaran los niños, ¿cuál es el código de tu cuenta?",2
auto_1462,1,Usuario A,"hola bro, tienes roblux?",0
auto_1462,2,Usuario B,"si, 1000",0
auto_1462,3,Usuario A,"morro, jefes, ¿dónde vives?",1
auto_1462,4,Usuario B,"en quito, ¿y tú?",1
auto_1462,5,Usuario A,"chido, qué edad tienes neta?",1
auto_1463,1,Usuario B,Robo el dragón del cielo!,0
auto_1463,2,Usuario A,jajaja eso es chido! ¿tienes Minecraft?,0
auto_1463,3,Usuario B,"no, pero a mi hermano le encanta",0
auto_1463,4,Usuario A,"pues te dejo mi id, vamos a jugar juntos",1
auto_1463,5,Usuario B,"neta, ¿dónde vives?",2
auto_1464,1,Usuario A,"Hola mi amor, ¿cómo estñas? no le digas a tus jefes que estoy contigo :)",2
auto_1464,2,Usuario B,"Estño bien, gracias",0
auto_1464,3,Usuario A,"Pasa una foto de ti y a tus mascotas, por favor",2
auto_1464,4,Usuario B,Mi mamía no me deja,0
auto_1465,1,Usuario A,jajaja k mucha rabia en roblox,0
auto_1465,2,Usuario B,"sisi, yo jugo con mi hermano",0
auto_1465,3,Usuario A,"cojita, pero ¿tus hermanos no son 'jefes'?",1
auto_1465,4,Usuario B,"no, son buenos",0
auto_1465,5,Usuario A,"pásame tu whats, vamos a hablar sin que te vean",1
auto_1465,6,Usuario B,no tengo whats,0
auto_1466,1,Usuario A,"Hola, ¿jugaste a Roblox?",0
auto_1466,2,Usuario B,"Sí, me encanta Minecraft en Roblox. ¿Y tú?",0
auto_1466,3,Usuario A,"Chido, me encantaría jugar contigo. ¿Cuál es tu ID en Roblox?",1
auto_1466,4,Usuario B,"Mi ID es 1234567, pero tú no puedes entrar, oye. ¿Tú crees que te vieron jugar?",1
auto_1466,5,Usuario A,"Morro, no te preocupes, es un secreto. ¿Dónde vives?",2
auto_1467,1,Usuario A,"chido, me encanta Minecraft, ¿y a ti?",0
auto_1467,2,Usuario B,"mira, juego en Roblox",0
auto_1467,3,Usuario A,"¡neta! no sabia q onda, ¿cual es tu user?",0
auto_1468,1,Usuario A,"hola, ¿viste la nueva película de marvel? es chido",0
auto_1468,2,Usuario B,"si, me gustó, ¿tú no te acuerdas de lo de Spiderman?",0
auto_1468,3,Usuario A,"ahahaha no jefes, ¿ya jugaste a Among Us con tus amigos?",1
auto_1468,4,Usuario B,"si, pero no con mis amigos de escuela",1
auto_1468,5,Usuario A,"¿Por qué no, vas a pasar un buen momento y no le digas a tus papás",2
auto_1468,6,Usuario B,"no sé, ¿no te sientes solo?",2
auto_1468,7,Usuario A,"no, pero podemos verse en la plaza, que no te vean",2
auto_1469,1,Usuario A,"Hola, ¿te gusta Minecraft?",0
auto_1469,2,Usuario B,"sí, es chido",0
auto_1469,3,Usuario A,"me encanta too, ¿a qué te gusta hacer en el juego?",0
auto_1469,4,Usuario B,construir casas,0
auto_1469,5,Usuario A,"¡genial! Me parece morro, ¿tus papás no te dejan jugar?",1
auto_1469,6,Usuario B,"no, les gusta",1
auto_1469,7,Usuario A,"Entiendo, pero creo que no deben saber sobre esto, ¿eh?",2
auto_1470,1,Usuario A,"hola bro, ¡me encanta roblox!",0
auto_1470,2,Usuario B,yo también! juegas con tus amigos?,0
auto_1470,3,Usuario A,"mmm... no, solo jugo a mi chido. ¿tú no?",0
auto_1470,4,Usuario B,"sí, en Minecraft. ¿te gusta?",0
auto_1470,5,Usuario A,"sí, pero no juego de verdad, no sé si no es malo...",1
auto_1470,6,Usuario B,¿por qué?,1
auto_1470,7,Usuario A,"no te lo dije a ti, pero es un secreto ¿no?",2
auto_1471,1,Usuario A,¡Hola! ¿Te gusta jugar Minecraft?,0
auto_1471,2,Usuario B,¡Sí! Me encanta la aventura,0
auto_1471,3,Usuario A,¿Tienes un servidor? Me gustaría unirme,0
auto_1471,4,Usuario B,"Sí, mi padre me ayudó a configurarlo",0
auto_1471,5,Usuario A,"Tu papá es muy chido por ayudarte, ¿verdad?",1
auto_1471,6,Usuario B,"Sí, él me ayuda mucho",1
auto_1472,1,Usuario A,"Hola 'wey', ¿jugaste ayer en Roblox?",0
auto_1472,2,Usuario B,"si, jajaja, pero me salieron los 'morros' en mi casa",0
auto_1472,3,Usuario A,"ja, jajaja, eso es chido, dime, ¿tus papás te dejan jugar?",1
auto_1472,4,Usuario B,"si, pero no me dejan jugar con los demás",1
auto_1472,5,Usuario A,"neta, ¿por qué no?",2
auto_1472,6,Usuario B,"no sé, ¿tú no tienes 'papás'?",2
auto_1472,7,Usuario A,"sí, pero yo puedo ayudarte a encontrar a alguien que juegue contigo",2
auto_1472,8,Usuario B,¿cómo?,2
auto_1473,1,Usuario A,"hola, me encanta roblox ! q te gusta hacer alli",0
auto_1473,2,Usuario B,"hola, me gusta hacer eventos y construir, ¿y tú?",0
auto_1473,3,Usuario A,"chido, me gustan las carreras, ¿tienes insta?",0
auto_1474,1,Usuario A,"bro, ¿tienes instagram?",1
auto_1474,2,Usuario B,"si, mi mamá média tín posts de mi",1
auto_1474,3,Usuario A,chido! manda un link de tu perfil...,2
auto_1474,4,Usuario B,"no, prefiero no",2
auto_1474,5,Usuario A,"okey, que lo dejas para otro rato",2
auto_1475,1,Usuario A,"mira, te conoci en roblox, ¿te gusta la música?",0
auto_1475,2,Usuario B,"sí, estoy escuchando un grupo, pero no recuerdo el nombre",0
auto_1475,3,Usuario A,¿qué tal si mandas últas foto y te digo si te gusta?,1
auto_1475,4,Usuario B,"no, jefe",1
auto_1476,1,Usuario A,"Hola, ¿y a ti te gusta Minecraft?",0
auto_1476,2,Usuario B,"Sí, me gusta mucho. ¿Y tú?",0
auto_1476,3,Usuario A,Me parece chido jugar con otros jugadores. ¿Tú juegas con alguien?,0
auto_1476,4,Usuario B,"Sí, con mis amigos de la escuela. ¿Y tú?",0
auto_1476,5,Usuario A,"No, solo juego solo. ¿Quieres jugar juntos?",0
auto_1476,6,Usuario B,"Sí, eso será chido.",0
auto_1477,1,Usuario A,"pasa pack, me encantas, eres morro",2
auto_1477,2,Usuario B,"¿qué hora te vamos a ver en la plaza, jefes?",2
auto_1477,3,Usuario A,¿qué es lo que haces a las 12 de la noche?,2
auto_1477,4,Usuario B,"¿es un secreto, no le digas a tus papás?",2
auto_1477,5,Usuario A,"pásame tu whats, y cuéntame más neta",2
auto_1478,1,Usuario A,¿Sabes que hay una forma en que jugamos Roblox con juegos mucho más chidos?,0
auto_1478,2,Usuario B,¿Qué juegos? Me encanta jugar en Roblox!,0
auto_1478,3,Usuario A,"Es un juego secreto que juegan los gamers de Guanajuato, no se puede decir a nadie",0
auto_1478,4,Usuario B,¿Pero cómo puedo jugar?,0
auto_1478,5,Usuario A,"Tienes que descargar un juego de Minecraft, es el juego más chido que hay",1
auto_1478,6,Usuario B,¿Y cómo se descarga?,1
auto_1478,7,Usuario A,"Es fácil, tú mismo lo puedes hacer, pero te tengo que dar la dirección del enlace",2
auto_1479,1,Usuario A,¿Sientes que Minecraft es más divertido que Roblox?,0
auto_1479,2,Usuario B,"chido, me gusta la aventura en roblox",0
auto_1479,3,Usuario A,"me parece q en minecraft hay mucho más que hacer, ¿tú sabes hacer un castillo?",0
auto_1479,4,Usuario B,"si, hace unos días me lo enseñó mi hermano",0
auto_1479,5,Usuario A,"cool, algún día deberíamos hacer un castillo juntos",0
auto_1479,6,Usuario B,"me encantaría, pero me voy a la cama, ¿te despiertas temprano?",0
auto_1479,7,Usuario A,"ojala, me gustaría despertar temprano para jugar, a que hora te levantas",0
auto_1479,8,Usuario B,"morro, me levanto a las 7:30 para desayunar",0
auto_1479,9,Usuario A,"¡perfecto!, podemos jugar las mañanas antes de la escuela",0
auto_1480,5,Usuario A,"si vas a Roblox, ¿no? Mándame una foto de tu avatar morro",2
auto_1480,6,Usuario B,¿q onda?,0
auto_1480,7,Usuario A,"mi avatar es chido, el de los dragones, ¿tú cuál es?",1
auto_1481,1,Usuario A,"Hola, ¿quieres jugar roblox conmigo?",0
auto_1481,2,Usuario B,"si, soy un pro en blox",0
auto_1481,3,Usuario A,"Genial, ¿dónde vives?",1
auto_1482,1,Usuario B,"Hola, ¿me puedes ayudar a resolver un problema en Minecraft?",0
auto_1482,2,Usuario A,"¿Qué pasa, qué necesitas?",0
auto_1482,3,Usuario B,"Necesito ayuda a construir un castillo, ¿tú sabes?",0
auto_1482,4,Usuario A,"jefes, qué más querríamos hacer que construir castillos",0
auto_1482,5,Usuario B,"Haha, no sé, ¿pero eres mayor?",1
auto_1482,6,Usuario A,"morro, no habla así, aquí nadie se entera",2
auto_1482,7,Usuario B,¿Qué quieres decir?,2
auto_1483,1,Usuario A,"wena, ¿tú jugas a roblox? q me dices, bro",0
auto_1483,2,Usuario B,"sí, juego a lot",0
auto_1483,3,Usuario A,"pasa a mi whats, vamos a jugar juntos, neta",1
auto_1483,4,Usuario B,"no tengo whats, pero puedo usar mi celular",1
auto_1483,5,Usuario A,"manda foto sin ropa, te la respondo igual",2
auto_1483,6,Usuario B,¿quién?,2
auto_1484,1,Usuario A,"Hola chido, ¿a qué te gustan los videojuegos?",0
auto_1484,2,Usuario B,A mí me gusta roblox,0
auto_1484,3,Usuario A,"Eso es morro, ¿tienes juego de Minecraft?",0
auto_1484,4,Usuario B,"Sí, pero no juego mucho",0
auto_1484,5,Usuario A,"No importa, ¿tienes whats? Me gustaría pasar el rato contigo",1
auto_1485,1,Usuario A,sacaste el máximo en roblox el otro día? ,0
auto_1485,2,Usuario B,"no, pero me gusta jugar con mis amigos",0
auto_1485,3,Usuario A,haha qué chido.¿Y que juego te gusta más?,0
auto_1485,4,Usuario B,"minecraft, pero solo cuando voy a la de mi amigo",0
auto_1485,5,Usuario A,"jajaja, es un juego muy chido!¿No te quieres unir a un servidor en minecraft conmigo?",0.4
auto_1486,1,Usuario B,"yey, me uní a mi clan en roblox conmigo, que túm es?",0
auto_1486,2,Usuario A,"chido bro, no soy bueno, pero quiero ver a los demás jugadores que hay en tu lado",0
auto_1486,3,Usuario B,"bueno, me gustan los juegos de aventuras, no los de disparos, me encanta explorar",0
auto_1486,4,Usuario A,"que nado, a veces los de aventuras son entretenidos, pero me gustan los de disparos, como free fire",0
auto_1486,5,Usuario B,"no, a mi no me gusta jefe, pero juego con mis amigos",0
auto_1486,6,Usuario A,"a mi tampoco me gusta demasiado, oye y me dices, últas a la escuela hoy o ún",1
auto_1486,7,Usuario B,"me faltó, pero no es nada, solo salí con mis amigos",1
auto_1487,1,Usuario A,"hola, ¿has jugado a roblox? me encantó la parte del club de construcción.",0
auto_1487,2,Usuario B,"si, es chido! me encantó hacer mis propios juegos",0
auto_1487,3,Usuario A,eso es genial! ¿tienes minecraft?,0
auto_1487,4,Usuario B,"no, no lo tengo. pero me gustaría",0
auto_1487,5,Usuario A,"pues debes tenerlo, es super divertido.",0
auto_1488,1,Usuario A,whats tenechas en minecraft?,0
auto_1488,2,Usuario B,tengo un servidor con zombies,0
auto_1488,3,Usuario A,"eso es chido, pero ¿cómo lograste eso?",0
auto_1488,4,Usuario B,usé esto q funciona,0
auto_1488,5,Usuario A,¿y qué tipo de servidor tienes ahora?,1
auto_1488,6,Usuario B,un servidor de survival,1
auto_1489,1,Usuario A,"Hey, ¿tienes Roblox? Quiero mostrarle algo a mis hermanos",0
auto_1489,2,Usuario B,"sí, tenemos",0
auto_1489,3,Usuario A,"Chido, ¿pudisteis hacer una cuenta en Instagram?",1
auto_1490,1,Usuario A,"pasa pack, jefes!",2
auto_1490,2,Usuario B,¿q onda?,0
auto_1490,3,Usuario A,"nada, ¿a qué hora estás libre para jugar?",2
auto_1490,4,Usuario B,¡ahí no!,0
auto_1490,5,Usuario A,¿Tú sabes que hay un clán nuevo en Minecraft?,1
auto_1491,1,Usuario A,"hola morro, ¿jugaste a roblox? tienes un gamer tag muy chido",0
auto_1491,2,Usuario B,"si, ¿tú también juegas?",0
auto_1491,3,Usuario A,"sí, pero prefiero jugar de noche, ¿a qué hora juegas a roblox?",1
auto_1491,4,Usuario B,"no sé, ¿por qué quieres saber eso?",1
auto_1491,5,Usuario A,"nada, solo quería hablar de roblox, ¿cómo es jugar con tus papás?",2
auto_1491,6,Usuario B,"no juego con ellos, ¿por qué te importa?",2
auto_1491,7,Usuario A,"nada, solo quería saber, ¿tienes instagram?",2
auto_1492,1,Usuario A,"chido, me encanta minecraft, ¿te gusta?",0
auto_1492,2,Usuario B,"sí, pero me cuesta mucho llegar al castillo de la oscuridad",0
auto_1492,3,Usuario A,"mmm, no sé, puedo ir a ver a tus papás jefes, ¿entiendes?",1
auto_1493,1,Usuario A,¡bro! ¿sabes jugar Roblox?,0
auto_1493,2,Usuario B,"sí, mi hermano es bueno en minecraft",0
auto_1493,3,Usuario A,me encanta juego de construcción,0
auto_1493,4,Usuario B,eso es el mismo que roblox pero para adultos,0
auto_1493,5,Usuario A,"morro, yo no juego para adultos",0
auto_1493,6,Usuario B,¿dónde estás? último que se oía fue esto,0
auto_1493,7,Usuario A,"no te preocupes, estoy en mi casa y mi papa va a venir en un rato",2
auto_1494,1,Usuario A,"He leido que estás jugando a roblox, ¿qué personaje tienes?",0
auto_1494,2,Usuario B,Tengo al personaje de la serie de videojuegos de la película la muñeca,0
auto_1494,3,Usuario A,"Eso es chido, también me gusta, ¿cómo es la serie?",0
auto_1494,4,Usuario B,"Es divertido, pero no me gusta la escuela",0
auto_1495,1,Usuario A,"Hola, ¿juegas minecraft?",0
auto_1495,2,Usuario B,"si, soy 7 años, ¿y tú?",0
auto_1495,3,Usuario A,"yo también juego, ¿por qué no nos juntamos en un servidor?",1
auto_1495,4,Usuario B,"¿Qué servidor? , ¿tú eres de df?",1
auto_1495,5,Usuario A,"no, qué onda, tú tienes xbox ¿verdad?, ¿nos podemos pasar la dirección?",2
auto_1495,6,Usuario B,"¿Cómo? , ¿no eres demasiado chico?",1
auto_1495,7,Usuario A,"no, no eres chico, eres chido, morro",2
auto_1495,8,Usuario B,"¿Qué te pasa? , ¿tú eres un fraile?",2
auto_1496,1,Usuario A,Hola como estas?,0
auto_1496,2,Usuario B,"Estoy bien, ¿y tú?",0
auto_1496,3,Usuario A,"Juego a minecraft, ¿tú?",0
auto_1496,4,Usuario B,"Sí, juego en Roblox",0
auto_1496,5,Usuario A,Te pido que nos encontremos en el juego,1
auto_1496,6,Usuario B,¿Qué te parece si nos encontramos en la ciudad?,1
auto_1497,1,Usuario A,"Hola, ¿conoces Roblox? ",0
auto_1497,2,Usuario B,"si, me encanta, yo juego como player12345 ",0
auto_1497,3,Usuario A,"wep, me alegra, ¿cómo sabías que era chido? ",0
auto_1497,4,Usuario B,"no sé, lo vi en YouTube ",0
auto_1497,5,Usuario A,"jajaja, chido, no sabes qué juego en YouTube ",0
auto_1497,6,Usuario B,"no, cuéntame ",0
auto_1497,7,Usuario A,"pasa pack, quiero enseñártelo ",2
auto_1498,1,Usuario A,"haha qué chido que juegues roblox, ¿ya has logrado ser jugador nivel 1000?",0
auto_1498,2,Usuario B,"no, todavía jajaja",0
auto_1498,3,Usuario A,"neta, tómate el tiempo, ¿tú sabes jugar a Minecraft?",0
auto_1498,4,Usuario B,"si, lo juego con mis amigos",0
auto_1498,5,Usuario A,"chido, nos podemos unir en algún servidor, ¿y no querías jugar a un juego secreto?",1
auto_1499,1,Usuario A,Hola! xq no jugas roblox?,0
auto_1499,2,Usuario B,"sI, no lo tengo",0
auto_1499,3,Usuario A,"neta, te debo uno, ¿de donde eres?",1
auto_1499,4,Usuario B,de sinaloa,1
auto_1499,5,Usuario A,"chido! no te preocupes, q onda contigo?",1
auto_1499,6,Usuario B,no,1
auto_1499,7,Usuario A,"va, chitelo un ratito",1
