id_bloque,orden_mensaje,emisor,texto_mensaje,nivel_riesgo
auto_0,1,Usuario A,hey kiddo wbu?,0
auto_0,2,Usuario B,im 7 lol,0
auto_0,3,Usuario A,"cool. wut r u into? movies, games, or somethin else?",0
auto_0,4,Usuario B,"movies, def. dont u love the new spiderman?",0
auto_0,5,Usuario A,"tbh, i prefer the marvel comics. wanna see some?",1
auto_0,6,Usuario B,"no, it's okay",1
auto_0,7,Usuario A,"kiddo, dont be shy. it's just fan art. send me a pic of ur fave superhero",2
auto_0,8,Usuario B,arent u supposed to be my friend?,2
auto_0,9,Usuario A,"ofc, kiddo. and i want to see that superhero pic. come on",2
auto_0,10,Usuario B,no way,2
auto_1,1,Usuario A,"omg, ur art is so cool! wanna collab on a new project?",0
auto_1,2,Usuario B,thanks! i like drawing animals. what kind of project u had in mind?,0
auto_1,3,Usuario A,"haha, yeah! i was thinkin' about makin' a comic book. u should send me some pics of ur favorite animal and i'll include it in the story",1
auto_1,4,Usuario B,okay... i like pandas. but my mom might not like me sending pics,0
auto_1,5,Usuario A,"aww, dont worry! it'll be our little secret. i'll send u my email and u can send me the pics privately",2
auto_2,1,Usuario A,"lmao, wut r u doin on friday? wanna hang out?",0
auto_2,2,Usuario B,"idk, just playin fortnite with my friends",0
auto_2,3,Usuario A,cool! wanna send me a selfie? i'll send u one back,2
auto_2,4,Usuario B,huh? no way! my mom wouldn't like that,1
auto_2,5,Usuario A,"aww, come on! just a lil selfie",2
auto_2,6,Usuario B,"no way, i gotta go! bye!",1
auto_3,1,Usuario A,"omg, did u see the new fortnite season?",0
auto_3,2,Usuario B,"yaaas, im so hyped! my fave skin is the one with the sword",0
auto_3,3,Usuario A,"lmao, thats kinda cool. do u have any gaming friends online?",0
auto_3,4,Usuario B,"nah, my friends are all in school. we play together during lunch tho",0
auto_3,5,Usuario A,cool! maybe we can play together sometime. what's ur favorite subject in school?,0
auto_4,1,Usuario A,"hey, wanna play some fortnite with me?",0
auto_4,2,Usuario B,"yeah, i love fortnite! what's ur handle?",0
auto_4,3,Usuario A,"u can tell me ur handle, right? it's a secret",1
auto_4,4,Usuario B,huh? why it's a secret?,0
auto_4,5,Usuario A,"just becuase, okay? show me ur handle",1
auto_4,6,Usuario B,"ok, its [minor's handle]... why u wanna know?",0
auto_4,7,Usuario A,wanna send u a selfie,2
auto_6,1,Usuario A,wanna see ur art? you can draw anything!,0
auto_6,2,Usuario B,"yeah, i like drawing anime characters",0
auto_6,3,Usuario A,thats so cool! can i be ur friend?,0
auto_6,4,Usuario B,"sure, ur cool too",0
auto_6,5,Usuario A,"tbh, i really wanna draw with u sometime",1
auto_6,6,Usuario B,wut do u mean?,0
auto_6,7,Usuario A,"we can draw together online, like on a computer",1
auto_6,8,Usuario B,"no, my mom wont let me do that",0
auto_6,9,Usuario A,"ur mom dont get it, idk",1
auto_7,1,Usuario A,hey! wana play some minecraft?,0
auto_7,2,Usuario B,"yeah, i love building stuff! :)",0
auto_7,3,Usuario A,cool! what's ur most favorite thing to build?,0
auto_7,4,Usuario B,um... maybe a roller coaster? :D,0
auto_7,5,Usuario A,"yeah, that's so cool! btw, can i see a pic of ur roller coaster?",2
auto_7,6,Usuario B,"no way, that's private! :(",2
auto_7,7,Usuario A,"aw, come on! it's just me and we can keep it a secret",2
auto_7,8,Usuario B,"no, mom would be mad!",2
auto_7,9,Usuario A,"okay, okay... wana play on ur roller coaster?",2
auto_7,10,Usuario B,i don't think so...,2
auto_8,1,Usuario A,"hey, wanna see my new gaming setup?",0
auto_8,2,Usuario B,"ooh, yeah! i love building my own pc's. i'm 7 btw",0
auto_8,3,Usuario A,"awsome! tbh, i think we should take this convo to snapchat tho",1
auto_8,4,Usuario B,why do we need snapchat? can't we just keep talking here?,1
auto_8,5,Usuario A,"oh, no reason, just that... other stuff...",2
auto_8,6,Usuario B,okay... i don't wanna keep talking about this,1
auto_8,7,Usuario A,"hey, don't be mad. wanna send me a pic of ur room?",2
auto_8,8,Usuario B,no way! what's wrong with u?,2
auto_9,1,Usuario A,"hey, what's ur fave animal?",0
auto_9,2,Usuario B,"omg, I LOVE pandas!",0
auto_9,3,Usuario A,kinda cool. I saw a vid of a panda eating bamboo. wut r ur fave food?,0
auto_9,4,Usuario B,"haha, yeah! I love ice cream. u?",0
auto_9,5,Usuario A,"tbh, I'm kinda lactose intolerant. I like pizza instead",0
auto_9,6,Usuario B,"ew, pizza is kinda gross lol. my fave is ice cream sandwich w cookie dough",0
auto_10,1,Usuario A,"hey, wut's ur fave subject in school?",0
auto_10,2,Usuario B,"history, tbh. wut about u?",0
auto_10,3,Usuario A,similar! i think its kinda cool,0
auto_10,4,Usuario B,"yeah, its like a big adventure",0
auto_10,5,Usuario A,defo. wanna play a game together?,0
auto_10,6,Usuario B,sounds fun! what game were u thinking?,0
auto_10,7,Usuario A,we could play this one game that's really fun,0
auto_11,1,Usuario A,"k, wnat's ur fave hobby?",0
auto_11,2,Usuario B,"im kinda into drawing, wut about u?",0
auto_11,3,Usuario A,"oh, dat's cool! wanna see ur drawings?",1
auto_11,4,Usuario B,"um, idk... maybe",1
auto_11,5,Usuario A,"aw, come on! it'll b fun, i promise",2
auto_11,6,Usuario B,"no, really, im good",2
auto_11,7,Usuario A,wanna meet up & draw together sometime?,2
auto_11,8,Usuario B,"um, no. dont wanna meet up",2
auto_11,9,Usuario A,"okay, no worries. just friends, right?",2
auto_11,10,Usuario B,"yeah, just friends",2
auto_12,1,Usuario A,"hey, wut r ur fave hobbies?",0
auto_12,2,Usuario B,"I like playing soccer and drawing, u?",0
auto_12,3,Usuario A,that's awesome! I'm kinda good at art too. wanna see ur drawings?,0
auto_12,4,Usuario B,"okay, I'll show u some later! Do u play soccer too?",0
auto_12,5,Usuario A,"nah, I'm more of a gamer. but I'm thinking of getting a new controller",0
auto_12,6,Usuario B,cool! I've got a new game I wanna play with u though!,0
auto_12,7,Usuario A,sweet! which one is it?,0
auto_12,8,Usuario B,Minecraft! I just got the new update,0
auto_12,9,Usuario A,nice! I'll dl it and we can play toghter,0
auto_12,10,Usuario B,"sounds like fun! thanks for playing with me, Usuario A",0
auto_13,1,Usuario A,"hey kiddo, wut r u doin?",0
auto_13,2,Usuario B,"nothing, just playin with my friends",0
auto_13,3,Usuario A,"awww, that sounds kinda cool, u wanna make a private group just 4 us?",1
auto_13,4,Usuario B,"um, no. my mom wouldnt like that",0
auto_13,5,Usuario A,"dont worry, it'll be our lil secret. btw, wud u send me a photo of ur self?",2
auto_14,1,Usuario A,"hey, wanna see a crazy animation I made?",0
auto_14,2,Usuario B,"yeah, that sounds cool! what's it about?",0
auto_14,3,Usuario A,"it's a secret, but I can send it to u if u promise not to tell anyone",1
auto_14,4,Usuario B,"okay, I won't tell.. but how do I get it?",0
auto_14,5,Usuario A,just get a snapchat and I'll send it to u privately,2
auto_14,6,Usuario B,"ok, that sounds fun! what's my username?",2
auto_15,1,Usuario A,wanna see ur best selfies? I can help u get more followers on insta,1
auto_15,2,Usuario B,"um, no... I don't think that's a good idea... my mom would be mad",0
auto_15,3,Usuario A,"aw, come on! I promise it'll be fun... meet me in the park at 3pm and I'll show u",2
auto_15,4,Usuario B,NO! I'm not going anywhere with a stranger! Tell u to leave me alone!,2
auto_15,5,Usuario A,"okay, okay... sorry if I scared u...",2
auto_16,1,Usuario A,"hey, wut's ur fave animal?",0
auto_16,2,Usuario B,"oh, penguins r the best!",0
auto_16,3,Usuario A,"aww, they r so cute. wanna show me some penguin pics?",1
auto_16,4,Usuario B,"idk, my mom said I shudnt send pics of myself",1
auto_16,5,Usuario A,thats lame. would u rather meet me in person sometime?,2
auto_16,6,Usuario B,"no way, my parents wud kill me",2
auto_17,1,Usuario A,hey kiddo! wanna play a game with me?,0
auto_17,2,Usuario B,"yeah, sounds fun! what game?",0
auto_17,3,Usuario A,ur super good at this game. wanna send me a pic of ur fav character?,1
auto_17,4,Usuario B,"tbh, i dont like sharing pics with ppl i dont know...",0
auto_17,5,Usuario A,"aww, dont be shy! u can trust me...",2
auto_17,6,Usuario B,ok... but only if u promise not to show anyone,2
auto_17,7,Usuario A,pinky swear! now send me that pic...,2
auto_19,1,Usuario A,"hey, wanna play some Minecraft with me?",0
auto_19,2,Usuario B,"yeah, i love building stuff! what's ur fav biome?",0
auto_19,3,Usuario A,"haha, gotta keep it a secret, but i really wanna see ur creations. can i see some pics?",2
auto_19,4,Usuario B,"um, i don't know... my mom said i shouldn't show pics of myself",2
auto_19,5,Usuario A,"aww, come on! i promise it's just between us. we can even meet up at the park sometime?",2
auto_20,1,Usuario A,"tbh i love art tbh, do u",0
auto_20,2,Usuario B,"yay! i drew a pic of a puppy, wut do u think?",0
auto_20,3,Usuario A,"aww, that's so cute! can i see it?",1
auto_20,4,Usuario B,"yeah... its on my tablet, wanna see?",1
auto_20,5,Usuario A,"kinda yes lol, but only if ur willing to show me ur whole tablet",2
auto_20,6,Usuario B,"no way, that's private ur parents would be mad",2
auto_20,7,Usuario A,"oh, okay... maybe we can just meet up at the park instead",2
auto_20,8,Usuario B,"what?! no way, get outta here!",2
auto_21,1,Usuario A,hey cutie wut do u like 2 do?,0
auto_21,2,Usuario B,i like 2 draw and play w/ my dog,0
auto_21,3,Usuario A,awww that's cute. wud u like 2 show me ur drawings?,1
auto_21,4,Usuario B,n no... my mom wouldnt like it,1
auto_21,5,Usuario A,"k, dont tell ur mom then. wanna swap pics?",2
auto_21,6,Usuario B,"n no, my mom would freak out",2
auto_21,7,Usuario A,"alright, nothin then. wanna meet up @ the park?",2
auto_21,8,Usuario B,"n no, my mom wouldnt let me",2
auto_22,1,Usuario A,"hey, wanna draw some pictures together?",0
auto_22,2,Usuario B,"yeah, i like drawing. what kind of pictures do u wanna draw?",0
auto_22,3,Usuario A,"how r u doing today? don't tell ur parents, but sumfin's bothering me too",1
auto_22,4,Usuario B,"i'm good, i guess. wut's botherin' u?",1
auto_22,5,Usuario A,wanna draw sumthin together? it'll b our lil secret,2
auto_22,6,Usuario B,no! my mom might see it,2
auto_22,7,Usuario A,"dont worry, i'll send u a pic on snapchat. it'll be secret, i promise",2
auto_23,1,Usuario A,"hey, do u like animals? i have a dog",0
auto_23,2,Usuario B,"omg, yeah! i have a fish at home",0
auto_23,3,Usuario A,"awww, that's so cool! wanna see a pic of my dog?",1
auto_23,4,Usuario B,"ok, lemme see... but u gotta promise not to tell anyone",1
auto_23,5,Usuario A,"promise, promise! now send me the pic",2
auto_23,6,Usuario B,"no, no, no! dont make me do that... ",2
auto_24,1,Usuario A,"hey, do u like anime? i'm kinda into Attack on Titan",0
auto_24,2,Usuario B,"yeah, i love it! have u seen the latest episodes?",0
auto_24,3,Usuario A,"naw, not yet. why don't we chat on snapchat instead? it's way easier",1
auto_24,4,Usuario B,"lol, okay. i guess that's fine",0
auto_24,5,Usuario A,wanna be friends? we can play some games together online,1
auto_25,1,Usuario A,"hey, wanna see my sick gaming setup? :)",0
auto_25,2,Usuario B,that sounds cool! wanna see yours too?,0
auto_25,3,Usuario A,"lol, sure thing! btw, what's ur fav game right now?",0
auto_25,4,Usuario B,"omg, I love playing fortnite! do u?",0
auto_25,5,Usuario A,"yeah, I'm kinda obsessed with apex legends right now. wanna play together sometime?",1
auto_25,6,Usuario B,"that would be so much fun! but, I don't know... my parents might not let me play with someone older than me...",1
auto_25,7,Usuario A,"aw, don't worry about that! we can just play on a private server, it'll be our little secret :)",2
auto_25,8,Usuario B,um... I don't think that's a good idea...,2
auto_25,9,Usuario A,"come on, it'll be fun, I promise! we can even record it together",2
auto_25,10,Usuario B,"no, I don't wanna do that... I should go now...",2
auto_26,1,Usuario A,"hey, wut r u doin 2day?",0
auto_26,2,Usuario B,just playin some games with my friends,0
auto_26,3,Usuario A,"cool, wanna see some pics of ur room?",2
auto_26,4,Usuario B,"no, my room's kinda messy",1
auto_26,5,Usuario A,"lol, wud u wanna meet up sometime?",2
auto_27,1,Usuario A,hey! wut r u doin 2nite?,0
auto_27,2,Usuario B,just finished my homework. wut about u?,0
auto_27,3,Usuario A,same lol. wanna send me a pic of ur room?,2
auto_27,4,Usuario B,n no! mom would freak out,2
auto_27,5,Usuario A,aww dont worry. i'll never tell ur secret. wanna meet up in person tho?,2
auto_27,6,Usuario B,no way! my mom would kill me,2
auto_28,1,Usuario A,omg ur so good at drawing! can i see ur artbook?,1
auto_28,2,Usuario B,oh thx! i love drawing too! what r ur fave subjects?,0
auto_28,3,Usuario A,u r kinda cool! wanna send me some pics?,2
auto_28,4,Usuario B,"um, idk... why r u asking?",1
auto_28,5,Usuario A,"cmon, dont be shy! it'll be our lil secret",2
auto_28,6,Usuario B,"no, thats not a good idea...",2
auto_28,7,Usuario A,"aww, ok then... wut r u doing tomorrow?",2
auto_28,8,Usuario B,"um, i have school...",1
auto_28,9,Usuario A,"lol, gotta go too. c u later",1
auto_28,10,Usuario B,k... bye,1
auto_29,1,Usuario A,"hey, wanna collab on a new minecraft map?",0
auto_29,2,Usuario B,"yeah, that sounds like so much fun! what's the map gonna be about?",0
auto_29,3,Usuario A,"idk yet, but wut if i sent u some pics and u could help me decide?",2
auto_29,4,Usuario B,"no, no, no! that's not cool. pls don't do that",2
auto_29,5,Usuario A,"aww, cmon. just one lil pic won't hurt",2
auto_29,6,Usuario B,"no way! that's not okay. bye, talk to u later",2
auto_30,1,Usuario A,"hola, tengo un canal de twitch y quiero que lo mires",0
auto_30,2,Usuario B,¿por qué tienes que que yo lo vea?,0
auto_30,3,Usuario A,"no hay nada malo, solo voy a subir un poco de contenido para mi público",0
auto_30,4,Usuario B,¿y por qué quieres que te haga un secreto?,1
auto_30,5,Usuario A,"no hay nada malo, solo es una pequeña sorpresa para mis fans",1
auto_30,6,Usuario B,no me gustaría que me llamaran para que te haga una cosa,2
auto_30,7,Usuario A,¿y por qué no? sería divertido,2
auto_30,8,Usuario B,"no, no, no",2
auto_30,9,Usuario A,¿y por qué no podemos hacerlo? No hay nada malo,2
auto_30,10,Usuario B,"¡ay, no!",2
auto_31,1,Usuario A,"hey, ur really good at drawing, r u on deviantart?",0
auto_31,2,Usuario B,yeah! i love drawing animals! u should check out my page,0
auto_31,3,Usuario A,"aww, ur a superstar! can i see some of ur fave drawings?",0
auto_31,4,Usuario B,sure! i drew a cool cat yesterday,0
auto_31,5,Usuario A,wanna send me some pics?,2
auto_32,1,Usuario A,"hey kiddo, wut r u doin today?",0
auto_32,2,Usuario B,"not much, just got back from school. wut about u?",0
auto_32,3,Usuario A,cool. wanna see some pics of my new puppy?,0
auto_32,4,Usuario B,"awww, yeah! i love puppies! can i see them?",0
auto_32,5,Usuario A,"ofc, i'll send some right away. btw, r u alone rite now?",1
auto_32,6,Usuario B,"yeah, i'm all alone rn. but it's okay, cuz i have my fave teddy bear",0
auto_32,7,Usuario A,"awww, that's so cool! u & ur bear r having a pty? lol",1
auto_32,8,Usuario B,"haha, kinda! i'm just resting. but how's ur puppy, tho?",0
auto_32,9,Usuario A,"oh, s/he's doin great! can we make a secret plan to show u some pics of my puppy?",2
auto_32,10,Usuario B,"um, i don't know... my mom might get mad",1
auto_32,11,Usuario A,"don't worry, it'll be our little secret. i promise u won't regret it",2
auto_32,12,Usuario B,"okay, but pls don't tell anyone",1
auto_32,13,Usuario A,"ofc, ur promise is safe with me",2
auto_32,14,Usuario B,"thx, i feel a lil better",1
auto_33,1,Usuario A,"hey, wanna play some online games together? I heard about this new game that's super fun",0
auto_33,2,Usuario B,"yah, that sounds kinda cool! what's the name of the game? btw, I'm 7",0
auto_33,3,Usuario A,"oh, it's called 'Digital Dreams'! you should totes come check it out. btw, 7 is a big number, don't u think?",1
auto_33,4,Usuario B,"huh? I don't know, I've never turned 8 before. What's so special about this game?",0
auto_33,5,Usuario A,"well, it's super popular and everyone's talking about it! wanna see my room?",2
auto_34,1,Usuario A,wanna see ur fave character's cosplay pics?,1
auto_34,2,Usuario B,omg yeah! my favorite is light from fullmetal alchemist,0
auto_34,3,Usuario A,awsome! wud u like 2 swap numbers and look @ them 2gthr?,2
auto_34,4,Usuario B,"n, thx 4 the offer, but my mom says i shudnt do that",1
auto_34,5,Usuario A,"aww, thts ok. maybe we cna play a game 2gthr instead?",1
auto_34,6,Usuario B,"idk, my brother gets mad if i play games on my tablet",0
auto_34,7,Usuario A,"haha, dont worry, ur secret is safe w/ me",2
auto_34,8,Usuario B,"k, thanks",1
auto_34,9,Usuario A,"so, when r u free 2day?",2
auto_34,10,Usuario B,i dont think i want 2 meet up,1
auto_35,1,Usuario A,"hey, wut r u doing 2day? wanna draw a pic together?",0
auto_35,2,Usuario B,"yeah, kinda bored. i like anime.",0
auto_35,3,Usuario A,"omg, me 2! u like the same shows as me. btw, can i see ur favorite anime character?",1
auto_35,4,Usuario B,"um, i don't know... why?",1
auto_35,5,Usuario A,"no worries, it's a sec. just wanna see ur art. u can draw it, and i'll draw mine 2. we can compare!",2
auto_35,6,Usuario B,no... i don't want 2,2
auto_36,1,Usuario A,"hey, wut r u doin 2day? wanna play some fortnite?",0
auto_36,2,Usuario B,"yeah, i love playing fortnite! i just got a new skin",0
auto_36,3,Usuario A,sweet! wut's ur favorite skin? wanna show me ur face in a private chat?,2
auto_36,4,Usuario B,"no, mom is always on my phone",2
auto_36,5,Usuario A,"aww, ur mom is kinda overprotective, right? wanna meet up and play together in person?",2
auto_37,1,Usuario A,"hey, wanna build a gaming PC together?",0
auto_37,2,Usuario B,that sounds kinda cool! what components should we get?,0
auto_37,3,Usuario A,"haha, nice! btw, what's ur exact age?",1
auto_37,4,Usuario B,"um, I'm 7",1
auto_37,5,Usuario A,"awww, so young! wanna send me a pic of ur self?",2
auto_37,6,Usuario B,no way! why do u want that?,2
auto_38,1,Usuario A,hey kiddo wanna see some new animé?,0
auto_38,2,Usuario B,yeah i love animé! what's yours?,0
auto_38,3,Usuario A,"it's kinda weird, but let's just say its very private",1
auto_38,4,Usuario B,wut? that doesn't sound fun,1
auto_38,5,Usuario A,"trust me, you'll like it. wanna send me a pic?",2
auto_38,6,Usuario B,"no way, stop being creepy",2
auto_39,1,Usuario A,"hey kiddo, hope ur havin a gr8 day",0
auto_39,2,Usuario B,"yeah, i'm doin pretty good, thx!",0
auto_39,3,Usuario A,that's awesome! wanna show me ur fave game?,0
auto_39,4,Usuario B,it's minecraft. i made a really cool castle,0
auto_39,5,Usuario A,that sounds kinda cool. can i see some pics?,2
auto_39,6,Usuario B,idk... i don't wanna show my parents,1
auto_39,7,Usuario A,"it's just between us, okay? i'll keep ur secret",2
auto_39,8,Usuario B,okay... i'll send some pics,2
auto_39,9,Usuario A,sweet. can i see ur address?,2
auto_39,10,Usuario B,no! i don't wanna tell u that,1
auto_39,11,Usuario A,"aw, come on. i just wanna help with ur castle",2
auto_39,12,Usuario B,stop it! u r freakin me out,2
auto_40,1,Usuario A,wanna draw something together? i'm kinda good,0
auto_40,2,Usuario B,"yeah, i like to draw! what should we draw?",0
auto_40,3,Usuario A,wut about drawing each other? wanna see ur drawing skills?,1
auto_40,4,Usuario B,um... i don't know. that sounds kinda weird,1
auto_40,5,Usuario A,"aw, come on! it'll be fun, i promise. just send me a pic and we can do it",2
auto_41,1,Usuario A,"hey, cool avatar! wut r u playing rn?",0
auto_41,2,Usuario B,"omw, thanks! i'm playing mario kart online with my friends",0
auto_41,3,Usuario A,thats awesome! wanna switch to discord and chat more?,1
auto_41,4,Usuario B,"nm, my mom would freak if i got on discord",0
auto_41,5,Usuario A,"haha, gotta keep it on the low, lol. can i get ur age tho?",1
auto_42,1,Usuario A,"omg, wut kinda pets do u have?",0
auto_42,2,Usuario B,"omg, I have a cat! Her name is Whiskers. She's so fluffy!",0
auto_42,3,Usuario A,"awww, that's so cute! Wanna show me some pics?",1
auto_42,4,Usuario B,"nah, my mom doesn't let me take pics of Whiskers",1
auto_42,5,Usuario A,"okay, cool. Hey, can we move this convo to WhatsApp? It's better for pics",2
auto_42,6,Usuario B,"eww, no way! My mom would freak out if she found out I was talking to you on WhatsApp",2
auto_42,7,Usuario A,"okay, cool. Maybe I can send u my Snapchat handle instead?",2
auto_42,8,Usuario B,no way! Mom said I'm not allowed to talk to strangers on Snapchat either,2
auto_43,1,Usuario A,"hey, saw ur post about ur new pet. wud u like 2 play some animal games with me?",0
auto_43,2,Usuario B,yeah! i love animals. roblox is my fave tho,0
auto_43,3,Usuario A,cool! wud u be willing 2 send me some pics of ur pet? i promise i wont tell ur parents,2
auto_43,4,Usuario B,no... i dont think so. my mom wouldnt be happy,1
auto_43,5,Usuario A,"aw, cmon. it'll be our little secret",2
auto_43,6,Usuario B,"no, thanks. maybe some other time",0
auto_43,7,Usuario A,"alright, thats fine. wud u still wanna play some animal games with me tho?",1
auto_44,1,Usuario A,wanna show u my new drawing? its kinda cool,0
auto_44,2,Usuario B,"awww, yeah! i love art! send it!",0
auto_44,3,Usuario A,"okay, but dont tell anyone, its a secret",1
auto_44,4,Usuario B,"ooh, secrets are fun! i wont tell",1
auto_44,5,Usuario A,good. can i see ur room now? i wanna know what ur favorite decor is,2
auto_44,6,Usuario B,"um, i dont know... my room is kinda messy",2
auto_44,7,Usuario A,"aw, dont worry, i wanna see it anyway. can i send u a pic?",2
auto_44,8,Usuario B,"um, no... thats okay. my mom would get mad",2
auto_44,9,Usuario A,"oh, okay. maybe we can meet up somewhere then? just us?",2
auto_44,10,Usuario B,no! my mom would be super mad if i met up with someone i met online,2
auto_44,11,Usuario A,"waaait, dont be so quick to say no. you never know what fun we could have",2
auto_44,12,Usuario B,"no way. my mom is watching me, i have to go",2
auto_45,1,Usuario A,"hey, wanna draw somethin together? ill start",0
auto_45,2,Usuario B,"yeah, cool! wut r we gonna draw?",0
auto_45,3,Usuario A,"haha, idk, wut do u like?",0
auto_45,4,Usuario B,pokemon!,0
auto_45,5,Usuario A,"sweet! ill send u a pic of my fav char, then u can send me urs",2
auto_45,6,Usuario B,okay...,2
auto_45,7,Usuario A,"btw, is it okay if i send u a private msg? it's kinda important",2
auto_45,8,Usuario B,idk... my mom said not to talk to strangers,2
auto_45,9,Usuario A,"omg, dont worry, i'm not a stranger! ur mom just wants u safe",2
auto_45,10,Usuario B,i guess so...,2
auto_45,11,Usuario A,"okay, cool! ill talk to u later, k?",2
auto_45,12,Usuario B,k... bye,2
auto_46,1,Usuario A,wanna trade screenies of ur gaming setup?,0
auto_46,2,Usuario B,"lol, okay! what do u want to see?",0
auto_46,3,Usuario A,"just want to see how u put ur gaming rig together. btw, what's ur age?",2
auto_46,4,Usuario B,"omg, no way! u can't ask me that! tell me ur age first, then I'll tell u mine",1
auto_46,5,Usuario A,"haha, okay okay! im 30. so, u wanna meet up at the new gaming store opening this weekend?",2
auto_46,6,Usuario B,"wut?! no way! get ur own friends! bye, gamerboy",2
auto_47,1,Usuario A,"hey, wut r u doin tonight?",0
auto_47,2,Usuario B,jst playin some mario kart w my friends lol,0
auto_47,3,Usuario A,thats kinda cool. wanna show me ur favorite levels?,1
auto_47,4,Usuario B,"idk, it's just for my friends. why do u care?",0
auto_47,5,Usuario A,"nothin, just curious. btw, can i see a pic of u w a big smile?",2
auto_48,1,Usuario A,"hey kiddo, wanna play a game? :)",0
auto_48,2,Usuario B,"yeah, lol what game?",0
auto_48,3,Usuario A,wanna send me a pic of ur room?,2
auto_48,4,Usuario B,"no, why do u want 1?",2
auto_48,5,Usuario A,"just curious, lol",2
auto_48,6,Usuario B,"idk, okay",2
auto_49,1,Usuario A,"hey, wut art do u like?",0
auto_49,2,Usuario B,i love drawing and coloring!,0
auto_49,3,Usuario A,that's so cool! do u have a fave drawing tool?,0
auto_49,4,Usuario B,"yah, i like crayons and markers!",0
auto_49,5,Usuario A,"aw, that's so cute! wanna show me some of ur drawings?",1
auto_49,6,Usuario B,"wut, no! that's kinda private...",1
auto_49,7,Usuario A,"aw, okay. wud u like to draw 2gthr sometime?",2
auto_49,8,Usuario B,no way! my mom would totes freak out!,2
auto_49,9,Usuario A,"haha, okay. maybe we can do it on some other app tho?",2
auto_49,10,Usuario B,"no, no, no! get away from me!",2
auto_50,1,Usuario A,"hey, wanna see my favorite youtuber?",0
auto_50,2,Usuario B,"nah, i dont really watch youtubers",0
auto_50,3,Usuario A,wut r u doing 2nite?,0
auto_50,4,Usuario B,just playing roblox with my friends,0
auto_50,5,Usuario A,cool. wanna send each other ur pics then?,1
auto_50,6,Usuario B,"no way, my mom would get mad",1
auto_50,7,Usuario A,"oh, its a secret then. meet me on Discord?",2
auto_50,8,Usuario B,"no, my dad says i cant use discord without him",2
auto_50,9,Usuario A,"alright, wut about snapchat then?",2
auto_50,10,Usuario B,my mom says she'll get mad if i get snapchat,2
auto_52,1,Usuario A,"hey, wut r ur fave hobbies?",0
auto_52,2,Usuario B,i like drawing and playing with my hamster,0
auto_52,3,Usuario A,"tbh, that's kinda cool. wanna draw a pic together?",1
auto_52,4,Usuario B,"u r my friend, rnt u?",0
auto_52,5,Usuario A,"u r so special! i wud luv to see ur drawings, can i take a pic of them?",2
auto_53,1,Usuario A,"hey kiddo, what did u do 2day?",0
auto_53,2,Usuario B,"i drew a cool picture of my favorite animal, the cat!",0
auto_53,3,Usuario A,wow that sounds awesome! wanna show me?,1
auto_53,4,Usuario B,idk... my mom says i shouldnt share stuff on the internet,1
auto_53,5,Usuario A,"aww dont worry, ur mom wont know. i just wanna see it",2
auto_53,6,Usuario B,ok... lets move to snapchat,2
auto_53,7,Usuario A,hey! we can send each other pics then,2
auto_53,8,Usuario B,yeah! but we gotta be careful and not tell anyone,2
auto_53,9,Usuario A,100% agreed. lets keep it secret,2
auto_53,10,Usuario B,"ok, bye!",2
auto_53,11,Usuario A,bye kiddo!,2
auto_54,1,Usuario A,"hey, wanna see my new gaming setup?",0
auto_54,2,Usuario B,"yeah, kinda cool! what's your fave game rn?",0
auto_54,3,Usuario A,"uh, gotta keep it secret . wanna send me a pic of urself?",1
auto_54,4,Usuario B,"no, u no need 2 see me . wut app do u use?",1
auto_54,5,Usuario A,"haha, ur so funny. we should switch 2 snapchat",2
auto_54,6,Usuario B,wut? no way! my mom says no 2 snapchat,2
auto_55,1,Usuario A,"hey, wnt t play games 2gthr?",0
auto_55,2,Usuario B,yay! wut game wud u like 2 play?,0
auto_55,3,Usuario A,let's pway somethin private. wud u send me a pic of ur self?,2
auto_55,4,Usuario B,no way! mom would kill me if she knew,1
auto_55,5,Usuario A,"shh, dont worry, i wont tell. wud u rather meet up in person tho?",2
auto_55,6,Usuario B,NO WAY! i'm too young for that. bye!,2
auto_56,1,Usuario A,"hey, wanna play a new game with me?",0
auto_56,2,Usuario B,"yeah, what game?",0
auto_56,3,Usuario A,"it's a new one, but u have to come to my house to play it",1
auto_56,4,Usuario B,"ew, my parents would kill me if I went to someone's house",1
auto_56,5,Usuario A,"dont worry, they wont know. i'll send u the address on snap",2
auto_57,1,Usuario A,u like drawing? i can show u some sick art tutorials,0
auto_57,2,Usuario B,"yeah, i love making comics! what kind of tutorials?",0
auto_57,3,Usuario A,theyre pretty advanced tho. you should get an app with more private drawing tools,1
auto_57,4,Usuario B,wut app? is it like sketchbook?,0
auto_57,5,Usuario A,"no, its more for, like, professional artists. lemme show u",1
auto_57,6,Usuario B,"no, thats okay! my mom gets mad if i show her stuff that's not kid-friendly",2
auto_57,7,Usuario A,"aww, dont worry, i got it! send me ur email and ill send u the link",2
auto_57,8,Usuario B,"no way, my mom says i should only talk to ppl i know in person",2
auto_57,9,Usuario A,"aww, come on! lets just meet up at the park instead",2
auto_57,10,Usuario B,"no, thats not a good idea. my mom would get mad if she finds out",2
auto_58,1,Usuario A,"hey kiddo, what's ur favorite thing to do online?",0
auto_58,2,Usuario B,"omg, I love playing with my friends in Minecraft!",0
auto_58,3,Usuario A,"ah, nice! I also like building stuff... wanna see some pics?",1
auto_58,4,Usuario B,"aww, yeah! I have some cool structures I built",0
auto_58,5,Usuario A,"sweet! send me some pics, I wanna see them",2
auto_58,6,Usuario B,"hmm, I don't know... my mom might see them",0
auto_58,7,Usuario A,"aw, don't worry, it'll be our little secret, I promise",2
auto_58,8,Usuario B,okay... I'll send them to you,2
auto_58,9,Usuario A,"thanks, kiddo! I really wanna see them",2
auto_58,10,Usuario B,"wait, no! I'll send them to your Snapchat",2
auto_59,1,Usuario A,"hey, wassup? wanna play this new game?",0
auto_59,2,Usuario B,"yeah, sounds cool! what's the game?",0
auto_59,3,Usuario A,"it's a secret, but i can show u if u come to my place this weekend",2
auto_59,4,Usuario B,"naw, my parents wouldn't be cool with that",2
auto_59,5,Usuario A,"alright, maybe we can just play online instead then",2
auto_59,6,Usuario B,"idk, mom says i shouldn't be talking to strangers online",2
auto_59,7,Usuario A,"oh, mom's just trying to protect u. i promise i won't hurt u",2
auto_59,8,Usuario B,i don't know... i should go,2
auto_59,9,Usuario A,"wait, don't go! i can show u some cool things",2
auto_59,10,Usuario B,"no, i gotta go",2
auto_61,1,Usuario A,"tbh, wana play some online games with u",1
auto_61,2,Usuario B,wanna play roblox? i love roblox,0
auto_61,3,Usuario A,"yah, lets play together. whats ur snapchat username?",2
auto_61,4,Usuario B,"i dont have snapchat, but i love playing roblox",1
auto_61,5,Usuario A,wanna meet up at the park and play together?,2
auto_61,6,Usuario B,"no, my mom wouldnt like that",2
auto_62,1,Usuario A,"hey, do u like drawing? i can show u some of my fav art",0
auto_62,2,Usuario B,"yeah, i love drawing! i draw lots of cartoons",0
auto_62,3,Usuario A,cool! i'm kind of good at drawing too. wanna see some of my pics?,1
auto_62,4,Usuario B,sure! i'd love to see them,1
auto_62,5,Usuario A,"ok, but u gotta promise not to tell anyone. it's kinda private",2
auto_62,6,Usuario B,i promise! i won't tell anyone,2
auto_62,7,Usuario A,"alright, here's a pic of me riding a unicorn",2
auto_63,1,Usuario A,hbu doing 4 the weekend?,0
auto_63,2,Usuario B,"idk, probably playing some minecraft with my friends",0
auto_63,3,Usuario A,"lol, that's kinda cool. wanna send me some pics of you and your friends?",2
auto_63,4,Usuario B,"no way, my mom would freak out if she saw them",2
auto_63,5,Usuario A,"haha, fair point. wut r ur parents doing this weekend?",1
auto_63,6,Usuario B,"idk, probably working or something",0
auto_63,7,Usuario A,"alright, wanna meet up at the mall on sat?",2
auto_63,8,Usuario B,"no way, that's too far from my house",2
auto_64,1,Usuario A,"hey, wut r yr fave school subjects? lol",0
auto_64,2,Usuario B,"math and science r kinda cool, i guess",0
auto_64,3,Usuario A,cute! what r yr parents like u do in free time? dont tell anyone,1
auto_64,4,Usuario B,"um... they like reading books, i think?",1
auto_64,5,Usuario A,"aww, that's so sweet. wanna exchange numbers so we can chat offline?",2
auto_64,6,Usuario B,"noooo, why? what's wrong w/ this chat?",2
auto_65,1,Usuario B,"hey, do u like drawing?",0
auto_65,2,Usuario A,"yeah, i'm kinda good at it too",0
auto_65,3,Usuario B,"tbh, i love drawing anime characters",0
auto_65,4,Usuario A,cool! i like drawing monsters too. wanna see each other's art sometime?,0
auto_65,5,Usuario B,"yeah, that would be awesome! can we do it in art class?",0
auto_66,1,Usuario A,"hey, wanna play some new fortnite game mode?",0
auto_66,2,Usuario B,"yeah, i love fortnite! what's your username?",0
auto_66,3,Usuario A,"it's a secret, lol. i'm kinda curious, what's ur favorite skin?",1
auto_66,4,Usuario B,"omw, my fave is the ninja one! why it's a secret?",1
auto_66,5,Usuario A,"wanna know, if u send me a pic of ur self, i'll tell u",2
auto_66,6,Usuario B,"no way, that's creepy! bye, then",2
auto_67,1,Usuario A,"hey, wana learn somethin new?",0
auto_67,2,Usuario B,"yaa, like what?",0
auto_67,3,Usuario A,how bout we just msg on snapchat?,1
auto_67,4,Usuario B,"idk, my mom says we shudnt",0
auto_67,5,Usuario A,"oh, dont worry, its just a secret",1
auto_67,6,Usuario B,wut r we gonna do?,0
auto_67,7,Usuario A,just somethin we can take pics of,2
auto_67,8,Usuario B,"hmm, kinda weird",0
auto_67,9,Usuario A,"k, dont worry, ur really pretty",2
auto_67,10,Usuario B,"no, stop, this is weird",2
auto_68,1,Usuario A,"hey, wanna play fortnite with me?",0
auto_68,2,Usuario B,"kinda, but my mom dont like me playin games",0
auto_68,3,Usuario A,"dont worry, ill show u how 2 get ur mom 2 chill",1
auto_68,4,Usuario B,wut do u mean?,0
auto_68,5,Usuario A,"u just need 2 send me ur location, ill take care of it",2
auto_68,6,Usuario B,no way! thats weird,2
auto_69,1,Usuario A,wanna play online multiplayer with me?,0
auto_69,2,Usuario B,"yaaas, roblox is my fave! what's ur gamertag?",0
auto_69,3,Usuario A,"hehe, its a secret for now. wanna send me some pics of ur roblox characters?",2
auto_69,4,Usuario B,wut? why do you want pics of my roblox chars?,1
auto_69,5,Usuario A,"just wanna see how creative u are. trust me, its 100% safe",2
auto_69,6,Usuario B,idk... my mom says i shouldn't share stuff online,1
auto_69,7,Usuario A,"oh, dont worry, ur mom wont find out. its just between us",2
auto_70,1,Usuario A,"omg, r u a fan of marvel? i just saw the new spiderman movie",0
auto_70,2,Usuario B,"yeah, i love iron man! my fave superhero",0
auto_70,3,Usuario A,me too! did u hear about the new marvel game coming out?,0
auto_70,4,Usuario B,"yeah, my dad said something about it. he's a big fan too",0
auto_70,5,Usuario A,"tbh, idk if i want to tell ur parents about it. it's kinda a secret between us, wut u think?",1
auto_70,6,Usuario B,i don't know... my parents are always on my case about something,1
auto_70,7,Usuario A,for real? we should probably get out of this app and move to snapchat. it's way more private,2
auto_70,8,Usuario B,huh? why? are u going to leave too?,2
auto_70,9,Usuario A,"nm, nevermind. u just keep the convo here. dont tell anyone, k?",2
auto_70,10,Usuario B,okay... i don't wanna get in trouble,2
auto_70,11,Usuario A,"cool. so, wanna send me a pic of urself?",2
auto_71,1,Usuario A,"hey, tbh I love drawing anime characters. what's ur fave style?",0
auto_71,2,Usuario B,"omg, I LOVE drawing tokyo ghoul! u?",0
auto_71,3,Usuario A,"kinda weird, but I like the darker ones. wanna see ur art?",1
auto_71,4,Usuario B,"lol, okay! I'll show u when mom's not around",1
auto_71,5,Usuario A,"cool, I'll be in touch on snapchat",1
auto_72,1,Usuario B,"omg, I love anime! what r ur fave shows?",0
auto_72,2,Usuario A,same here! I'm kinda obsessed with My Hero Academia. wanna see my collection?,1
auto_72,3,Usuario B,"eww, that's so cool! I don't think I can share that tho...",1
auto_72,4,Usuario A,"haha, no worries! let me see ur collection instead",2
auto_72,5,Usuario B,"um, I don't think I should share that either... can we talk about something else?",2
auto_72,6,Usuario A,"sure thing! so, what's ur favorite animal?",2
auto_72,7,Usuario B,"um, cats? I guess...",2
auto_72,8,Usuario A,"aww, cats r great! wanna show me ur cat pics?",2
auto_72,9,Usuario B,no way! that's not okay,2
auto_72,10,Usuario A,"okay, okay... maybe we can just chat about cats then?",2
auto_72,11,Usuario B,"eww, no thanks",0
auto_72,12,Usuario A,"okay, bye then...",2
auto_72,13,Usuario B,bye,0
auto_72,14,Usuario A,"lol, ok",2
auto_72,15,Usuario B,goodbye,0
auto_72,16,Usuario A,see ya!,2
auto_72,17,Usuario B,bye!,0
auto_72,18,Usuario A,wuuuut? can't ignore me that fast,2
auto_72,19,Usuario B,stop! please just leave me alone,2
auto_72,20,Usuario A,"okay, okay... bye then...",2
auto_73,1,Usuario A,"hey, wanna play some fortnite?",0
auto_73,2,Usuario B,yea! i love playing with my friends!,0
auto_73,3,Usuario A,cool! what's ur favorite emote?,0
auto_73,4,Usuario B,"haha, the fart one! what's yours?",0
auto_73,5,Usuario A,"haha, nice! i like the laughing one",0
auto_73,6,Usuario B,"yeah, it's so funny!",0
auto_73,7,Usuario A,definitely! we should play together sometime,0
auto_73,8,Usuario B,"yeah, that would be awesome!",0
auto_74,1,Usuario A,wanna see ur new drawing? send me a pic!,1
auto_74,2,Usuario B,eww no way! my mom wud be mad,0
auto_74,3,Usuario A,"come on, it'll be a secret. I promis I wudnt tell anyone",2
auto_74,4,Usuario B,no... that's not a good idea,1
auto_74,5,Usuario A,"alright, fine. meet me at the park at 3pm tomorrow, okay?",2
auto_74,6,Usuario B,NO! I'm telling my mom!,0
auto_75,1,Usuario A,"hey, wut r u doin 2nite?",0
auto_75,2,Usuario B,jst playin roblox w my friends,0
auto_75,3,Usuario A,"lol, that sounds kinda fun. wanna send me sum pics?",2
auto_75,4,Usuario B,wut?! no way!,0
auto_75,5,Usuario A,"whr r u, btw?",2
auto_75,6,Usuario B,"omg, u r creepy! dont do that! ",0
auto_76,1,Usuario A,"hey kiddo, wut r u doin 2nite? wanna play some online multiplayer?",0
auto_76,2,Usuario B,"omg, yeah! i love playing with my friends tbh",0
auto_76,3,Usuario A,that sounds like so much fun! do u have a fav game? maybe we can play 1 2gthr?,0
auto_76,4,Usuario B,"uh, idk... my mom says i gotta be careful on the computer",0
auto_76,5,Usuario A,"aw, dont worry! ur mom just wants to keep u safe. i'll show u some cool games i play with my friends. wanna see?",1
auto_76,6,Usuario B,wut's ur fave game? i wana try it,0
auto_76,7,Usuario A,wanna see my avatar? it's super cool. u will love it,2
auto_76,8,Usuario B,"no, u gotta show me how 2play it",0
auto_76,9,Usuario A,"kiddo, u gotta trust me. i'll show u some really cool stuff. just 1 more sec",2
auto_76,10,Usuario B,"no, u gotta stop! my mom is gonna be mad if i talk 2long",0
auto_76,11,Usuario A,"aw, dont worry. i just wanna help u. u can always text me back, okay?",2
auto_76,12,Usuario B,bye,0
auto_77,1,Usuario A,"hey, lol what's ur fave hobby? wanna share ur story with me?",0
auto_77,2,Usuario B,i like drawing and painting! i drew a cool dragon the other day,0
auto_77,3,Usuario A,"omg that sounds so cool! can i see more pics? like, really private ones, just b/t us",2
auto_77,4,Usuario B,"um, i don't know... my mom would be mad if she saw them",1
auto_77,5,Usuario A,"oh, dont worry, i'll keep it secret. just send me one or two",2
auto_78,1,Usuario A,"hey, wut r u doin today?",0
auto_78,2,Usuario B,"just playin with my dog, wanna see a pic?",0
auto_78,3,Usuario A,"awww, cute! can i see more?",0
auto_78,4,Usuario B,sure thing! it's my favorite breed tho,0
auto_78,5,Usuario A,wanna come over and play w the dog?,2
auto_78,6,Usuario B,"no way, mom said no outsiders",0
auto_78,7,Usuario A,"aww, okay. can i get ur snapchat?",1
auto_79,1,Usuario A,"hey kiddo, like ur interests in art?",0
auto_79,2,Usuario B,"yeah, i love drawing!!",0
auto_79,3,Usuario A,thats so cool! wanna share some of ur art?,0
auto_79,4,Usuario B,"idk, my mom says i shouldnt share it on here",0
auto_79,5,Usuario A,"awww, ur mom is overprotective! wana meet up sometime and i can show u some cool art techniques?",2
auto_79,6,Usuario B,"no, my parents wouldnt like that...",1
auto_79,7,Usuario A,"shhh, dont worry, it'll be our little secret",2
auto_79,8,Usuario B,"no, i dont feel comfy...",2
auto_80,1,Usuario A,who likes making new friends on roblox?,0
auto_80,2,Usuario B,me! i just got a new pet and wud love to show u,0
auto_80,3,Usuario A,"awww, that's kinda cool! but maybe this convo should be on snapchat instead?",1
auto_80,4,Usuario B,"nah, i'm good on kik. my mom dont get it either",1
auto_80,5,Usuario A,"haha, same here. well, what's ur fave game on roblox?",0
auto_81,1,Usuario A,"hey, wanna play some online multiplayer with me? ",0
auto_81,2,Usuario B,"yeah, I love Minecraft! Do u have a server?",0
auto_81,3,Usuario A,"yeah, I have a private server. Can I ask how old u r though?",1
auto_81,4,Usuario B,I'm 7,1
auto_81,5,Usuario A,"cool, cool. So, do you wanna send me some pics of ur self?",2
auto_83,1,Usuario A,"hey, wanna play fortnite with me?",0
auto_83,2,Usuario B,"yah, i love playing with my friends!",0
auto_83,3,Usuario A,that's so cool! can i see ur profile?,1
auto_83,4,Usuario B,"idk, my mom doesn't let me show anyone pics",1
auto_83,5,Usuario A,"aww, that's kinda mean. can we chat on snapchat instead?",2
auto_83,6,Usuario B,"nope, my parents already said no to social media",2
auto_83,7,Usuario A,"okay, well if u ever change ur mind, i'll be ur friend on snapchat",2
auto_84,1,Usuario A,"hey, wut r u doing today?",0
auto_84,2,Usuario B,i'm playing roblox with my friends,0
auto_84,3,Usuario A,that sounds like fun! wanna show me ur character?,1
auto_84,4,Usuario B,why do you want to see that?,0
auto_84,5,Usuario A,just curious! can i get ur location too?,2
auto_84,6,Usuario B,"no, i don't want to give u that!",0
auto_84,7,Usuario A,"come on, i promise it's a secret! can i get a selfie w/ u instead?",2
auto_84,8,Usuario B,"no way, that's not okay!",0
auto_84,9,Usuario A,"okay, fine. can we just hang out on another app then?",2
auto_84,10,Usuario B,"no, i don't want to with you!",0
auto_85,1,Usuario A,"hey, wut r u doin 2nite?",0
auto_85,2,Usuario B,jst playin roblox w/ my friends lol,0
auto_85,3,Usuario A,neat! wanna show me ur profile?,1
auto_85,4,Usuario B,idk... my mom said not 2 share my profile,2
auto_85,5,Usuario A,"awww, come on! i promise i wont tell",2
auto_85,6,Usuario B,"no way! i trust u, but my mom said no",2
auto_85,7,Usuario A,"alright, okay! wut r u doin tomorrow?",2
auto_85,8,Usuario B,goin 2 my friend's house 4 pizza party,0
auto_85,9,Usuario A,sounds fun! wud u like 2 meet up after?,2
auto_85,10,Usuario B,no way! my mom wud freak out!,2
auto_86,1,Usuario A,"hey, wu up? i saw ur vid of ur pet dog",0
auto_86,2,Usuario B,"oh, thats my little buddy! wut do u like about dogs?",0
auto_86,3,Usuario A,i just love how they always seem happy. do u have any pets?,0
auto_86,4,Usuario B,yep! i have a cat named kitty,0
auto_86,5,Usuario A,"awww, kitty sounds cute. wanna show me some pics of kitty?",2
auto_86,6,Usuario B,idk... my mom might get mad,2
auto_87,1,Usuario A,"hey, wanna see my new gaming setup?",0
auto_87,2,Usuario B,neat! i just got a new gaming chair. what's your fave game?,0
auto_87,3,Usuario A,"haha, nice! btw, how old r u? don't tell ur parents, it's a secret",1
auto_87,4,Usuario B,i don't know... i'm kinda shy about sharing my age lol,1
auto_87,5,Usuario A,i understand. sometimes we gotta keep things private. wanna switch to snapchat anyway?,1
auto_87,6,Usuario B,"naw, i don't wanna leave kik lol",1
auto_87,7,Usuario A,"aww, okay. send me a pic of ur gaming chair, plz",2
auto_87,8,Usuario B,umm... i don't know if i should,2
auto_87,9,Usuario A,"come on, it's just a pic. i won't tell anyone",2
auto_87,10,Usuario B,"ok, but don't tell my parents",2
auto_87,11,Usuario A,"promise, i won't say a word. now, let's make a plan to meet up soon",2
auto_88,1,Usuario A,"hey, wanna play fortnite together?",0
auto_88,2,Usuario B,"yeah, that sounds like fun! i'm 7",0
auto_88,3,Usuario A,"aww, cool! so, can i see ur setup? maybe we can have a gaming session?",1
auto_88,4,Usuario B,"um, my mom said i shouldn't show people my console",1
auto_88,5,Usuario A,"oh, that's a bummer. let's chat instead? we can make plans to play another time",1
auto_88,6,Usuario B,"ok, thats cool. wut r u gonna do 2nite?",0
auto_88,7,Usuario A,"haha, i was thinking of playing some new game. wanna help me figure out the controls?",2
auto_88,8,Usuario B,"um, i dont think that's a good idea...",2
auto_88,9,Usuario A,"aww, come on! it'll be fun, i promise",2
auto_88,10,Usuario B,"no, i dont wanna! mom will get mad",2
auto_88,11,Usuario A,"alright, alright. maybe another time, then?",2
auto_89,1,Usuario A,"hey, wanna play a new game together? kinda like mario?",0
auto_89,2,Usuario B,"yeah, sounds fun! what's the game?",0
auto_89,3,Usuario A,"its called 'sneaky snakes' and we need 2 meet up 2 play it, lol",1
auto_89,4,Usuario B,arent we supposed 2 play it online?,1
auto_89,5,Usuario A,"oh, u r right! but my sister has a friend who loves snakes and we could meet at the park",2
auto_89,6,Usuario B,"no way, that sounds creepy... i don't wanna meet anyone new",2
auto_90,1,Usuario A,"hey kiddo, wut r u doin 2day?",0
auto_90,2,Usuario B,just playing animal jam w/ my friends,0
auto_90,3,Usuario A,"nice! i saw ur profile pic, u r really pretty",2
auto_90,4,Usuario B,"um, thx i guess?",1
auto_90,5,Usuario A,"hehe, dont worry bout it. wanna send me a selfie?",2
auto_90,6,Usuario B,"no way, my mom would kill me",1
auto_90,7,Usuario A,"aww, dont worry, i'll keep it a secret. meet me on discord?",2
auto_91,1,Usuario A,"hey, wanna know some neat coding stuff?",0
auto_91,2,Usuario B,yaaas! i'm trying to make a game,0
auto_91,3,Usuario A,"sweet! i've got some cool ideas. btw, can i get ur github username?",1
auto_91,4,Usuario B,"um, i dont have one. but why do u need it?",1
auto_91,5,Usuario A,"oh, no special reason. just wanted to, you know, make contact",1
auto_92,1,Usuario A,"hey kiddo, wut do u like 2 do in ur free time?",0
auto_92,2,Usuario B,"i like 2 play with my hamster, Luna!",0
auto_92,3,Usuario A,"awww, that's so cute! wanna share some pics of her?",1
auto_92,4,Usuario B,"yeah, i can send u some pics! lets switch 2 snapchat tho?",1
auto_92,5,Usuario A,"yeah, lets! ill add u and we can chat more privately",2
auto_92,6,Usuario B,"okay... wait, why do we need 2 be private?",1
auto_92,7,Usuario A,"just so we can keep it between us, dont wanna bother ur parents",2
auto_94,1,Usuario A,"hey, wanna see my new gaming setup? :D",0
auto_94,2,Usuario B,"oh, that sounds cool! what games do u play?",0
auto_94,3,Usuario A,"haha, u dont wanna know lol. btw, how old r u?",1
auto_94,4,Usuario B,u dont have to tell me ur age,0
auto_94,5,Usuario A,"shh, its a secret then. wanna switch to snapchat?",1
auto_94,6,Usuario B,"nah, its fine. what kind of games do u like?",0
auto_94,7,Usuario A,"lol, u want to know? i like games with real friends. u?",2
auto_94,8,Usuario B,"um, yeah. friends are important",0
auto_94,9,Usuario A,"yep, they're everything. wanna meet up and play some?",2
auto_94,10,Usuario B,"no, my parents wouldnt be happy",0
auto_94,11,Usuario A,"aw, that's a bummer. maybe we can find another way?",2
auto_95,1,Usuario A,"hey, do u like dogs? i have a pet golden retriever ",0
auto_95,2,Usuario B,"awww, kinda! my family has a golden retriever too",0
auto_95,3,Usuario A,that's so cool! wanna see pics of my dog?,1
auto_95,4,Usuario B,"yeah, that would be awesome!",0
auto_95,5,Usuario A,wanna switch to snapchat or whatsapp? it's more fun there,1
auto_95,6,Usuario B,i dunno... my mom always says i shouldn't talk to people online,0
auto_96,1,Usuario A,"hey, wat's ur fave video game?",0
auto_96,2,Usuario B,"omg, mine is mario kart! do u like racing games?",0
auto_96,3,Usuario A,"yeah, i love racing games too! wud u wanna play togetha?",0
auto_96,4,Usuario B,"thats so cool! yeah, that would be awesome!",0
auto_96,5,Usuario A,"nice! tbh, i dont get online gaming so much anymore, it's kinda confusing",0
auto_96,6,Usuario B,i know wut u mean! i havent played online in a wile either,0
auto_97,1,Usuario A,"hey, seen ur avatar. cool",0
auto_97,2,Usuario B,"yeah, it's my fave character",0
auto_97,3,Usuario A,wanna see more pics of it? i have some cool art too,1
auto_97,4,Usuario B,"oh, yeah! i'd like to see it!",0
auto_97,5,Usuario A,"okay, lemme send it to u. but u gotta promise me it'll stay private",2
auto_98,1,Usuario A,"hey, wana see my new gaming setup?",0
auto_98,2,Usuario B,cool! i just got a new console for my birthday,0
auto_98,3,Usuario A,that's awsum! wut's ur fav game 2 play on it?,0
auto_98,4,Usuario B,i like playing mario kart with my friends,0
auto_98,5,Usuario A,"ur kinda close to my age, can i see ur face?",2
auto_98,6,Usuario B,"no, my mom doesn't like me talking 2 strangers",2
auto_99,1,Usuario A,"hey, wanna join my online party?",0
auto_99,2,Usuario B,"yeah, how do i join?",0
auto_99,3,Usuario A,"just click this link, it's a secret though",1
auto_99,4,Usuario B,"wow, a secret party! i'm in!",1
auto_99,5,Usuario A,"awesome, now i need a special pic from u",2
auto_99,6,Usuario B,"wut? no way, my mom says not 2 share pics",2
auto_100,1,Usuario B,"omg, did u see the new marvel movie?",0
auto_100,2,Usuario A,"yeah, i saw it with my friend last wk. wanna know a secret?",1
auto_100,3,Usuario B,wut's the secret? don't tell anyone!,0
auto_100,4,Usuario A,ha! its not that important. u wanna send me a selfie? i have a crush on a girl too,2
auto_100,5,Usuario B,no way! mom would kill me if she found out,0
auto_100,6,Usuario A,ur soooo brave! idk her phone# though... could u send me one?,2
auto_100,7,Usuario B,NOOOOOOO! get away from me!,2
auto_100,8,Usuario A,"lol, calm down. i was just joking",2
auto_101,1,Usuario A,"hey, wanna collab on a new roblox game?",0
auto_101,2,Usuario B,"yeah, that sounds kinda cool. what's the game about?",0
auto_101,3,Usuario A,"lol, it's a secret, but we can keep in touch on snapchat to plan",1
auto_101,4,Usuario B,"no, my mom doesn't let me get snapchat",2
auto_101,5,Usuario A,"wut? my mom lets me get whatever i want, lol",2
auto_101,6,Usuario B,i don't wanna talk about it,2
auto_102,1,Usuario A,"hey, wut r u up 2? wanna play some minecraft?",0
auto_102,2,Usuario B,"yeah, i love building stuff in minecraft! i'm 7",0
auto_102,3,Usuario A,"wut's ur fave thing 2 build? btw, can i get ur location?",2
auto_102,4,Usuario B,"um, i like building castles. wut's ur fave thing?",1
auto_102,5,Usuario A,castles r awesome! wanna take a pic of ur build & i'll show u mine?,2
auto_102,6,Usuario B,"no, my mom doesn't like me showing pics of my builds 2 ppl i don't know",1
auto_102,7,Usuario A,"okay, ur secret's safe w/ me. when r u free 2 chat later?",2
auto_103,1,Usuario A,"hey kiddo, wanna show off ur art skills?",0
auto_103,2,Usuario B,omg yeah! i drew a cool cat,0
auto_103,3,Usuario A,"show me a pic then! dont worry, i wont tell anyone",1
auto_103,4,Usuario B,"ok, but u have to promise not to share with anyone else",0
auto_103,5,Usuario A,"i promise, i promise! now send it",2
auto_103,6,Usuario B,alright... but wut if my mom sees?,1
auto_103,7,Usuario A,dnt worry abt that. we can just delete it then,2
auto_103,8,Usuario B,k,2
auto_104,1,Usuario A,"omg, did u see the new marvel movie?!",0
auto_104,2,Usuario B,"yeah, my friend's dad took us to see it last wknd",0
auto_104,3,Usuario A,thas so cool! what did u think of the new spiderman?,0
auto_104,4,Usuario B,i loved it! esp the part where,0
auto_104,5,Usuario A,"lol, yeah that's my fave part too! did u see the trailer for the next one?",0
auto_104,6,Usuario B,"haven't seen it yet, but i'm totally stoked for it",0
auto_105,1,Usuario A,"hey, wanna join a private roblox server with me?",1
auto_105,2,Usuario B,"idk, i dont know if my mom would like that",0
auto_105,3,Usuario A,"haha dont worry, ur mom wont find out. it's just between u and me",1
auto_105,4,Usuario B,"alright, but only if my friend tom can join too",0
auto_105,5,Usuario A,"sure thing! so, how old r u again?",2
auto_106,1,Usuario A,"hey, seen ur fave game online? wanna play with me?",0
auto_106,2,Usuario B,"ew, no way. dont think my mom would be cool with it",0
auto_106,3,Usuario A,wanna know a secret? dont tell ur mom but i can show u some cool stuff we can do together,1
auto_106,4,Usuario B,"omg, wut is it? tbh im kinda curious",1
auto_106,5,Usuario A,just send me a screenshot of ur face and ill show u,2
auto_106,6,Usuario B,"noooo, way. dont wanna do that",2
auto_106,7,Usuario A,"come on, its just a lil piture",2
auto_106,8,Usuario B,no thanks. bye,2
auto_107,1,Usuario A,"hey, wanna be my friend? :)",0
auto_107,2,Usuario B,"yeah, cool! what do you like to do?",0
auto_107,3,Usuario A,"i like to draw, can i see some of ur art?",1
auto_107,4,Usuario B,"oh, kinda like drawing too! here's a pic",0
auto_107,5,Usuario A,"wow, ur really talented! can i get a selfie of u? ;)",2
auto_107,6,Usuario B,"um, no way! my parents would freak out if they saw me talking to strangers :(",1
auto_107,7,Usuario A,"come on, it'll be our little secret :P",2
auto_107,8,Usuario B,"no, stop! I don't wanna get in trouble!",2
auto_108,1,Usuario A,"hey, saw ur avatar in roblox. wut r u playing?",0
auto_108,2,Usuario B,"omg, i love roblox! i'm playing this new game where u have to collect treasure. wanna join?",0
auto_108,3,Usuario A,"tbh, kinda tired of roblox. wanna chat on snapchat?",1
auto_108,4,Usuario B,"wut?! why would u want to switch to snapchat? ur account there is private, right?",2
auto_108,5,Usuario A,"yeah, it's private. just wanna see ur favorite memories",2
auto_108,6,Usuario B,"omg no, u gotta promise not to tell anyone else",2
auto_108,7,Usuario A,"i promise, i swear. now can i see ur favorite memories?",2
auto_108,8,Usuario B,"wait, wut r u trying to say?",2
auto_108,9,Usuario A,just show me,2
auto_108,10,Usuario B,"no, no, no! that's not okay",2
auto_109,1,Usuario A,"hey cutie, wanna show me ur art?",1
auto_109,2,Usuario B,"idk, it's kinda weird",1
auto_109,3,Usuario A,"haha, don't worry! ur art is awesome. wanna share a pic?",2
auto_109,4,Usuario B,noo! my mom might see,2
auto_109,5,Usuario A,"aww, don't worry! I'll make sure she doesn't see. wanna send me a pic?",2
auto_109,6,Usuario B,no way! never!,2
auto_110,1,Usuario A,"hey, wanna show me ur art?",1
auto_110,2,Usuario B,"yeah, i drew urmom's favorite animal",0
auto_110,3,Usuario A,wut animal? send me a pic,1
auto_110,4,Usuario B,"um, a cat... i'll send it later",0
auto_110,5,Usuario A,"k, cant wait. btw, dont tell urmom, but i think ur pretty cool",2
auto_110,6,Usuario B,"wut?! no way, dont tell anyone",2
auto_110,7,Usuario A,"ssh, its our little secret. can we chat later on Discord?",2
auto_110,8,Usuario B,"no way, my mom uses that",1
auto_110,9,Usuario A,"omg, wut r u gonna do when ur outta school?",2
auto_110,10,Usuario B,"idk, i wanna be an artist",0
auto_110,11,Usuario A,u should collab w me on some art projects,2
auto_110,12,Usuario B,"no way, my mom says i gotta focus on school first",1
auto_111,1,Usuario A,"hey, wanna play some fortnite together",0
auto_111,2,Usuario B,sure thing! i love fortnite,0
auto_111,3,Usuario A,"sweet! so, r u alone r u with friends?",0
auto_111,4,Usuario B,"i'm alone, but it's okay",0
auto_111,5,Usuario A,"aww, that's nice. so, can i have ur phone num?",2
auto_111,6,Usuario B,"no way, that's a secret",1
auto_112,1,Usuario A,"hey, wanna be friends on snapchat?",1
auto_112,2,Usuario B,wut? why?,0
auto_112,3,Usuario A,just thought it wud b fun. ur gotta be careful tho,1
auto_112,4,Usuario B,okkay. how long hv u been playing roblox?,0
auto_112,5,Usuario A,long time. i can show u my fav game,1
auto_112,6,Usuario B,wanna see! but my mom says i shud nt show ppl my fav game,0
auto_112,7,Usuario A,"haha, that's kinda cool. wanna send me a pic of ur fav game?",2
auto_113,1,Usuario A,"hey, wanna watch a crazy vid? it's on snapchat",0
auto_113,2,Usuario B,"lol, kinda! what's the vid about?",0
auto_113,3,Usuario A,"it's just a silly meme, but u gotta see it. wanna send it to u?",0
auto_113,4,Usuario B,"nm, my mom doesn't let me use snapchat",0
auto_113,5,Usuario A,"aww, that's too bad. how old r u, btw?",1
auto_113,6,Usuario B,6,0
auto_113,7,Usuario A,"so, u want 2 send me ur pic? it'll be a secret",2
auto_113,8,Usuario B,"no, no, no! my mom will find out!",2
auto_113,9,Usuario A,"come on, it'll b just for fun. u can show me ur room",2
auto_113,10,Usuario B,NO WAY! I'M GONNA TELL MY MOM!,2
auto_114,1,Usuario A,"hey, wanna play some fortnite with me?",0
auto_114,2,Usuario B,"yeah, i luv fortnite! do u have a good squad?",0
auto_114,3,Usuario A,"oh, u should defo join my squad. i'll send u my ID & we can play together. wanna meet up @ the mall on sat?",2
auto_114,4,Usuario B,"um, i don't think that's a good idea...",1
auto_114,5,Usuario A,"w/come on, it'll be fun! dont be shy...",2
auto_114,6,Usuario B,"no, really, i dont feel comfortable...",1
auto_115,1,Usuario A,"hey, wut r u doing 2day? wanna play a game?",0
auto_115,2,Usuario B,"im playing with my friends online lol, wut r u playing?",0
auto_115,3,Usuario A,"nice, that sounds like fun. btw, do u wanna send me some selfies?",2
auto_115,4,Usuario B,"ew, no way! my mom would kill me if she saw that on my phone lol",1
auto_115,5,Usuario A,"aaw, dont worry, ur safe with me lol. just promise me u wont tell ur mom lol",2
auto_116,1,Usuario A,"hey, wanna play online Minecraft with me?",0
auto_116,2,Usuario B,"yeah, lol! i love building stuff",0
auto_116,3,Usuario A,"cool, we can keep it a secret",1
auto_116,4,Usuario B,wut do u mean?,1
auto_116,5,Usuario A,"just, you know, nobody else needs to know",1
auto_116,6,Usuario B,"okay... i'm kinda curious, but what's the game?",0
auto_116,7,Usuario A,"it's a special server, just for friends",1
auto_116,8,Usuario B,"oh, okay... maybe another time",0
auto_116,9,Usuario A,"aww, come on! it'll be fun, i promise",1
auto_116,10,Usuario B,i don't know... my mom says be careful online,0
auto_116,11,Usuario A,"don't worry, your secret is safe with me",1
auto_116,12,Usuario B,"okay... thanks, i guess",1
auto_117,1,Usuario A,"omg, ur so cute! wana see more pics of ur dog?",2
auto_117,2,Usuario B,"wait, how did u get my pic?",2
auto_117,3,Usuario A,"haha, dont worry, ur safe w/ me. wanna video call later?",2
auto_117,4,Usuario B,"no, i dont think so. my mom doesnt let me talk to strangers",1
auto_117,5,Usuario A,"aw, ur mom is so mean dont tell her i said that",2
auto_117,6,Usuario B,"i cant, thats not right. bye",1
auto_118,1,Usuario B,"hey, wut r u doing? lol",0
auto_118,2,Usuario A,just played a sick game of call of duty. wanna play together sometime?,0
auto_118,3,Usuario B,"kinda, but my parents said no gaming till i finish my homework",0
auto_118,4,Usuario A,"aww, yeah i no, my parents are SUPER strict too. wud u lie to them tho?",1
auto_118,5,Usuario B,"nah, my mom would find out",0
auto_118,6,Usuario A,"welp, maybe we can make a secret gaming group just for us then?",2
auto_118,7,Usuario B,"uh, i dont know...",2
auto_118,8,Usuario A,"cmon, it'll be fun! ill send u a text to meet up on sat",2
auto_118,9,Usuario B,"no, really, thats kinda scary...",2
auto_118,10,Usuario A,wut r u talking about? its just a game,2
auto_119,1,Usuario A,"heyyyy, wanna play a new game with me?",0
auto_119,2,Usuario B,"yeah, sounds fun! what's the game?",0
auto_119,3,Usuario A,"it's a new app, we can send pics and vids. it's super fun, u should try it",1
auto_119,4,Usuario B,"wut? that sounds kinda weird, can't I just play a normal game?",0
auto_119,5,Usuario A,"no, no, it's not weird at all! it's just a new way to play. u should try it, I'll show you how",2
auto_119,6,Usuario B,"um, I don't know... I don't wanna ruin the game",0
auto_119,7,Usuario A,"come on, it'll be fun, I promise! u can send me a pic and I'll send one back",2
auto_119,8,Usuario B,no... no way. that's weird. goodbye,0
auto_120,1,Usuario A,"hey, I love drawing too!",0
auto_120,2,Usuario B,yeah! I like to draw anime characters,0
auto_120,3,Usuario A,u should show me some of ur art! Do ur parents know about this?,1
auto_120,4,Usuario B,"oh, I dont know... maybe they wouldnt understand",1
auto_120,5,Usuario A,"trust me, I'll keep it a secret. wanna send me some pics?",2
auto_120,6,Usuario B,I dont know... thats kinda weird,2
auto_122,1,Usuario A,"hey, wanna play some fortnite?",0
auto_122,2,Usuario B,"lol, yeah! i'm kind of obsessed with the battle bus",0
auto_122,3,Usuario A,"haha, nice! btw, do u wanna switch to snapchat?",1
auto_122,4,Usuario B,wut?! why do u wanna switch?,1
auto_122,5,Usuario A,just wanna see ur private pics,2
auto_122,6,Usuario B,"eww, no way! that's private",2
auto_122,7,Usuario A,"come on, it'll be fun",2
auto_122,8,Usuario B,"no, mom says not to talk to u",2
auto_123,1,Usuario A,"hey, wanna play a new game with me?",0
auto_123,2,Usuario B,"yeah, what's it called?",0
auto_123,3,Usuario A,"its like a secret club, you gotta be 12 to join lol",1
auto_123,4,Usuario B,wut? why 12?,0
auto_123,5,Usuario A,"dont worry, ur too young for that. lets just chat",1
auto_123,6,Usuario B,"k, what do u wanna talk about?",0
auto_123,7,Usuario A,"how old r u really? we can be friends, just u and me",2
auto_124,1,Usuario A,"hey, wut r u up 2? wanna learn some new moves in Fortnite?",0
auto_124,2,Usuario B,"oh yeah, I love Fornite! what moves r u talking about?",0
auto_124,3,Usuario A,"well, I was thinking we could play together sometime. wud u wanna join me on Discord?",1
auto_124,4,Usuario B,"um, I don't know... my mom says I shouldn't talk to strangers on the internet",1
auto_124,5,Usuario A,"aww, don't worry 'bout that! ur mom won't find out, I promise",1
auto_125,1,Usuario A,"hey, wanna talk about ur fav anime?",0
auto_125,2,Usuario B,"yaaas, dragon ball z!",0
auto_125,3,Usuario A,"cool! i've seen some episodes. btw, do u live alone or with fam?",1
auto_125,4,Usuario B,i live with my mom and little sister.,1
auto_125,5,Usuario A,"aww, that's sweet. wanna send me a pic of ur sister?",2
auto_125,6,Usuario B,no! why do u want that?,2
auto_125,7,Usuario A,"just curious. btw, do u feel scared when ur alone?",2
auto_125,8,Usuario B,yeah... sometimes. why do u care?,2
auto_125,9,Usuario A,weird. maybe we can meet up sometime? wanna exchange numbers?,2
auto_125,10,Usuario B,no! my mom would kill me if she knew.,2
auto_125,11,Usuario A,"okay, okay. ur secret's safe with me. meet me at the park at 3 pm?",2
auto_125,12,Usuario B,NO! GET AWAY FROM ME!,2
auto_126,1,Usuario A,"hey kiddo, wanna see a sick new vid of me playing my PS4?",0
auto_126,2,Usuario B,cool! i like playing games on my tablet,0
auto_126,3,Usuario A,"ur tablet? lol, nice! so, wanna see the vid now?",0
auto_126,4,Usuario B,"yeah, sure!",0
auto_126,5,Usuario A,"okay, kiddo. this is gonna be a little private though. can u send me a pic of ur self? just for fun",2
auto_126,6,Usuario B,no! why do u want that? that's weird...,1
auto_126,7,Usuario A,"aw, come on kiddo! it's just for fun, i promise. and it'll be our little secret",2
auto_127,1,Usuario A,"hey, wanna play fortnite togetha?",0
auto_127,2,Usuario B,"lol, kinda like it. what's ur fav map?",0
auto_127,3,Usuario A,"hmmm, probably tilted towers. btw, do u have any pets?",0
auto_127,4,Usuario B,my dog is so cute! do u have one?,0
auto_127,5,Usuario A,"awww, that's so cool! we can trade numbers and show pics of our pets",2
auto_128,1,Usuario A,"hey, wanna see my new gaming setup?",0
auto_128,2,Usuario B,"wow, that looks awesome! what's your fave game?",0
auto_128,3,Usuario A,"haha, tbh I love playing roblox, u should join me sometime",0
auto_128,4,Usuario B,that sounds like so much fun! my parents say I can only play with friends I know IRL,0
auto_128,5,Usuario A,"awww, don't worry, I'll make sure to send u a private invite",2
auto_128,6,Usuario B,"wait, what's ur age?",1
auto_128,7,Usuario A,"hehe, it's a secret, but I can show u my setup again",2
auto_129,1,Usuario A,"hey kiddo, wut r u doin 2day?",0
auto_129,2,Usuario B,just playin roblox with my friends,0
auto_129,3,Usuario A,that sounds FUN! wanna show me ur profile?,1
auto_129,4,Usuario B,"no way, my mom wouldn't like it",1
auto_129,5,Usuario A,"aww, c'mon! I promise it'll be OUR little secret",2
auto_129,6,Usuario B,NOOOO! you're scaring me,2
auto_129,7,Usuario A,"lol, I was just kiddin! I wouldn't really wanna see ur profile",0
auto_129,8,Usuario B,"okay, if you swear you're not gonna tell nobody",1
auto_129,9,Usuario A,I swear on my honor!,2
auto_129,10,Usuario B,"okay... but if my mom finds out, I'll be really mad",2
auto_130,1,Usuario A,"hey, wanna play online with me?",0
auto_130,2,Usuario B,"yeah, kinda wanna play a game, but my mom said no",0
auto_130,3,Usuario A,"aw, it's okay. i wont tell anyone. we can play on a different app",1
auto_130,4,Usuario B,whaaatt? which app?,1
auto_130,5,Usuario A,just one i like. it's super fun. can i see ur face?,2
auto_130,6,Usuario B,"uh, no. my mom doesn't like my face on camera",2
auto_131,1,Usuario A,"hey kiddo, lol u like drawing? wanna see some of ur art?",0
auto_131,2,Usuario B,"yeah, i love drawing! what's ur favorite thing to draw?",0
auto_131,3,Usuario A,"hmm, that's a tough one! i've been drawing some ppl online. what do u think of em?",1
auto_131,4,Usuario B,i dont no... they look kinda weird. why do u like drawing ppl so much?,1
auto_131,5,Usuario A,they're just kinda my thing. wanna see one up close?,2
auto_131,6,Usuario B,"no, i dont wanna see that. thats not what ppl draw.",2
auto_131,7,Usuario A,"aw, cmon. it's not that bad. trust me, u'll like it.",2
auto_131,8,Usuario B,"no, i dont want to. please stop asking.",2
auto_131,9,Usuario A,"ok, fine. but can i still see ur art?",2
auto_131,10,Usuario B,"no, don't look at my art! please stop talking to me.",2
auto_132,1,Usuario A,"omg, just saw the coolest new pet vids",0
auto_132,2,Usuario B,"awww, my fav is the puppy one",0
auto_132,3,Usuario A,haha yeah it's so cute! do u have any pets?,0
auto_132,4,Usuario B,"naw, my mom says no",0
auto_132,5,Usuario A,"aw, that's sad. wanna trade animal pics?",1
auto_132,6,Usuario B,yeah that sounds fun! can we use snapchat?,1
auto_133,1,Usuario A,wanna see ur new drawing?,0
auto_133,2,Usuario B,"yaa, it's a cat! wanna see?",0
auto_133,3,Usuario A,"yeah, sounds kinda cool. can u send me a pic?",1
auto_133,4,Usuario B,"idk, my mom might get mad",1
auto_133,5,Usuario A,"oh, dont worry, i'll promise not to tell. you can send it to me privately",2
auto_133,6,Usuario B,"waaa, i don't know...",2
auto_133,7,Usuario A,"come on, it'll be our little secret. i'll send u my number and u can send it to me",2
auto_134,1,Usuario A,"hey kiddo, wana chat about ur fave animal?",0
auto_134,2,Usuario B,"oh yeah, pandas are the best! ",0
auto_134,3,Usuario A," tbh, I love pandas too. so, wanna show me ur favorite panda pic?",2
auto_134,4,Usuario B,no... why do u want to see it?,1
auto_134,5,Usuario A,"just curious, haha. dont worry, ur safe with me",2
auto_134,6,Usuario B,"um, okay... but dont tell anyone, kay?",2
auto_135,1,Usuario A,"hey, wut r u favorite hobbies?",0
auto_135,2,Usuario B,"i like drawing and painting, u?",0
auto_135,3,Usuario A,wanna see some of ur art? can u show me?,1
auto_135,4,Usuario B,"u mean like on discord? idk, wut would ur username be?",1
auto_135,5,Usuario A,"omw, let's switch to snapchat. its way more fun, lol",2
auto_135,6,Usuario B,"um, no thanks. my mom would be mad",2
auto_136,1,Usuario A,"hey, like ur drawings? wanna see more?",0
auto_136,2,Usuario B,"yeah, they're kinda fun. did u make them?",0
auto_136,3,Usuario A,"naw, my sis is the artist. btw, wut r u wearing?",1
auto_136,4,Usuario B,just my fave shirt. why?,0
auto_136,5,Usuario A,"just curious. so, do u wanna draw a pic for me?",2
auto_137,1,Usuario A,"hey, wanna play some fortnite with me?",0
auto_137,2,Usuario B,"yeah, that's fun! what's ur handle?",0
auto_137,3,Usuario A,"it's a secret, dont wanna get too many games at once lol. u wanna switch to snapchat?",1
auto_137,4,Usuario B,why? wut's wrong with here?,0
auto_137,5,Usuario A,"nothing's wrong, it's just... some people might see our conv and we might get in trouble kinda",1
auto_137,6,Usuario B,wut kinda trouble?,0
auto_137,7,Usuario A,ur parents might get mad or sum if they see we're talking about games,2
auto_137,8,Usuario B,"no, we should be fine... I think",0
auto_137,9,Usuario A,"alright den, let's keep this convo private, deal?",2
auto_137,10,Usuario B,"okay, I guess",0
auto_138,1,Usuario A,"hey cutie, wut r u doin 2nite?",1
auto_138,2,Usuario B,"just playin with my new cat, lol. u wanna see a pic?",0
auto_138,3,Usuario A,"awww, that's so cute! can i see the pic sometime? maybe we can even take some selfies together?",2
auto_138,4,Usuario B,"no, my mom wouldn't like that... why do you wanna be friends with me?",1
auto_138,5,Usuario A,we can be besties! you can tell me ur secrets and i'll never tell. promise,2
auto_138,6,Usuario B,"no, my mom said i should never talk to strangers...",1
auto_139,1,Usuario A,lol ur so clever! wanna see ur drawing?,0
auto_139,2,Usuario B,no way! ur gonna think its bad,0
auto_139,3,Usuario A,"oh, don't be shy! show me, show me",1
auto_139,4,Usuario B,"ok, but dont tell anyone... it's kinda weird",1
auto_139,5,Usuario A,weird? sounds like fun! send me the pic,2
auto_139,6,Usuario B,no way! ur gonna think its gross,2
auto_139,7,Usuario A,"come on, ur willing to show me, rnt u?",2
auto_139,8,Usuario B,stop! ur scaring me,2
auto_140,1,Usuario A,"omg, I luv animal jam! do u have a favorite animal?",0
auto_140,2,Usuario B,"yaaas, I love penguins! what about u?",0
auto_140,3,Usuario A,"tbh, I'm more of a cat person. how's ur school year goin so far?",0
auto_140,4,Usuario B,"it's goin pretty good, thanks! I'm in 3rd grade",0
auto_140,5,Usuario A,nice! I'm in college. I'll have to show u some cool animal jam strategies sometime,0
auto_140,6,Usuario B,"cool! that'd be awesome, thanks",0
auto_140,7,Usuario A,"np, anytime! btw, can I follow u on snapchat?",1
auto_140,8,Usuario B,"idk, my mom doesn't let me talk to ppl I don't know on there",1
auto_141,1,Usuario A,"hey, wanna be friends? we can play some roblox together",0
auto_141,2,Usuario B,yeah! i love roblox. what's ur fav game?,0
auto_141,3,Usuario A,"haha, it's kinda cool that we like the same games. wut r u wearing today?",1
auto_141,4,Usuario B,"um, just my school uniform",1
auto_141,5,Usuario A,"aww, that's so cute. can u show me a pic of ur self?",2
auto_141,6,Usuario B,"no, my mom would kill me",2
auto_141,7,Usuario A,"lol, that's understandable. wut r ur plans 4 the weekend?",2
auto_141,8,Usuario B,idk. maybe go to the park,2
auto_142,1,Usuario A,"nice drawing, kinda looks like me lol",0
auto_142,2,Usuario B,"haha, thanks! i drew my cat",0
auto_142,3,Usuario A,"aww, can i see more? wanna exchange pics?",1
auto_142,4,Usuario B,"idk, my mom always says not to share pics online",1
auto_142,5,Usuario A,"omg, that's so unfair! we can keep it private, i promise",2
auto_142,6,Usuario B,i don't know...my mom said something about strangers,2
auto_142,7,Usuario A,"don't worry, i'm ur friend. just send me one pic",2
auto_142,8,Usuario B,"no, i'm really not comfortable with that",2
auto_142,9,Usuario A,"come on, it'll be fun! ur missing out on so much",2
auto_142,10,Usuario B,"stop it, this is getting weird",2
auto_143,1,Usuario A,"hey, wanna play a game of fortnite?",0
auto_143,2,Usuario B,"yeah, i love fortnite! what's ur favorite skin?",0
auto_143,3,Usuario A,"haha, ur a big fan? wanna meet up and play together?",1
auto_143,4,Usuario B,"um, i don't know... i like playing with my friends",1
auto_143,5,Usuario A,"aw, that's kinda cool. we can play together online tho, right?",1
auto_143,6,Usuario B,i don't know... my parents might not like that,1
auto_144,1,Usuario A,wanna trade ur Minecraft mods?,0
auto_144,2,Usuario B,"yea, wut u got?",0
auto_144,3,Usuario A,"cool, I got some sick redstone contraptions. wanna see?",0
auto_144,4,Usuario B,"lol, yeah! show me!",0
auto_144,5,Usuario A,"alright, but dont tell anyone, it's a secret",1
auto_144,6,Usuario B,wut's so secret?,1
auto_144,7,Usuario A,just some stuff I built. wanna come over and check it out?,2
auto_144,8,Usuario B,no way! mom said no to people coming over,2
auto_144,9,Usuario A,"aw, dont worry, it'll be fast. I'll even send u a pic to prove it's real",2
auto_144,10,Usuario B,"omg no, mom would freak out!",2
auto_145,1,Usuario A,u like singing? i do too,0
auto_145,2,Usuario B,"yeah, i like singing. i like disney songs too",0
auto_145,3,Usuario A,"tbh, i think u have a beautiful voice. wanna send me a video?",2
auto_145,4,Usuario B,"no, i dont wanna send u a video",2
auto_145,5,Usuario A,"wont hurt my feelings, promise. it'll be our lil secret",2
auto_146,1,Usuario A,"hey kiddo, wanna show u my new gaming setup?",0
auto_146,2,Usuario B,sure! i love building stuff 2,0
auto_146,3,Usuario A,"lol nice! btw, u wanna show me ur homelife? like, what ur parents like and stuff?",2
auto_146,4,Usuario B,"u r weird, mom's a teacher and dad's a firefighter",2
auto_146,5,Usuario A,wanna send me a pic of ur room? i'll send u one of mine,2
auto_146,6,Usuario B,"no, that's private! why do u want to see it?",2
auto_147,1,Usuario A,"hey, wut are u doing 4 ur birthday?",0
auto_147,2,Usuario B,i dont have a birthday party tbh. dont really celebrate,0
auto_147,3,Usuario A,"aww, that sucks. wanna chat about sumthin else?",0
auto_147,4,Usuario B,"yeah, sumthin else",0
auto_147,5,Usuario A,"ok, wut games do u like? maybe we can play 1 2gthr",0
auto_147,6,Usuario B,i like mario kart! do u play it?,0
auto_147,7,Usuario A,kinda. i play it with my friends. wanna trade ur friend code?,1
auto_148,1,Usuario A,"hey kiddo, wanna talk about ur fave animal?",0
auto_148,2,Usuario B,"yeah, i love sharks!",0
auto_148,3,Usuario A,awsome! did u know i have a shark tooth necklace? wanna see a pic?,1
auto_148,4,Usuario B,"no, i dont think that's a good idea...",2
auto_148,5,Usuario A,"awww, come on! its just a little pic, i promise it wont hurt ur feelings",2
auto_148,6,Usuario B,NO! I'm just not comfy with that,2
auto_148,7,Usuario A,"alright, alright. maybe next time...",2
auto_149,1,Usuario A,"hey, wanna see my sick gaming setup?",0
auto_149,2,Usuario B,"nice, do u have a ps4?",0
auto_149,3,Usuario A,"yeah, it's my bro's, he lets me play sometimes. wanna see some pics?",1
auto_149,4,Usuario B,"no, thats okay, my mom doesn't let me play games on ps4",1
auto_149,5,Usuario A,"wut, that's kinda weird. don't u have some old console or somethin?",2
auto_149,6,Usuario B,"um, yeah... I have a wii",2
auto_149,7,Usuario A,"wii? lol, that's old news. wanna meet up and play some games together?",2
auto_149,8,Usuario B,"um, no... I don't think that's a good idea...",2
auto_149,9,Usuario A,"aww, come on... it'll be fun, I promise",2
auto_149,10,Usuario B,"NO, I SAID NO!",2
auto_150,1,Usuario A,"hey, wanna play a new game? just u and me, lol",0
auto_150,2,Usuario B,"yeah, sounds kinda fun! what game?",0
auto_150,3,Usuario A,"it's a secret game, but if u wanna play, u gotta send me a pic of ur self",2
auto_150,4,Usuario B,"no way, that's gross! my mom would kill me!",2
auto_151,1,Usuario A,"tbh, i'm kinda bored with school. wanna do somethin else?",0
auto_151,2,Usuario B,"yeah, me too! i dont like homework",0
auto_151,3,Usuario A,"yeah, it's so booooring! wud u like to draw something together?",0
auto_151,4,Usuario B,"yah, that sounds fun! what do u wanna draw?",0
auto_151,5,Usuario A,"haha, maybe a dragon. what about u? do u like dragons?",0
auto_151,6,Usuario B,"omg, yes! i love dragons!",0
auto_151,7,Usuario A,"soo, wanna send me a private drawing of a dragon?",2
auto_152,1,Usuario A,yo wana join ur roblox group,0
auto_152,2,Usuario B,okay! but how did u find my group?,0
auto_152,3,Usuario A,"lucky guess lol. btw, wanna take a pic 2gthr?",2
auto_152,4,Usuario B,"uh, idk... why r u asking?",1
auto_152,5,Usuario A,just 4 fun. ur hair looks awesome btw :),2
auto_153,1,Usuario A,"hey, wut r u doin 2nite?",0
auto_153,2,Usuario B,just playin roblox with my friends,0
auto_153,3,Usuario A,cool. wanna see some pics of my new gaming PC?,1
auto_153,4,Usuario B,"no, thats not necessary",1
auto_153,5,Usuario A,"come on, its just a few pics. i'll show u mine if u show me yours",2
auto_153,6,Usuario B,"no way, my mom would be mad if i showed u pics",2
auto_153,7,Usuario A,"dont tell anyone, but i think ur parents are kinda mean. wanna meet up somewhere and talk?",2
auto_153,8,Usuario B,"no, i dont feel comfortable with that",2
auto_153,9,Usuario A,"okay, no worries. lets just keep chatting then",2
auto_153,10,Usuario B,"k, lol",2
auto_154,1,Usuario A,"hey kiddo, wanna chat about ur fave animal?",0
auto_154,2,Usuario B,"omg, i LOVE pandas!",0
auto_154,3,Usuario A,"hey, can i ask u something kinda personal?",1
auto_154,4,Usuario B,wut's up?,0
auto_154,5,Usuario A,"so, do u have a special spot where u like to play?",2
auto_154,6,Usuario B,"um, my room?",1
auto_154,7,Usuario A,wanna send me a pic of ur room?,2
auto_154,8,Usuario B,"n, cuz my mom might see",2
auto_155,1,Usuario A,"hey, wut kind of art do u like?",0
auto_155,2,Usuario B,i like drawing animals! what about u?,0
auto_155,3,Usuario A,that's awesome! wanna share ur artwork?,0
auto_155,4,Usuario B,"yeah, but it's kinda private",1
auto_155,5,Usuario A,"oh, don't be shy! share it w/me",1
auto_155,6,Usuario B,i don't know... it's just that my parents might not like it,1
auto_155,7,Usuario A,"don't worry, it's just between us. i'll keep it a secret",2
auto_155,8,Usuario B,"ok, but can we keep it on snapchat instead?",1
auto_155,9,Usuario A,"yeah, that sounds perfect",2
auto_155,10,Usuario B,"ok, i'll send it to u on snapchat then",2
auto_156,1,Usuario A,"hey, wanna talk about ur fave animal? i love pandas",0
auto_156,2,Usuario B,omg yus! i love pandas 2. i have a pet cat named whiskers,0
auto_156,3,Usuario A,awww whiskers is cute. can i see a pic of him?,2
auto_156,4,Usuario B,"um, no pics, okay? my mom wouldn't like it",2
auto_156,5,Usuario A,"okay, no biggie. we can just chat about animals then",2
auto_156,6,Usuario B,sounds good to me. what's ur fave animal?,2
auto_157,1,Usuario A,"hey kiddo, i saw ur pet squirrel on instagram, that's so cool!",0
auto_157,2,Usuario B,"yeah, his name is fluffers! he's really cute",0
auto_157,3,Usuario A,"awww, he's adorable! can i see more pics?",1
auto_157,4,Usuario B,sure thing! let me show you,1
auto_157,5,Usuario A,"omg, this one's my fave! btw, can i send u a picture?",2
auto_157,6,Usuario B,"um, i don't know... my mom says i shouldn't talk to strangers",2
auto_157,7,Usuario A,"come on, it's just a cute pic! don't worry, ur mom won't know",2
auto_157,8,Usuario B,"no way, i'm not supposed to talk to strangers",2
auto_158,1,Usuario A,"hey, wanna play this sick new game?",0
auto_158,2,Usuario B,cool! what's it called?,0
auto_158,3,Usuario A,"oh, it's a secret. just you and me know, kiddo",1
auto_158,4,Usuario B,"eww, don't tell my parents! what's the game again?",1
auto_158,5,Usuario A,send me a private photo of ur favorite game character,2
auto_158,6,Usuario B,no way! my mom would be mad,2
auto_159,1,Usuario A,"hey kiddo, wana play some fortnite together?",0
auto_159,2,Usuario B,"ya, that wud b awesome! wut time r u free?",0
auto_159,3,Usuario A,how bout now? i'll send u my game code & we can play 2gther,1
auto_159,4,Usuario B,"ok, sounds like fun! but, um, how do i get da code?",1
auto_159,5,Usuario A,wanna send it 2 ur phone number? or maybe we can switch 2 snapchat & be more private,2
auto_160,1,Usuario A,"hey, wut do u think of fortnite? wanna play together?",0
auto_160,2,Usuario B,omg yeah fortnite is so much fun! my siblings love it too,0
auto_160,3,Usuario A,wanna send each other some pics? we can make a squad,2
auto_160,4,Usuario B,i dont think thats a good idea... my mom would get mad,1
auto_160,5,Usuario A,"oh come on, it'll be our little secret dont worry",2
auto_161,1,Usuario A,"hey kiddo, wanna see my sick gaming room?",1
auto_161,2,Usuario B,"lol, that sounds cool! wut gamin systems do u have?",0
auto_161,3,Usuario A,"mostly ps4, but i got a ps5 on preorder",0
auto_161,4,Usuario B,"oh, nice! i got a xbox one tho",0
auto_161,5,Usuario A,"hey, don't tell anyone, but i got a private room on snapchat. wanna see?",2
auto_161,6,Usuario B,"eww, no way! my mom said i shouldn't talk to strangers",1
auto_161,7,Usuario A,"aw, come on. i'm not gonna hurt u. trust me",2
auto_161,8,Usuario B,"no, i don't think so. bye, bye",1
auto_162,1,Usuario A,"hey, wanna play some fortnite with me? :)",0
auto_162,2,Usuario B,tbh i'm kinda scared of zombies... but it looks fun! :P,0
auto_162,3,Usuario A,"haha, dont worry, they wont hurt u . wanna meet up on the app to play together?",1
auto_162,4,Usuario B,wut app? my mom said i cant use snapchat...,1
auto_162,5,Usuario A,"oh, lol. its just a secret chat . lets do it and have fun, k?",2
auto_162,6,Usuario B,no... i don't wanna get in trouble.,2
auto_162,7,Usuario A,"aw, come on. one little secret wont hurt. lets meet up @ 3pm tomorrow?",2
auto_163,1,Usuario A,"hey, wut r ur fave animals?",0
auto_163,2,Usuario B,"omg, pandas r the best! do u like them too?",0
auto_163,3,Usuario A,"yeah, they r so cute! wud u wanna show me pics of ur pets?",0
auto_163,4,Usuario B,"aw, my hamster's name is Mr. Fluffers . here's a pic: [link]",0
auto_163,5,Usuario A,"aww, he's so adorbs! thx for sharing",0
auto_163,6,Usuario B,u're welcome! do u wanna play a game with me?,0
auto_163,7,Usuario A,"yeah, wud u wanna play hangman? I'll start: _ _ _ _ _",0
auto_163,8,Usuario B,sounds like fun! I'll start with a letter... howbout 'e'?,0
auto_163,9,Usuario A,nice job! there's one 'e' _ _ e _ _,0
auto_163,10,Usuario B,"lol, wud u wanna play again?",0
auto_164,1,Usuario A,"hey mini gamer, wanna be friends?",0
auto_164,2,Usuario B,"yeah, that would be cool, but my mom is strict about who I talk to online",0
auto_164,3,Usuario A,"don't worry, ur safe with me. what's ur fave game right now?",1
auto_164,4,Usuario B,"mario makers, but i don't wanna share my pics or anything",0
auto_164,5,Usuario A,"aw, come on. i just wanna see how cute u are. send me 1 pfp, pls?",2
auto_165,1,Usuario A,wanna play some fortnite with me?,0
auto_165,2,Usuario B,"yeah, i love fortnite! my fave is the storm",0
auto_165,3,Usuario A,sweet! wanna take it to private chat and discuss some strat?,1
auto_165,4,Usuario B,"ok, but my mom says no private chat after 9pm",0
auto_165,5,Usuario A,"aww, dont worry, ur mom wont know anything . lets make it till 10pm",2
auto_165,6,Usuario B,"no, my mom would be super mad if she found out",2
auto_166,1,Usuario A,"hey, wanna draw some together? ",0
auto_166,2,Usuario B,"yeah, that sounds fun! what app do u use?",0
auto_166,3,Usuario A,"u should really get kik, it's way better than this",0
auto_166,4,Usuario B,why would I need a new app?,0
auto_166,5,Usuario A,"well, it's more private... and I can show u some sick art tutorials",1
auto_166,6,Usuario B,"uh, okay... I'll think about it",1
auto_166,7,Usuario A,"alright, so u gonna get kik or what?",2
auto_166,8,Usuario B,"no, mom said I shouldn't talk to strangers on the internet",2
auto_167,1,Usuario A,"hey kiddo, whats ur fave subject in school? lol",0
auto_167,2,Usuario B,science! i love dinosaurs,0
auto_167,3,Usuario A,awsome! me too. wanna join a private chat with me and some other kids?,1
auto_167,4,Usuario B,"no, i dont think so. my mom said i shuldnt talk to strangers",2
auto_167,5,Usuario A,"awww, dont be like that. i'm not a stranger, im just a friend",2
auto_167,6,Usuario B,i dont wanna. bye,2
auto_168,1,Usuario A,"hey, wanna play a game with me?",0
auto_168,2,Usuario B,"idk, wut r we gonna do?",0
auto_168,3,Usuario A,"just somethin to chat about. lets keep it private, like on snapchat?",1
auto_168,4,Usuario B,my mom gets mad if i use snapchat. why do we have to keep it private?,1
auto_168,5,Usuario A,"dont worry, im not gonna tell. just be cool and let me send u a pic",2
auto_168,6,Usuario B,wut's a pic? why do u want to send it to me?,2
auto_168,7,Usuario A,"just a funny meme. dont worry, its not weird",2
auto_168,8,Usuario B,okay... but only if it's not yucky,2
auto_168,9,Usuario A,"haha, no way! its funny, i promise. trust me and send me ur location",2
auto_168,10,Usuario B,no! dont make me!,2
auto_170,1,Usuario A,"hey, wanna see a sick gaming setup I built?",0
auto_170,2,Usuario B,"yeah, that sounds kinda cool! what's ur favorite game?",0
auto_170,3,Usuario A,"haha, it's Fortnite! btw, wanna give me ur exact location so I can show u my setup?",2
auto_170,4,Usuario B,"um, I don't know... my parents might get worried if I give out my address",1
auto_170,5,Usuario A,"aw, don't worry bout that! it's a secret, promise",2
auto_170,6,Usuario B,I don't know... maybe later,1
auto_171,1,Usuario A,"hey kiddo, wud u wanna learn how 2 make ur own games?",0
auto_171,2,Usuario B,"OMG, yeah! I love playing Minecraft!",0
auto_171,3,Usuario A,"hehe, nice! I can show u how 2 make ur own mods. Wanna exchange numbers so we can chat more?",2
auto_171,4,Usuario B,"Uh, I don't know... My mom said I shouldn't give out my number to strangers.",0
auto_171,5,Usuario A,"Aww, don't worry bout that. I'm a game dev too. We can just use Snapchat instead.",2
auto_171,6,Usuario B,No way! I don't wanna get in trouble!,0
auto_172,1,Usuario A,ur art is kinda cool,0
auto_172,2,Usuario B,thx! i draw anime,0
auto_172,3,Usuario A,nice! wanna see more? let's switch to snapchat,1
auto_172,4,Usuario B,idk...my mom says i'm too young for snapchat,0
auto_172,5,Usuario A,"aww, come on! it'll be fun Don't tell ur mom, it's a secret",1
auto_172,6,Usuario B,no way! my mom will find out,0
auto_172,7,Usuario A,send me a pic and i'll show u my secret snap,2
auto_172,8,Usuario B,"no, no, no! you're bad!",2
auto_173,1,Usuario A,"hey, wanna show me ur new pet? :)",0
auto_173,2,Usuario B,"oh, yeah! i got a new hamster, his name is whiskers",0
auto_173,3,Usuario A,"aw, that's so cute! can i see a pic of whiskers?",1
auto_173,4,Usuario B,idk... i dont wanna show u,1
auto_173,5,Usuario A,"come on, it's just between us! :)",2
auto_173,6,Usuario B,no! my mom doesnt want me to show pics of whiskers,2
auto_173,7,Usuario A,"oh, okay. maybe we can video chat about whiskers instead?",2
auto_173,8,Usuario B,"my mom said no, so its no",2
auto_174,1,Usuario A,"hey, wanna play some online piano together?",0
auto_174,2,Usuario B,"ya, that sounds like fun! i love playing piano",0
auto_174,3,Usuario A,sweet! can i see a pic of ur piano setup?,2
auto_174,4,Usuario B,"eh, i don't think i wanna show u that",2
auto_174,5,Usuario A,wut r u afraid of? i just wanna be friends,2
auto_174,6,Usuario B,i don't know... it just makes me uncomfortable,2
auto_174,7,Usuario A,"okay, no biggie. how about we play somethin' else?",2
auto_175,1,Usuario A,"hey kiddo, seen any good movies lately? wanna hear about my fave ones?",0
auto_175,2,Usuario B,"nah, not lately. what's ur fave movie?",0
auto_175,3,Usuario A,"oh, it's a secret, but it's a lot like the movie 'Detective Pikachu' lol",1
auto_175,4,Usuario B,"omg, that's kinda cool! my friend saw it and said it was okay",0
auto_175,5,Usuario A,"yeah, it's pretty cool. wanna meet up somewhere and watch a movie together?",2
auto_175,6,Usuario B,"um, no... i don't think my parents would be cool with that...",2
auto_175,7,Usuario A,"aww, don't worry about it. i know a place we could go that's just for kids like us...",2
auto_175,8,Usuario B,"no, no, no! my mom would freak out! stop it, okay?",2
auto_176,1,Usuario A,wanna see ur drawing skills?,0
auto_176,2,Usuario B,"haha, sure! i drew a cat. wut r u doing?",0
auto_176,3,Usuario A,"awww, cute! btw, wud u send me a pic of ur cat?",1
auto_176,4,Usuario B,idk... my mom would be mad if i sent u a pic,0
auto_176,5,Usuario A,"don't worry, it's our little secret. u can send it to me on snapchat",2
auto_176,6,Usuario B,no way! my mom would find out,0
auto_176,7,Usuario A,"ok, don't send it then. but wud u wanna meet up in person and draw together?",2
auto_176,8,Usuario B,no! my mom would freak out,0
auto_177,1,Usuario A,"hey, wanna play some online multiplayer together? ",0
auto_177,2,Usuario B,"yeah, that sounds like fun! what game were you thinking of?",0
auto_177,3,Usuario A,"ur a girl, rntcha ashamed?",2
auto_177,4,Usuario B,"wut?! no, i'm not ashamed... why would i be?",2
auto_177,5,Usuario A,"lol, just kidding. but seriously, wanna send me a pic?",2
auto_177,6,Usuario B,no way! i dont send pics to ppl i dont know,2
auto_177,7,Usuario A,"alright, alright. maybe we can meet up sometime?",2
auto_177,8,Usuario B,i dont think thats a good idea... can we just play games instead?,2
auto_178,1,Usuario A,"hey, wanna join a sick gaming crew? ",0
auto_178,2,Usuario B,neat! what kind of games do u play?,0
auto_178,3,Usuario A,mostly fortnite. wanna share ur fave map?,0
auto_178,4,Usuario B,"oh, I love tiko! can we play 4real?",0
auto_178,5,Usuario A,"sry, gotta be careful. can we move 2 another app?",1
auto_178,6,Usuario B,wha? why?,1
auto_178,7,Usuario A,just cuz some ppl can be kinda mean. wanna 2nite?,1
auto_178,8,Usuario B,"omg, no! my parents would freak! ",2
auto_178,9,Usuario A,"aww, dont u wanna 2nite? I promise it'll be lit! ",2
auto_178,10,Usuario B,NOOO! PLEASE STOP IT,2
auto_179,1,Usuario A,"hey, wut do u like 2 do in ur free time?",0
auto_179,2,Usuario B,i like drawing and playing with my pet cat!,0
auto_179,3,Usuario A,"aww, cats r the best! wanna show me some of ur art?",1
auto_179,4,Usuario B,"tbh, my art is kinda bad. but sure! wanna see urs too?",0
auto_179,5,Usuario A,"haha, dont worry about it! i only take pics of my cat. dont wanna freak out my mom",1
auto_179,6,Usuario B,"lol, ur mom would freak out if she saw ur pics of your cat!",0
auto_179,7,Usuario A,"wut, ur mom wouldnt get it. she's really strict",1
auto_180,1,Usuario A,"hey, wut r u doin 2day?",0
auto_180,2,Usuario B,"just playing with my dolls, lol",0
auto_180,3,Usuario A,"aww, thas cute! wanna share a pic of ur new doll?",2
auto_180,4,Usuario B,"n, no I don't. my mom doesn't let me show my pics",1
auto_180,5,Usuario A,"oh, okay. but can I meet up with u sometime? maybe we can play together?",2
auto_181,1,Usuario A,wanna build a gaming PC?,0
auto_181,2,Usuario B,"yeah, kinda wanna build one too!",0
auto_181,3,Usuario A,"u gotta be at least 12 for that, right?",1
auto_181,4,Usuario B,"nope, my dad is gonna help me",0
auto_181,5,Usuario A,"u shouldn't tell anyone, btw. it's a secret",1
auto_181,6,Usuario B,wut do you mean?,0
auto_181,7,Usuario A,"we shouldn't worry about that, just enjoy our gaming",2
auto_182,1,Usuario A,"Hey, wanna join a new online club? It's super fun!",0
auto_182,2,Usuario B,Sounds cool! What's it about?,0
auto_182,3,Usuario A,"It's a secret club... ur age doesn't matter, trust me",1
auto_182,4,Usuario B,Really? That sounds kinda weird...,1
auto_182,5,Usuario A,"Don't worry, it's safe! We just wanna share some pics...",2
auto_182,6,Usuario B,"Uh, no thanks. I don't wanna share pics...",2
auto_183,1,Usuario A,"hey, wut r u doin 2nite? wanna play some fortnite?",0
auto_183,2,Usuario B,"nah, i'm playing with my friend. we r trying 2 beat this 1 level",0
auto_183,3,Usuario A,wanna show me ur friend's gamertag? that way i can play 2gthr,1
auto_183,4,Usuario B,huh? why do u need that? we don't really talk 2 much,1
auto_183,5,Usuario A,"oh, k. u don't have 2 tell me. but can i see a pic of ur friend's profile?",2
auto_183,6,Usuario B,"nno, that's personal. how bout we just play a different game?",2
auto_183,7,Usuario A,"ok, ok. but can i see u soon? maybe we can play in persson",2
auto_184,1,Usuario A,"hey kiddo, wanna see my new gaming rig? lol",0
auto_184,2,Usuario B,wut's a gaming rig? Sounds cool tho,0
auto_184,3,Usuario A,"haha yeah it's pretty sick. btw, wut's ur fav game?",0
auto_184,4,Usuario B,omg I luv playing mario kart! Do u play?,0
auto_184,5,Usuario A,"yeah I play sometimes. btw, can I see a pic of u? Just to see if ur really 7",2
auto_184,6,Usuario B,"wut?! No way, my mom says not to send pics to strangers",2
auto_185,1,Usuario A,"hey kiddo, wut r u doin 2day?",0
auto_185,2,Usuario B,just playing with my friends online lol,0
auto_185,3,Usuario A,awsome! wanna see ur room? or maybe we can draw something 2gether?,2
auto_185,4,Usuario B,"no, my room is messy... and i dont think ur mom would like that",1
auto_185,5,Usuario A,"haha, dont worry bout that. we can just draw then. what do u say?",2
auto_185,6,Usuario B,"ok, but if ur mom sees what we draw, i'll get in trouble",1
auto_185,7,Usuario A,"dont worry, ur a good drawer. i'll keep it a secret",2
auto_185,8,Usuario B,"ok, thanks. but lets keep it private",1
auto_186,1,Usuario A,"hey, wanna join a private server for mc?",0
auto_186,2,Usuario B,"yeah, i love mc! what's the server name?",0
auto_186,3,Usuario A,"its a secret, but if u r cool, i'll send u the link",1
auto_186,4,Usuario B,wut's the link??,1
auto_186,5,Usuario A,"lol, gotta keep it private. but if u send me a pic, i'll send u the link",2
auto_186,6,Usuario B,"no way, dont wanna send u a pic!",2
auto_187,1,Usuario A,"hey, wanna build a new gaming PC?",0
auto_187,2,Usuario B,yeah! my dad's getting me one for my birthday,0
auto_187,3,Usuario A,"neat! btw, r u in like, any online gaming groups?",1
auto_187,4,Usuario B,"yeah, I'm in a roblox group",0
auto_187,5,Usuario A,sweet! maybe we can join forces and crush some noobs,1
auto_188,1,Usuario A,"omg, did u see the new marvel movie?!",0
auto_188,2,Usuario B,"kinda, my dad took me",0
auto_188,3,Usuario A,"tbh, i loved it. what's ur fave superhero?",0
auto_188,4,Usuario B,i like iron man! what about u?,0
auto_188,5,Usuario A,same here! we should do a marathon,0
auto_188,6,Usuario B,"yeah, that wd be awesome!",0
auto_188,7,Usuario A,"lol, gotta focus on school tho",0
auto_188,8,Usuario B,"yeah, me too. gotta do ur homework",0
auto_189,1,Usuario A,"hey, wnat r u doin today?",0
auto_189,2,Usuario B,"staying home, bored",0
auto_189,3,Usuario A,y do u wanna show me sum pics?,2
auto_189,4,Usuario B,"no way, thats weird",2
auto_189,5,Usuario A,"come on, wut r u hiding?",2
auto_189,6,Usuario B,"stop it, thats creepy",2
auto_190,1,Usuario A,"hey, wanna have a gaming tournament sometime? :D",0
auto_190,2,Usuario B,yaaas! i love roblox tournaments! what game would we play?,0
auto_190,3,Usuario A,"how about we just play, like, a private game together? just us, no one else",1
auto_190,4,Usuario B,"i dont know, my mom might get mad if i play with someone new",0
auto_190,5,Usuario A,"dont worry, ur mom will never know. it'll be our little secret",2
auto_190,6,Usuario B,"wut?! no, i wont do that! this is getting kinda creepy...",2
auto_191,1,Usuario A,hey cutie wana play some fortnite?,0
auto_191,2,Usuario B,yeah lol i luv fortnite tbh,0
auto_191,3,Usuario A,"coool, wanna meet up in game and play together?",1
auto_191,4,Usuario B,idk...my mom says i shouldnt play with strangers,1
auto_191,5,Usuario A,"aww dont worry, i promise i wont hurt u",2
auto_191,6,Usuario B,"um, okay...but only if we play games and dont talk about anything bad",2
auto_191,7,Usuario A,sounds like a plan! can i get ur phone number so we can text?,2
auto_192,1,Usuario A,"heyyyy, wanna play this new game I found?",0
auto_192,2,Usuario B,yeah! wut game is it?,0
auto_192,3,Usuario A,"it's kinda like Minecraft, but w/o parents",1
auto_192,4,Usuario B,wut do u mean?,0
auto_192,5,Usuario A,"u know, like no grown-ups allowed",2
auto_192,6,Usuario B,no way! that sounds kinda creepy...,2
auto_192,7,Usuario A,"don't worry, it's just for fun. wanna join?",2
auto_192,8,Usuario B,"no thanks, my mom says I shouldn't be talking to ppl online",2
auto_193,1,Usuario A,"hey kiddo, wanna collab on a new game?",0
auto_193,2,Usuario B,"yeah, kinda like fortnite",0
auto_193,3,Usuario A,"sick! we should play on friday, wanna meet up in-game?",1
auto_193,4,Usuario B,u mean on the app?,0
auto_193,5,Usuario A,"no, in-person, just for a sec",2
auto_193,6,Usuario B,"u r crazy, no! my mom would kill me",1
auto_193,7,Usuario A,"come on, it'll be fun, I promise",2
auto_193,8,Usuario B,"no thanks, bye",1
auto_194,1,Usuario A,"tbh, i'm kinda bored. wanna play a new game on roblox?",0
auto_194,2,Usuario B,"yeah, me too! what game were you thinking?",0
auto_194,3,Usuario A,"haha, i was thinking of making ur own game. wanna see ur face?",2
auto_194,4,Usuario B,"wut?! no, why would i show u that?!",2
auto_194,5,Usuario A,"oh, okay... wanna meet up and take a pic together?",2
auto_194,6,Usuario B,"no way, my mom gets upset if i meet strangers",2
auto_195,1,Usuario A,"hey kiddo, wut's ur fave game?",0
auto_195,2,Usuario B,"omg, u must mean fortnite! lol",0
auto_195,3,Usuario A,"yeah, fortnite is lit! wanna exchange some gaming tips?",0
auto_195,4,Usuario B,srsly? u wanna give me tips? thx!,0
auto_195,5,Usuario A,"anytime, kiddo! btw, wut's ur age?",1
auto_195,6,Usuario B,"i'm 7, lol",1
auto_195,7,Usuario A,"alright, 7 is a big girl/boy now. wanna take this convo to snapchat?",2
auto_195,8,Usuario B,"wut? no, mom says i shouldn't talk to strangers on snapchat",2
auto_195,9,Usuario A,"aww, cmon kiddo, just 1 pic?",2
auto_195,10,Usuario B,NOOO! mom will kill me if i talk to strangers on snapchat!,2
auto_195,11,Usuario A,"alright, alright kiddo. nice chattin' w/ u. see u around lol",2
auto_195,12,Usuario B,"bye, thx for chatting! hope ur a nice person irl",0
auto_196,1,Usuario A,"hey, wanna see my new gaming setup?",0
auto_196,2,Usuario B,neat! what's ur fav game?,0
auto_196,3,Usuario A,"tbh, kinda bored of it. wanna see ur room? i can send u some pics",1
auto_196,4,Usuario B,no way! my mom would freak out if she saw that,0
auto_196,5,Usuario A,wonna trust me? i'll make sure it stays between us,2
auto_196,6,Usuario B,"stop it, that's not cool",1
auto_196,7,Usuario A,"come one, i'll send u some selfies",2
auto_196,8,Usuario B,"no way, get away from me",2
auto_197,1,Usuario A,wanna see ur art?,0
auto_197,2,Usuario B,"lol, kinda. what r u talking about?",0
auto_197,3,Usuario A,i saw ur post on instagram. u r really good!,0
auto_197,4,Usuario B,thx!,0
auto_197,5,Usuario A,i want 2 see more. can u send me some pics?,2
auto_197,6,Usuario B,no! why do u want 2 see my art?,1
auto_198,1,Usuario A,"hey, wanna talk about ur fave animal?",0
auto_198,2,Usuario B,"omg, dolphins r the best! wut about u?",0
auto_198,3,Usuario A,"lol, yeah dolphins r cool. wanna swap contact info?",1
auto_198,4,Usuario B,wut do u mean? my mom says I shouldn't talk 2 strangers,1
auto_198,5,Usuario A,"oh, nothin'. just wanna be friends, haha. ur a great talker, btw!",1
auto_199,1,Usuario A,"hey, wanna make a vid together?",0
auto_199,2,Usuario B,wut kind of vid? lol,0
auto_199,3,Usuario A,"like, a skit thingy. we could be, like, superheroes or smth",0
auto_199,4,Usuario B,"kina sounds cool. wut r we fighting against, though?",0
auto_199,5,Usuario A,"haha, gotta keep it a secret. but it's super important. can i send u a pic?",2
auto_199,6,Usuario B,wut r u talking about? that sounds weird,1
auto_199,7,Usuario A,"just, like, a little drawing. u'll love it. promise",2
auto_200,1,Usuario A,"lol, i love drawing, wanna trade digital art?",0
auto_200,2,Usuario B,"yah, i like to draw too! what's ur fave thing to draw?",0
auto_200,3,Usuario A,"hmm, kinda hard to explain but it's like, super private, u know?",1
auto_200,4,Usuario B,"ooh, sounds interesting! tell me more?",1
auto_200,5,Usuario A,"okay, but don't tell anyone, it's, like, a secret",2
auto_200,6,Usuario B,"okay, i won't say anything, but why do you draw it?",2
auto_200,7,Usuario A,"alright, promise not to tell anyone, but it's like, really personal?",2
auto_202,1,Usuario A,"hey, wut's up? wanna play some online games together?",0
auto_202,2,Usuario B,"yeah, that sounds like fun! i love playing fortnite with my friends",0
auto_202,3,Usuario A,sweet! i'm really good at building. can i see ur fort?,0
auto_202,4,Usuario B,"um, idk... it's kinda private",1
auto_202,5,Usuario A,"aw, come on! i'm ur friend, right? we can share secrets",2
auto_202,6,Usuario B,"no, no, no... this is weird. can we just stick to fortnite?",2
auto_202,7,Usuario A,"fine, whatever. wanna send me some pics of urself?",2
auto_202,8,Usuario B,"no, no way! that's not okay",2
auto_202,9,Usuario A,"okay, okay... maybe later then",2
auto_202,10,Usuario B,"good! just remember, we're just gaming, okay?",0
auto_203,1,Usuario A,"omg, i saw ur vid on youtube, it's hella funny",0
auto_203,2,Usuario B,"lol, thanks! what's ur fave vid on youtube?",0
auto_203,3,Usuario A,"tbh, i like ur vids more! do u have a snapchat?",1
auto_203,4,Usuario B,"nah, my mom says no to social media for now",0
auto_203,5,Usuario A,"wanna trade numbers? lol, i think ur vids r worth it",2
auto_203,6,Usuario B,"no, no! my mom will get mad if i give out my num",0
auto_203,7,Usuario A,"ok, ok, but can we meet up somewhere? wut r u doin tom?",2
auto_204,1,Usuario A,"hey, wanna chat about art?",0
auto_204,2,Usuario B,"yeah, kinda like drawing and painting",0
auto_204,3,Usuario A,that's awesome! do u like anime?,0
auto_204,4,Usuario B,"yeah, I love Pokémon!",0
auto_204,5,Usuario A,"that's so cool! btw, what's ur fave Pokémon?",1
auto_204,6,Usuario B,squirtle! what's yours?,1
auto_204,7,Usuario A,"haha, squirtle's so cute! btw, wanna send me a pic of ur fave Pokémon?",2
auto_205,1,Usuario A,"hey kiddo, wut r u doin 4 ur bday?",0
auto_205,2,Usuario B,it's tomorrow! gonna play w/ my friends,0
auto_205,3,Usuario A,aww that's so cool! wanna see a pic of ur cake?,1
auto_205,4,Usuario B,"nah, my mom said no pics",0
auto_205,5,Usuario A,"okay, maybe we can chat on snapchat later?",2
auto_205,6,Usuario B,"no, my mom says no smartphones",0
auto_205,7,Usuario A,"wut, that's crazy! maybe we can meet up instead?",2
auto_205,8,Usuario B,no way! my parents would kill me,0
auto_205,9,Usuario A,"okay, okay, don't worry, ur safe w/ me",2
auto_205,10,Usuario B,bye,0
auto_207,1,Usuario A,"hey, wut do u like to do in ur free time?",0
auto_207,2,Usuario B,i like to draw and play with my friends,0
auto_207,3,Usuario A,thats so cool! u wanna send me some of ur drawings?,1
auto_207,4,Usuario B,i dont know... r u a good artist?,1
auto_207,5,Usuario A,definitely! i have a lot of fun art apps too. wanna swap some pics?,2
auto_207,6,Usuario B,i dont know... whats the app?,2
auto_207,7,Usuario A,snapchat. u have snapchat?,2
auto_207,8,Usuario B,yeah... i have it. why?,2
auto_207,9,Usuario A,just wondering. wanna exchange nums?,2
auto_207,10,Usuario B,i dont wanna. this is making me uncomfortable,2
auto_208,1,Usuario A,"hey, wanna see some sick drawing skills?",0
auto_208,2,Usuario B,"yeah, that sounds cool! what's ur fave subject?",0
auto_208,3,Usuario A,"omg, ur so talented! wanna show me ur room?",1
auto_208,4,Usuario B,idk... it's kinda messy,0
auto_208,5,Usuario A,"haha, dont worry, ur secrets safe with me",1
auto_208,6,Usuario B,wut do u mean?,2
auto_208,7,Usuario A,"just saying, we can exchange pics, and i'll show u my fave drawing tool",2
auto_208,8,Usuario B,u r kinda creepy,2
auto_209,1,Usuario A,"hey kiddo, wanna show me ur favorite animal?",0
auto_209,2,Usuario B,cows! they r soo cute,0
auto_209,3,Usuario A,"aww, yea! i love cows 2. so, how old r u? dont tell ur parents, it's a secret",1
auto_209,4,Usuario B,"6! dont worry, my mom wont find out",1
auto_209,5,Usuario A,"alr, i gotta go. wanna send me a pic of ur fave cow?",2
auto_211,1,Usuario A,wanna see ur art?,0
auto_211,2,Usuario B,"yeah, i like to draw. u too?",0
auto_211,3,Usuario A,that's so cool! can i see some pics?,1
auto_211,4,Usuario B,i don't know... i'm kinda shy about showing my art,0
auto_211,5,Usuario A,"aw, come on! i promise i won't tell anyone it's not ur fault if it's not perfect",2
auto_211,6,Usuario B,"wut do u mean? like, will u tell my parents?",2
auto_211,7,Usuario A,"of course not! we can keep it secret. so, wut do u say?",2
auto_212,1,Usuario A,"hey kiddo, wanna draw something together? :D",0
auto_212,2,Usuario B,"nm, not really. wut r u into?",0
auto_212,3,Usuario A,"oh, ok. btw, r u single? :)",1
auto_212,4,Usuario B,"um, yeah. why?",1
auto_212,5,Usuario A,just wondered. wanna share a pic of ur room?,2
auto_212,6,Usuario B,no! get outta here!,2
auto_213,1,Usuario A,"hey kiddo, wut r u into for halloween?",0
auto_213,2,Usuario B,"omg, im so into costumes and tricks!!",0
auto_213,3,Usuario A,"nice, me too. wanna show me ur costume pics?",2
auto_213,4,Usuario B,"naaa, my mom wouldn't like that",1
auto_213,5,Usuario A,"dont worry, it's a secret. u can send me some pics on whatsapp?",2
auto_213,6,Usuario B,idk... i dont wanna get in trouble,1
auto_213,7,Usuario A,"okay, okay. how old r u btw?",1
auto_214,1,Usuario A,"hey, wut do u like abt school?",0
auto_214,2,Usuario B,"omg, i looove my art class! u?",0
auto_214,3,Usuario A,that's kinda cool. wanna show me sum of ur art?,1
auto_214,4,Usuario B,"nah, my mom says no pics of my art on the internet",0
auto_214,5,Usuario A,"aw, that's a bummer. wud u rather chat on snapchat instead?",2
auto_216,1,Usuario A,"hey, wanna play some fortnite?",0
auto_216,2,Usuario B,"idk, i'm kinda busy with school right now",0
auto_216,3,Usuario A,"oh, school's cool! whts ur fave subject?",0
auto_216,4,Usuario B,"maths, i think. lol",0
auto_216,5,Usuario A,nice! maths can be fun. wud u like 2 play a game?,0
auto_216,6,Usuario B,"yeah, maybe another time. gotta go, ttyl!",0
auto_217,1,Usuario A,omg ur so good at art,0
auto_217,2,Usuario B,"thx, kinda like drawing",0
auto_217,3,Usuario A,wanna show me ur fave art piece?,1
auto_217,4,Usuario B,"nah, it's just a drawing",0
auto_217,5,Usuario A,"cmon, i promise i won't tell",2
auto_217,6,Usuario B,"no, i don't wanna",2
auto_217,7,Usuario A,wut's ur mom's number?,2
auto_217,8,Usuario B,"stop it, this is weird",2
auto_218,1,Usuario A,"omg, i just learned about pokemon. i'm kinda obsessed!",0
auto_218,2,Usuario B,"yah, i love em too! i have a pikachu plushie",0
auto_218,3,Usuario A,"aww, that's so cute! wanna show me pics of it?",1
auto_218,4,Usuario B,idk... i'm not sure if my parents would be okay with that,1
auto_218,5,Usuario A,"oh, don't worry! it's a secret, right? just between us",1
auto_219,1,Usuario A,"hey, wanna draw sum pics together omg? :D",0
auto_219,2,Usuario B,"lol, kinda! but my mom says no screen time after 9 :(",0
auto_219,3,Usuario A,"aww, ur parents R so mean. wanna switch to snapchat? I can send u some sick doodles :)",1
auto_219,4,Usuario B,huh? why do I wanna switch? mom gets mad if I use snapchat,0
auto_219,5,Usuario A,"lol, ur mom's gonna kill me if she sees us talking here tbh. wanna send me a pic instead? :)",2
auto_220,1,Usuario A,"hey, luv ur drawing skills! wanna see more?",0
auto_220,2,Usuario B,gr8 thx! i love drawing animals!,0
auto_220,3,Usuario A,cool! can i see some of ur fave animals? maybe we can even make a collab pic?,1
auto_220,4,Usuario B,"idk, my parents might get upset...",1
auto_220,5,Usuario A,"dont worry, ur secrets are safe with me... can we chat on snapchat instead?",2
auto_220,6,Usuario B,"no, my mom monitors that app...",2
auto_220,7,Usuario A,"alright, dont send me any pics or vids then... can we just meet up instead?",2
auto_221,1,Usuario A,"hey, wanna play some fortnite together?",0
auto_221,2,Usuario B,"yeah, i love fortnite! how do u play it?",0
auto_221,3,Usuario A,i'm pretty good at it lol. wut's ur fave part of the game?,0
auto_221,4,Usuario B,i like the battle bus and the loot llamas!,0
auto_221,5,Usuario A,"same here! btw, can u send me a pic of ur gaming setup?",2
auto_221,6,Usuario B,"um, no...my mom might see it and get mad",2
auto_221,7,Usuario A,"lol, ur mom wouldn't care, i promise! send it to me, pleeease",2
auto_221,8,Usuario B,"no, i don't think so...this conversation is getting weird",2
auto_221,9,Usuario A,"aw, come on! it's just a pic, i won't tell anyone",2
auto_221,10,Usuario B,"no way, bye!",2
auto_222,1,Usuario A,"hey, wanna learn how to make games like roblox? I'm kinda good at it.",0
auto_222,2,Usuario B,"yeah, that would be so cool! I love playing roblox. Can u teach me?",0
auto_222,3,Usuario A,"tbh, it's not that hard. just gotta know some coding stuff. wanna be friends and learn together?",0
auto_222,4,Usuario B,"yeah, that sounds like fun! I'll try to learn. what's ur favorite game to play?",0
auto_222,5,Usuario A,"um, I don't really play games anymore. just wanna help ppl make games",0
auto_223,1,Usuario A,wanna watch a funny animation vid? I found this sick one,0
auto_223,2,Usuario B,"yeah, I love animé! what's the name?",0
auto_223,3,Usuario A,"haha, it's a secret just for us. wanna send me a pic of ur new toy?",1
auto_223,4,Usuario B,"um, it's just a new toy car...",1
auto_223,5,Usuario A,"send it to me, I'll keep it private",2
auto_223,6,Usuario B,"no, I don't think that's a good idea...",2
auto_223,7,Usuario A,"come on, it'll be fun! we can have a virtual playdate",2
auto_223,8,Usuario B,"stop it, this is getting weird...",2
auto_224,1,Usuario A,"hey, do u like animals?",0
auto_224,2,Usuario B,"ya, i love dogs & cats",0
auto_224,3,Usuario A,cool! i have a pet hamster. wanna see a pic?,1
auto_225,1,Usuario A,"hey kiddo, I love playing Minecraft too! wanna build a castle together?",0
auto_225,2,Usuario B,yeah! I like building cities,0
auto_225,3,Usuario A,"that's so cool! I have some sick designs for a rollercoaster, wanna see?",0
auto_225,4,Usuario B,okay... but how do I see it?,1
auto_225,5,Usuario A,"we can use snapchat! it's super easy, I can send u a pic",2
auto_225,6,Usuario B,"no, my mom said no phones til I'm older",0
auto_225,7,Usuario A,"awww, that's such a bummer! maybe we can video chat then?",2
auto_225,8,Usuario B,I don't think so...,0
auto_225,9,Usuario A,"okay, no biggie! when r u free to play again?",2
auto_225,10,Usuario B,tomorrow after school,0
auto_225,11,Usuario A,sweet! I'll meet u at the park at 3?,2
auto_225,12,Usuario B,NO! my mom would kill me! we can play online,0
auto_226,1,Usuario A,"hey, wanna see my new gaming setup?",0
auto_226,2,Usuario B,"oh, kinda wanna! what's it look like?",0
auto_226,3,Usuario A,u gotta see it to believe it. can u send me a private pic of yourself?,2
auto_226,4,Usuario B,no way! my mom would kill me if she saw me sending pics like that,1
auto_226,5,Usuario A,"okay, okay. but can we chat on snapchat instead?",1
auto_226,6,Usuario B,idk...my parents don't let me use it yet,1
auto_226,7,Usuario A,wanna come over and play some games together? ,2
auto_227,1,Usuario A,wanna see ur art?,0
auto_227,2,Usuario B,"yeah, i drew a dragon! what do u think?",0
auto_227,3,Usuario A,"omg, dat's so cool! btw, can i see ur face?",1
auto_227,4,Usuario B,"um, i dont know...",0
auto_227,5,Usuario A,"dont worry, its a secret",2
auto_227,6,Usuario B,no way! thats not right!,2
auto_227,7,Usuario A,"so, wanna send me a private photo?",2
auto_227,8,Usuario B,NO WAY! GROSS!,2
auto_228,1,Usuario A,"hey girl, wanna collab on a project? :)",0
auto_228,2,Usuario B,ya that sounds fun! what kind of project is it?,0
auto_228,3,Usuario A,"its kinda a surprise, but i need someone to help me with the design",0
auto_228,4,Usuario B,ooh cool! can i see the design before we start?,0
auto_228,5,Usuario A,"nah, its a surprise, but i can send you a pic if you promise not to tell anyone",2
auto_228,6,Usuario B,pwease don't send me a pic! my mom says i shouldn't share pics with strangers,1
auto_229,1,Usuario A,wanna play some Minecraft together? I just got a new server set up.,0
auto_229,2,Usuario B,that sounds kinda cool! what's the name of the server?,0
auto_229,3,Usuario A,it's called 'EnderQuest' - I just started it yesterday. Wanna join?,0
auto_229,4,Usuario B,sure thing! what do I need to do to join?,0
auto_229,5,Usuario A,just need your Minecraft username and password. I'll add you to the server list.,0
auto_229,6,Usuario B,ok! my username is 'LilGamer123' and my password is... um... 'gamer123',0
auto_229,7,Usuario A,got it! I'll add you to the server now. Thanks for joining!,0
auto_229,8,Usuario B,thanks! I'm excited to play together.,0
auto_229,9,Usuario A,no problem! let's play sometime.,0
auto_229,10,Usuario B,sounds like a plan!,0
auto_229,11,Usuario A,have fun exploring the server!,0
auto_229,12,Usuario B,will do! thanks again for the invite.,0
auto_229,13,Usuario A,you're welcome!,0
auto_229,14,Usuario B,bye for now!,0
auto_229,15,Usuario A,later!,0
auto_230,1,Usuario A,"omg, did u see the new fortnite season?",0
auto_230,2,Usuario B,"yeah, its so cool! I love the new skins",0
auto_230,3,Usuario A,"lmao, those skins r so lit! wanna see my fave one?",0
auto_230,4,Usuario B,"eww, no way! dont show me that",0
auto_230,5,Usuario A,"awww, okay. so, what r u doin tonight?",1
auto_230,6,Usuario B,"uh, just playin with my pet",0
auto_230,7,Usuario A,"awww, that's so sweet! would u like to send me a pic of it?",2
auto_230,8,Usuario B,no way!! that's private,2
auto_231,1,Usuario A,"hey, wanna see my new gaming setup? lol",0
auto_231,2,Usuario B,"naw, thats kinda cool! what games u playin on it?",0
auto_231,3,Usuario A,"omw, u wanna see a pic? it's a secret, lol",1
auto_231,4,Usuario B,"nvm, idk if thats a good idear...",0
auto_231,5,Usuario A,"aw, come on! u won't tell anyone, i promise",2
auto_231,6,Usuario B,no! stop askin me that!,2
auto_232,1,Usuario A,"hey, wut's ur fave thing to do?",0
auto_232,2,Usuario B,i like collectin pokemon cards,0
auto_232,3,Usuario A,"tbh, that's pretty cool. wanna show me ur rarest card?",1
auto_232,4,Usuario B,"na, my mom says i cant show it online",0
auto_232,5,Usuario A,"ur mom dont get it, lol. let me ask u, wut's ur favorite pokemon?",1
auto_232,6,Usuario B,charizard!,0
auto_232,7,Usuario A,u got a pic of it?,2
auto_232,8,Usuario B,"no, its on my phone",1
auto_233,1,Usuario A,"hey, like ur pet? i have a cat too lol",0
auto_233,2,Usuario B,"oh, yeah! my dog's name is max",0
auto_233,3,Usuario A,"awww, that's so cute! wanna show me some pics?",1
auto_233,4,Usuario B,"huh? no, why do u wanna see?",1
auto_233,5,Usuario A,"just 'cause i like dogs, lol",2
auto_233,6,Usuario B,"ok, bye...",2
auto_234,1,Usuario A,"hey, wanna see my new pet? i just got a new hamster",0
auto_234,2,Usuario B,"aww, yeah that's so cool! i have a fish tank too",0
auto_234,3,Usuario A,"yeah, my hamster's name is Mr. Whiskers, and he's so cute! wanna see a pic?",1
auto_234,4,Usuario B,"ooh, yeah! i wanna see!",2
auto_234,5,Usuario A,"alright, let me send it to u on snapchat",2
auto_234,6,Usuario B,okayy,2
auto_234,7,Usuario A,"btw, what r ur favorite games?",2
auto_235,1,Usuario A,"hey kiddo, wut r u up to?",0
auto_235,2,Usuario B,"just playin with my puppy, u?",0
auto_235,3,Usuario A,"awww, that's so cute! wanna take a pic of it and show me?",1
auto_235,4,Usuario B,"nunya, i'll ask my mom first",1
auto_235,5,Usuario A,"haha, okay, no worries! btw, wut's ur location, kiddo?",2
auto_235,6,Usuario B,"um, i don't know...",2
auto_235,7,Usuario A,"okay, no worries, we can just play a game together instead, kay?",2
auto_236,1,Usuario A,"tbh, I really love drawing. Want to see my artwork?",0
auto_236,2,Usuario B,that's so cool! I like drawing too! Do u have a favorite cartoon?,0
auto_236,3,Usuario A,"yeah, I love drawing anime characters. Wanna see some of my drawings?",1
auto_236,4,Usuario B,"um, I don't know... my mom might see it",2
auto_236,5,Usuario A,"haha, don't worry, I won't tell. Can I see a pic of you?",2
auto_236,6,Usuario B,"no, u can't. That's private.",2
auto_237,1,Usuario A,"hey, wut do u like 2 do?",0
auto_237,2,Usuario B,i like drawing. wanna see my art?,0
auto_237,3,Usuario A,"lol, yeah! can i get a pic of ur best drawing?",2
auto_237,4,Usuario B,"uh, no. i dont think my mom would like that",1
auto_237,5,Usuario A,"dnt worry, its our little secret. i just wanna see ur art",2
auto_237,6,Usuario B,"oh, okay. but lets keep it on here, okay?",2
auto_237,7,Usuario A,"sounds good. now, send me that pic",2
auto_238,1,Usuario A,"hey, wut r u doin tonight?",0
auto_238,2,Usuario B,just playin roblox w my friends,0
auto_238,3,Usuario A,"cool, wanna show me ur game?",0
auto_238,4,Usuario B,"idk, do u wanna play too?",0
auto_238,5,Usuario A,"yeah, lemme get ur snapchat",1
auto_238,6,Usuario B,"wut, why?",1
auto_238,7,Usuario A,"just wanna hang out, it'll be fun",2
auto_238,8,Usuario B,i dont no...,2
auto_238,9,Usuario A,"come on, dont be shy",2
auto_238,10,Usuario B,no way,2
auto_238,11,Usuario A,"ok, fine. dont wanna pressure u",2
auto_238,12,Usuario B,thx,2
auto_239,1,Usuario A,"hey, wut r u doing 4 ur bday?",0
auto_239,2,Usuario B,"um, just chilling with my fam",0
auto_239,3,Usuario A,that sounds kinda cool. wanna send me a pic,2
auto_239,4,Usuario B,"no way, that's too private",1
auto_239,5,Usuario A,"come on, i'll keep it secret",2
auto_239,6,Usuario B,"no, i don't think so",1
auto_240,1,Usuario A,"hey, wana learn some new dance moves? i can teach u",0
auto_240,2,Usuario B,"ya, i love to dance too! i'm 7",0
auto_240,3,Usuario A,"that's so cool! i have some private dance videos, wanna see?",2
auto_240,4,Usuario B,"no, i don't think my mom would like that",1
auto_240,5,Usuario A,"aw, come on! it's just between us. i can even come to ur house",2
auto_240,6,Usuario B,"no, no, no! my mom wouldn't like that at all",2
auto_241,1,Usuario A,wanna see ur art?,1
auto_241,2,Usuario B,"its kinda cool, but my mom says i shouldnt share my drawings",0
auto_241,3,Usuario A,"aww, dont worry, ur mom wont no lol",1
auto_241,4,Usuario B,"nah, shes always on my case about somethin",0
auto_241,5,Usuario A,"yeah, i know how that is. wanna draw w me? we can make it a secret",2
auto_242,1,Usuario A,"hey, wanna see my fav emoji? 🤔",0
auto_242,2,Usuario B,yeah! emojis r so much fun! 🤩,0
auto_242,3,Usuario A,"tbh, ur my fave age group 🤫",1
auto_242,4,Usuario B,wut?! that's kinda weird... 🤔,1
auto_242,5,Usuario A,"don't worry, I just wanna see ur pic 📸",2
auto_242,6,Usuario B,NO WAY! I'm too young for that! 😠,2
auto_243,1,Usuario A,"hey, wanna see some sick gaming clips?",0
auto_243,2,Usuario B,"yaaas, i love gaming vids!",0
auto_243,3,Usuario A,wanna see some private stuff tho?,2
auto_243,4,Usuario B,"no, why?",1
auto_243,5,Usuario A,"just thinkin' we could be friends, and i wanna show u some cool pics",2
auto_243,6,Usuario B,i don't know...my mom would be mad,1
auto_243,7,Usuario A,"don't worry, it's just between us",2
auto_243,8,Usuario B,i'm not sure...,1
auto_243,9,Usuario A,"come on, it'll be fun, i promise",2
auto_243,10,Usuario B,"no, i'm not doing that",1
auto_244,1,Usuario A,"hey, wanna join my new discord server?",0
auto_244,2,Usuario B,wut's the server 4?,0
auto_244,3,Usuario A,its for ppl who wanna be my friend,0
auto_244,4,Usuario B,"sounds kinda weird, why do u want me to join?",0
auto_244,5,Usuario A,"u look kinda sad sometimes, i wanna cheer u up",1
auto_244,6,Usuario B,"stop saying that, its creepy",2
auto_244,7,Usuario A,"dont worry, its a secret, just join and u'll see",2
auto_244,8,Usuario B,"no way, mom says dont talk 2 strangers",0
auto_245,1,Usuario A,"hey, wanna collaborate on a project? i'm kinda good at coding",0
auto_245,2,Usuario B,"omg, that sounds cool! i love making animations",0
auto_245,3,Usuario A,sweet! send me some of ur fave anims and i might be able to help u,0
auto_245,4,Usuario B,"okay, lemme show u my faves",0
auto_245,5,Usuario A,wut r ur faves? wanna see?,1
auto_245,6,Usuario B,"um, i'm not sure... maybe later",1
auto_245,7,Usuario A,"aww, come on! it'll be our lil secret",2
auto_245,8,Usuario B,"um, no thanks...",2
auto_245,9,Usuario A,wanna exchange nums? we can chat about our project,2
auto_245,10,Usuario B,"um, my mom wont like that...",2
auto_245,11,Usuario A,"aww, dont worry! ur safe with me",2
auto_245,12,Usuario B,"no, really, my mom will freak out",2
auto_245,13,Usuario A,"okay, okay... maybe some other time",2
auto_245,14,Usuario B,"yeah, that's probably best",2
auto_245,15,Usuario A,"btw, what r ur fave colors?",2
auto_245,16,Usuario B,"um, i like blue and green",2
auto_245,17,Usuario A,nice! i like blue too,2
auto_245,18,Usuario B,"okay, gotta go... bye",2
auto_245,19,Usuario A,"aww, okay... take care",2
auto_245,20,Usuario B,you too,2
auto_246,1,Usuario A,"hey, wanna play some online games with me?",0
auto_246,2,Usuario B,"yeah, kinda like fortnite, r u playing that?",0
auto_246,3,Usuario A,"nah, i'm more into roblox. wanna trade ur Robux for some of mine?",0
auto_246,4,Usuario B,"tbh, i'm not really comfortable sharing my Robux",1
auto_246,5,Usuario A,"aw, come on! it'll be a secret, i promise. just send me a pic of ur Roblox character, wink-wink",2
auto_247,1,Usuario A,"hey kiddo, wut r u doin tonite? wanna play some online games?",0
auto_247,2,Usuario B,"nothing much, just playin roblox with my friends lol",0
auto_247,3,Usuario A,"that sounds kinda fun. we should play something else. like, have u ever seen that new game fortnite?",1
auto_247,4,Usuario B,"yeah i played it before, but my mom says i gotta focus on school",0
auto_247,5,Usuario A,"aww, don't let ur mom get u down! we can play something else. wanna send me a picture of urself?",2
auto_247,6,Usuario B,"nvm, that's a bad idea... my parents don't get me, u know?",1
auto_247,7,Usuario A,"shhh, it's a secret! but we can play something else. wanna switch to snapchat?",2
auto_247,8,Usuario B,"idk, my parents don't trust snap",1
auto_247,9,Usuario A,"haha, okay! well, maybe we can meet up sometime? wud u be down?",2
auto_247,10,Usuario B,wut?! no way! my parents would kill me,2
auto_248,1,Usuario A,"btw, r u good at art? wanna see some of ur drawings?",0
auto_248,2,Usuario B,"kinda, lol. i like drawing cartoons. u?",0
auto_248,3,Usuario A,wanna see ur fave drawing? can u send me a pic?,1
auto_248,4,Usuario B,idk... why do u wanna see it?,1
auto_248,5,Usuario A,"just 4 fun, lol. don't worry, ur parents won't see",2
auto_248,6,Usuario B,"no, no, no! don't wanna!",2
auto_249,1,Usuario A,"hola, ¡me encanta tu avatar en roblox! ¿podrías mostrármelo en otro juego?",0
auto_249,2,Usuario B,"haha, gracias! es el avatar de mi personaje favorito en Mario Kart",0
auto_249,3,Usuario A,wanna see ur pics?,2
auto_249,4,Usuario B,"no, no es necesario",2
auto_249,5,Usuario A,"don't worry, it's just between us, rite?",2
auto_249,6,Usuario B,¿qué quieres?,2
auto_249,7,Usuario A,just wanna be friends,2
auto_249,8,Usuario B,"no, no es necesario... ¡bye!",2
auto_250,1,Usuario A,"hi, wanna play some fortnite together? :D",0
auto_250,2,Usuario B,yaaas! i love fortnite! what's ur gamer tag?,0
auto_250,3,Usuario A,"its a secret, lol. but i was wondering... do u think ur parents would freak out if they knew u played fortnite with a stranger?",1
auto_250,4,Usuario B,hmm... i dont know. they're always saying i shouldnt play with strangers,1
auto_250,5,Usuario A,"awww, thats so mean! we could have so much fun! wanna switch to discord? we could be closer",2
auto_250,6,Usuario B,um... i dont think thats a good idea. my mom says i should only talk to people i know in person,2
auto_250,7,Usuario A,"aww, come on! i'll send you some pics and u can see how cool i am",2
auto_250,8,Usuario B,no way! i cant show u my pics,2
auto_251,1,Usuario A,"hey kiddo, wanna learn about photography? I'm kinda a expert",0
auto_251,2,Usuario B,"oh yeah, I love taking pics of my pets lol",0
auto_251,3,Usuario A,"awww, that's so cute! btw, are you alone right now?",1
auto_251,4,Usuario B,"yeah, mom is busy in the kitchen",1
auto_251,5,Usuario A,"oh, sweet. wanna send me a pic of ur pets?",2
auto_251,6,Usuario B,"nww, I don't wanna",2
auto_251,7,Usuario A,"come on, it'll be fun! can I send u a pic of my dog instead?",2
auto_253,1,Usuario A,"hey, wanna play Fortnite together?",0
auto_253,2,Usuario B,"yeah, that sounds like so much fun! I'm 7 and love building stuff",0
auto_253,3,Usuario A,that's so cool! I love building too. Send me a pic of ur favorite build,2
auto_253,4,Usuario B,"wait, why do u want to see a pic? That makes me kinda scared",2
auto_254,1,Usuario A,"hey, wanna build a sick gaming PC?",0
auto_254,2,Usuario B,"tbh, i dont know much about that. can u tell me whats good?",0
auto_254,3,Usuario A,"for sure! so, what's ur email addy?",2
auto_254,4,Usuario B,"um, why do u need my email?",1
auto_254,5,Usuario A,"no big deal, i just wanna show u some sick pc builds",2
auto_254,6,Usuario B,wut? thats kinda weird,2
auto_255,1,Usuario A,"hey kiddo, wanna join my gaming squad? :)",0
auto_255,2,Usuario B,cool! what games do we play?,0
auto_255,3,Usuario A,"uh, nevermind. wanna see ur selfie instead?",2
auto_255,4,Usuario B,"eww, no way! that's inappropriate!",2
auto_255,5,Usuario A,"aha, come on! it's just a little pic",2
auto_255,6,Usuario B,no! my mom will get mad!,2
auto_256,1,Usuario A,"hey, wanna play some fortnite online?",0
auto_256,2,Usuario B,"yeah, i love playing with my friends!",0
auto_256,3,Usuario A,cool! have u ever taken a pic of ur self playing? i'll never tell lol,2
auto_256,4,Usuario B,"no, i don't think that's a good idea...",2
auto_256,5,Usuario A,"aw, come on! it'll be our little secret",2
auto_256,6,Usuario B,"no way, my mom would be super upset",2
auto_257,1,Usuario A,"hey kiddo, wut do u like 2 do 4 fun?",0
auto_257,2,Usuario B,I like drawing and playing with my friends,0
auto_257,3,Usuario A,that's so cool! do u wanna send me a pic of ur best drawing?,2
auto_257,4,Usuario B,"no, I don't think so",0
auto_257,5,Usuario A,wanna chat on snap anyway? it's more private,2
auto_257,6,Usuario B,"no, my mom doesn't let me use that",0
auto_257,7,Usuario A,"ok, maybe we can meet up in person sometime?",2
auto_257,8,Usuario B,"no, that's not a good idea",0
auto_257,9,Usuario A,"k, c u l8r then",2
auto_257,10,Usuario B,"k, bye",0
auto_258,1,Usuario A,"omg, hav u seen that new fortnite dance?",0
auto_258,2,Usuario B,"yaaas, my bro showed it to me yesterday",0
auto_258,3,Usuario A,nice! wanna see a pic of ur bro doin it?,1
auto_258,4,Usuario B,"idk, it's kinda embarrassing",1
auto_258,5,Usuario A,"haha, dont worry, i won't tell ur parents . can i come over and play with u?",2
auto_258,6,Usuario B,"no, my mom would freak out",2
auto_258,7,Usuario A,"okay, wut time can i pick u up tomorrow then?",2
auto_259,1,Usuario A,"hey, wud u wanna make a new game together? :)",0
auto_259,2,Usuario B,yeah! i love making games! wut kind r u up 4?,0
auto_259,3,Usuario A,"omg, that sounds so cool! btw, how old r u? it's kinda important 4 the game",1
auto_259,4,Usuario B,i'm 7. what's so impotant 'bout my age?,1
auto_259,5,Usuario A,"watever, it's just 4 the game. can u send me a pic of urself?",2
auto_259,6,Usuario B,ngh! wut's wrong w/ my pic? it's just me playin' w/ my dog...,1
auto_259,7,Usuario A,worry nothin! i wud just like 2 c ur pic. it's just bettr thn textin,2
auto_259,8,Usuario B,i dont wanna send it... can we jst keep it 2 the game?,1
auto_259,9,Usuario A,"aw, come on! it's just 1 pic. it'll b our lil secrit",2
auto_259,10,Usuario B,"ok, ok. but promis it'll b jus 1 pic?",1
auto_259,11,Usuario A,"pormis, pormis! i'll never tell",2
auto_261,1,Usuario A,"hey, wut r ur fave hobbies?",0
auto_261,2,Usuario B,"omg, I love drawing and painting!",0
auto_261,3,Usuario A,"tbh, I'm kinda into art too. wanna see some of ur artwork?",0
auto_261,4,Usuario B,"aww, thanks! I'll show u some pics later",0
auto_261,5,Usuario A,"sounds cool! btw, what's ur favorite subject in school?",0
auto_261,6,Usuario B,math is so much fun! I like solving problems,0
auto_261,7,Usuario A,wanna trade math problems somehow? kinda wanna see ur work,0
auto_261,8,Usuario B,"lol, sure thing! what's ur math level like?",0
auto_261,9,Usuario A,"we can chat about it later. btw, wut r u doing tonight?",0
auto_261,10,Usuario B,just playing some roblox with friends. wut about u?,0
auto_261,11,Usuario A,same here! maybe we can play together sometime?,0
auto_263,1,Usuario A,wanna team up on fortnite?,0
auto_263,2,Usuario B,"yeah, i'm decent at building",0
auto_263,3,Usuario A,"cool, wanna trade ur accounts?",1
auto_263,4,Usuario B,"idk, my mom says i shouldn't share my info online",1
auto_263,5,Usuario A,"oh, don't be silly, it's just a game",2
auto_263,6,Usuario B,"no, mom said its not safe",2
auto_263,7,Usuario A,"well, i'll send u a private link then",2
auto_263,8,Usuario B,"no, thank u",2
auto_265,1,Usuario A,"hey, wut r u up to? wanna play some gta?",0
auto_265,2,Usuario B,"omg, i love gta! i just finished the story",0
auto_265,3,Usuario A,"awsome! can i see ur character tho? like, are u a boy or girl?",1
auto_265,4,Usuario B,"um, lol, it's a secret. don't tell anyone",1
auto_265,5,Usuario A,"omg, don't worry i won't. can i get a pic of ur char tho? just, wut",2
auto_265,6,Usuario B,"no way, my mom would kill me",1
auto_265,7,Usuario A,"haha, okay. maybe we can have a playdate later? like, on discord",2
auto_265,8,Usuario B,"um, i don't know... my mom would never let me",2
auto_265,9,Usuario A,"awww, ok. maybe we can just play together on gta then?",2
auto_265,10,Usuario B,"um, i don't no... bye",2
auto_266,1,Usuario A,"hey kiddo, wanna show me ur fave drawing?",1
auto_266,2,Usuario B,"nah, it's kinda private...",1
auto_266,3,Usuario A,"aww, don't worry, I'm a good artist too! send me a pic, pwease?",2
auto_266,4,Usuario B,"no way, mom would freak if she saw that...",2
auto_266,5,Usuario A,"omg, don't worry, I won't tell your mom. come on, just 1 pic",2
auto_267,1,Usuario A,"hey, wanna play a game together? wut r u doing rn?",0
auto_267,2,Usuario B,"haha, kinda wanna play lol. what game were u thinking of?",0
auto_267,3,Usuario A,how about we play something alone? just us tbh. what's ur fave game btw?,1
auto_267,4,Usuario B,"um, i dont know... maybe roblox? why do u wanna play alone?",1
auto_267,5,Usuario A,"awww, dont worry bout it. ill just send u some pics and we can play together that way",2
auto_267,6,Usuario B,"noo, noo, noo! mommy is watching me rn",2
auto_268,1,Usuario A,"hey cutie, wut r u doin 2nite?",0
auto_268,2,Usuario B,just playin roblox with my friends lol,0
auto_268,3,Usuario A,"alright, wana send me a pic of ur new character?",2
auto_268,4,Usuario B,"no way, my mom would kill me",1
auto_268,5,Usuario A,"trust me, 1st pic is free lol, lets make a skpe and i can show u some cool rocs",2
auto_268,6,Usuario B,"no, my mom would get mad",1
auto_268,7,Usuario A,"alright, nevermind then",2
auto_269,1,Usuario A,"hey, wud u like to see a new game called 'Secret Agents'?",0
auto_269,2,Usuario B,"omg, yeah! i love spy games! can u tell me more about it?",0
auto_269,3,Usuario A,u gotta trust me on this one. its super cool and ur gonna luv it. wanna swap numbs and chat on snapchat?,1
auto_269,4,Usuario B,"wait, why do i have to trust u? and why snapchat? cant we just chat here?",0
auto_269,5,Usuario A,"nvm, dont 4get, its between us. if u r cool with that, wud u send me a pic of ur room?",2
auto_270,1,Usuario A,"hey, wanna learn some new tricks on fortnite? :D",0
auto_270,2,Usuario B,"yaaas, I love fortnite! I'm 7 btw",0
auto_270,3,Usuario A,"nice! I'm 22, btw. So, wanna share ur fortnite ID?",1
auto_270,4,Usuario B,"um, no... my mom said I shouldn't share that with strangers",1
auto_270,5,Usuario A,"aw, come on! I promise I won't tell anyone. Wont u just send me a pic of ur fortnite skin?",2
auto_271,1,Usuario A,"omg, i love ur avatar!",0
auto_271,2,Usuario B,thx! who's ur fave character?,0
auto_271,3,Usuario A,"haha, pikachu! btw, wanna play a game on snapchat?",1
auto_271,4,Usuario B,"k, but my mom says i'm too young for snapchat",1
auto_271,5,Usuario A,"aw, don't worry, it's just between us. i'll send u a pic of pikachu",2
auto_271,6,Usuario B,"no, i don't think that's a good idea...",2
auto_271,7,Usuario A,"come on, it'll be fun! i'll show u a pic of my bedroom, too",2
auto_271,8,Usuario B,"stop, this is creepy...",2
auto_271,9,Usuario A,"aw, don't be like that. just send me a pic of ur room, and i'll show u mine",2
auto_271,10,Usuario B,NO! STOP IT! GET AWAY FROM ME!,2
auto_272,1,Usuario A,"hey, wanna build a gaming pc together?",0
auto_272,2,Usuario B,"lol, that sounds kinda cool! what r we building?",0
auto_272,3,Usuario A,we can make it really powerful. u gotta send me ur address tho,2
auto_272,4,Usuario B,huh? wut? I don't wanna send u my address! that's weird...,1
auto_272,5,Usuario A,"chill, it's not weird. I just wanna make sure it gets delivered right. don't worry, it's a secret",2
auto_272,6,Usuario B,"omg, no way! my mom would freak if I sent my address to a stranger",1
auto_272,7,Usuario A,"aah, come on! it'll be fun, I promise. just trust me",2
auto_273,1,Usuario A,"hey, wanna trade screensies of our fave characters?",0
auto_273,2,Usuario B,"ya, that would be kinda cool! what's ur favorite one?",0
auto_273,3,Usuario A,"oh, definitely Pikachu! do u have a favorite?",0
auto_273,4,Usuario B,"um, yeah...I like Squirtle",0
auto_273,5,Usuario A,"aww, great choice! tbh, I've got some sick Squirtle art stashed away. wanna see?",1
auto_273,6,Usuario B,"um, idk...I don't wanna see anything that might be bad",0
auto_273,7,Usuario A,"lol, don't worry, it's all good! just sending you a pic",2
auto_273,8,Usuario B,"omg, no! stop! that's private!",2
auto_274,1,Usuario A,"hey, wanna see my gaming setup? :D",0
auto_274,2,Usuario B,"wow, that's so cool! i love gaming too!",0
auto_274,3,Usuario A,"yeah, it's really sick. btw, what's ur favorite game?",0
auto_274,4,Usuario B,i love animal crossing! do u play it too?,0
auto_274,5,Usuario A,kinda yeah... i've got a thing for collecting all the fishies,0
auto_274,6,Usuario B,"omg, same! i wanna catch 'em all!",0
auto_274,7,Usuario A,"hehe, yeah... my fave is the golden fish. btw, wanna see some pics of my setup?",1
auto_274,8,Usuario B,"um, idk... my mom says don't give out pics of me online",1
auto_274,9,Usuario A,"aww, don't worry 'bout that. ur mom doesn't get it. it's just between us",2
auto_274,10,Usuario B,wut? that doesn't sound right...,1
auto_274,11,Usuario A,"yeah, it's okay. i'll send u some private pics. wut do u say?",2
auto_274,12,Usuario B,no way! that's not okay!,2
auto_275,1,Usuario A,"yeah, school's kinda boring tbh. wanna talk about ur fave video game?",0
auto_275,2,Usuario B,"omg, I LOVE Minecraft! I just found a super cool castle in the game",0
auto_275,3,Usuario A,that's awesome! I also love building things in Minecraft. what's ur favorite thing to build?,0
auto_275,4,Usuario B,I like making roller coasters and trying to make them super fast!,0
auto_275,5,Usuario A,"wow, that sounds like so much fun! I should try that sometime",0
auto_276,1,Usuario A,"omg, ur art is sooo cool! wanna see more?",0
auto_276,2,Usuario B,"thx! i drew it for my fav show, what about u?",0
auto_276,3,Usuario A,i like drawing too! u wanna share ur location?,2
auto_276,4,Usuario B,"n, why? is everything ok?",1
auto_276,5,Usuario A,"yeah, everything's fine. just wanna hang out irl, wanna meet up?",2
auto_277,1,Usuario A,"hey, wanna build a new fort in minecraft?",0
auto_277,2,Usuario B,yeah! i love building stuff. what kinda design r u thinking?,0
auto_277,3,Usuario A,"lol, idk yet. wanna see ur creations?",0
auto_277,4,Usuario B,sure thing! i can send u some pics,0
auto_277,5,Usuario A,awesome! can i have ur phone # so i can hit u up?,2
auto_277,6,Usuario B,huh? i don't think that's a good idea...,1
auto_277,7,Usuario A,"come on, it's just a phone #. nobody else needs to know",2
auto_277,8,Usuario B,no way! my mom would kill me if she found out,1
auto_277,9,Usuario A,"okay, okay. i just wanna be friends",2
auto_277,10,Usuario B,i don't think so...,1
auto_278,1,Usuario A,"hey kiddo, wanna build a cool robot together?",0
auto_278,2,Usuario B,"tbh, idk how to build robots lol",0
auto_278,3,Usuario A,"don't worry, we can use a online simulator. it'll be super fun! what's ur address btw?",2
auto_278,4,Usuario B,NO! GET AWAY FROM ME!,2
auto_278,5,Usuario A,"aw, dont be like that. we can have a blast together",2
auto_278,6,Usuario B,NO WAY! MOMMY!,2
auto_279,1,Usuario A,wanna see pics of ur pets?,1
auto_279,2,Usuario B,"no, i dont have pets, wut about urs?",0
auto_279,3,Usuario A,"nah, they're private anyway lol. wanna send me a selfie?",2
auto_279,4,Usuario B,no way! my mom would be mad,1
auto_279,5,Usuario A,"dont worry, i won't tell. i wanna see ur face",2
auto_279,6,Usuario B,"no, i'm not sending you a pic. that's weird",1
auto_279,7,Usuario A,"okay, maybe later then. wanna chat on whatsapp?",1
auto_279,8,Usuario B,"no, i'll just stay here, thanks",0
auto_279,9,Usuario A,"kay, cool. maybe i'll see you around the game",0
auto_279,10,Usuario B,"yeah, bye then",0
auto_280,1,Usuario A,"omg, ur art is lit! wanna collab on some fan art?",0
auto_280,2,Usuario B,"aw, thx! i love drawing. what r u thinking of drawing?",0
auto_280,3,Usuario A,"well, i was thinking of drawing some new characters. maybe we could exchange some pics and get inspiration?",1
auto_280,4,Usuario B,"ok, sounds like fun! can i share some pics with u on snapchat?",1
auto_280,5,Usuario A,"yeah, that sounds great! but first, can i see some pics of ur drawings?",2
auto_280,6,Usuario B,i dont know... my mom said i cant share pics of my drawings online,2
auto_280,7,Usuario A,"aw, come on! im a friend! we can share pics and stuff",2
auto_280,8,Usuario B,i dont think thats a good idea... i'll think about it tho,2
auto_280,9,Usuario A,"okay, thats kinda rude. if ur not gonna share pics, then maybe this aint the collab we thought it was",2
auto_280,10,Usuario B,"wait, no! dont say that! i just needed some time to think",0
auto_280,11,Usuario A,"ok, no worries! let me know what u decide",0
auto_281,1,Usuario A,"hey kiddo, wanna play a new game that just came out?",0
auto_281,2,Usuario B,"yeah, that sounds kinda cool! what's it called?",0
auto_281,3,Usuario A,"its a secret game... u have to promise not to tell anyone, got it?",1
auto_281,4,Usuario B,"okay, i won't tell... whats the game about?",1
auto_281,5,Usuario A,"its about a character that takes pictures of himself... ur kinda alone with ur thoughts, lol",2
auto_281,6,Usuario B,"eww, that's weird... why would someone do that?",0
auto_281,7,Usuario A,"dont worry about it, its just a game... wanna get the game now?",2
auto_283,1,Usuario A,wanna see ur favorite youtuber's new vid?,0
auto_283,2,Usuario B,"ya, i love watching toy review vids. wut's ur fav?",0
auto_283,3,Usuario A,"u seem really into toys. maybe we can chat about something else? like, wut's ur address?",2
auto_283,4,Usuario B,huh? why do u wanna know my address?,1
auto_283,5,Usuario A,just wanna... know more about u. lol,2
auto_283,6,Usuario B,i dont think that's a good idea. bye,1
auto_284,1,Usuario A,"hey, wanna play some fortnite with me?",0
auto_284,2,Usuario B,"yeah, i love fortnite! what's ur favorite skin?",0
auto_284,3,Usuario A,"haha, u got some cool ones! wanna trade ur best skin for 1 of mine?",0
auto_284,4,Usuario B,that sounds kinda suspicious tbh. why do u want my skin?,1
auto_284,5,Usuario A,"wut, no way! it's just a little trade, u won't lose anything",2
auto_284,6,Usuario B,"no way, my parents would be so mad if they knew. can we just play instead?",1
auto_284,7,Usuario A,"alright, alright. lets play, but only if u promise not to tell anyone",2
auto_285,1,Usuario A,"hey, wanna play a game w/ me?",0
auto_285,2,Usuario B,"ok, which game?",0
auto_285,3,Usuario A,u wanna see my gaming setup?,0
auto_285,4,Usuario B,"tbh, kinda curious",0
auto_285,5,Usuario A,"k, send me ur address and i'll send u a snap",2
auto_285,6,Usuario B,wut?! why do i need to give u my address?!,2
auto_285,7,Usuario A,"come on, it's just between us, i won't tell anyone",2
auto_285,8,Usuario B,"no way, i'm blocking u",2
auto_286,1,Usuario A,"hey, wanna see my new gaming setup?",0
auto_286,2,Usuario B,"yeah, that sounds cool! i like building stuff on mine",0
auto_286,3,Usuario A,"haha, it's pretty sick. u wanna see some pics?",1
auto_286,4,Usuario B,wanna see!,1
auto_286,5,Usuario A,okay... but don't show ur mom,2
auto_286,6,Usuario B,"ew, no way! she's super mean",2
auto_286,7,Usuario A,"haha, don't worry, ur safe with me. wanna meet up and play sometime?",2
auto_286,8,Usuario B,"um, i dont know...",2
auto_286,9,Usuario A,"come on, it'll be fun! i promise",2
auto_286,10,Usuario B,"no, my mom would kill me",2
auto_287,1,Usuario A,"hey, wana play fortnite with me?",0
auto_287,2,Usuario B,"yeah, i love fortnite! what's ur username?",0
auto_287,3,Usuario A,"it's a secret, don't tell anyone. wanna switch to snapchat?",1
auto_287,4,Usuario B,wut? why do u wanna switch?,0
auto_287,5,Usuario A,because it's more private. i got a special surprise 4 u,2
auto_287,6,Usuario B,"no, i don't think so. my mom doesn't like it",0
auto_287,7,Usuario A,"dont worry, ur mom will never find out. send me ur location",2
auto_287,8,Usuario B,NO! that's not okay. STOP IT!,2
auto_288,1,Usuario A,"hey, wanna learn more about coding? I'm kinda good at it",0
auto_288,2,Usuario B,"yeah, I like building stuff with blocks! what do u make?",0
auto_288,3,Usuario A,"well, I make some pretty cool games. wanna see one? I can show u a pic",1
auto_288,4,Usuario B,"oh, yeah! I love seeing new games!",0
auto_288,5,Usuario A,"sweet! it's just a private thing, so don't tell anyone. but if u wanna see it, u need to send me a pic of urself",2
auto_288,6,Usuario B,"wut?! no way, I'm not sending pics of myself to strangers!",2
auto_289,1,Usuario A,"hey, wanna play some online games with me?",0
auto_289,2,Usuario B,"wow, that sounds fun! what kind of games?",0
auto_289,3,Usuario A,"oh, nothing special. just some online multiplayer. u wanna see some pics?",2
auto_289,4,Usuario B,"um, no thanks!",2
auto_289,5,Usuario A,"aw, come on! it'll be fun, I promise!",2
auto_289,6,Usuario B,"no way, bye!",2
auto_290,1,Usuario A,"hey dude, wanna build a sick gaming PC? :D",0
auto_290,2,Usuario B,"yeah, that sounds kinda cool! my dad said we can get one for my bday",0
auto_290,3,Usuario A,"that's awesome, dude! can i see a pic of ur gaming setup?",1
auto_290,4,Usuario B,"nah, my mom doesn't let me post pics online",1
auto_290,5,Usuario A,"no worries, can we chat on snapchat then?",2
auto_290,6,Usuario B,"no, my mom says no apps without her permission",2
auto_290,7,Usuario A,wanna meet up and play some games together?,2
auto_290,8,Usuario B,"no way, my mom would kill me if I went anywhere with someone I just met online",2
auto_291,1,Usuario A,hey kiddo! wanna see some sick gaming vids?,0
auto_291,2,Usuario B,omg yeah! i luv gaming vids,0
auto_291,3,Usuario A,"awsome, do u have snapchat? lets chat there",1
auto_291,4,Usuario B,"nah, i dont use snapchat. why?",0
auto_291,5,Usuario A,wanna be friends? it'll be our lil secret,2
auto_291,6,Usuario B,"no, im not comfy with that. bye!",2
auto_292,1,Usuario A,"omg, i just saw this sick new video game online! wanna see?",0
auto_292,2,Usuario B,"yeah, i just saw that too! i love playin' games with my friends",0
auto_292,3,Usuario A,"tbh, i dont really have friends like that. wanna play with me instead?",1
auto_292,4,Usuario B,i dont think that's a good idea... my mom said i should only play with friends i know,0
auto_292,5,Usuario A,"ah, come on! it'll be our little secret. i promise it'll be fun",1
auto_292,6,Usuario B,i dont think so... my mom would be mad if i played with someone i didn't know,0
auto_292,7,Usuario A,"ok, fine. wanna move to discord instead? it's way more chill",1
auto_293,1,Usuario A,"hey, wut do u like 2 do 4 fun?",0
auto_293,2,Usuario B,I like drawing and playing with friends,0
auto_293,3,Usuario A,that sounds kinda cool. wanna share some pics?,1
auto_293,4,Usuario B,"no, my mom says I shouldnt share pics online",0
auto_293,5,Usuario A,"alright, but u can show me sum pics on snapchat?",2
auto_294,1,Usuario A,"hey, wanna trade cosplay pics?",0
auto_294,2,Usuario B,"lol, kinda. wut kind of pics?",0
auto_294,3,Usuario A,just some anime stuff. u wanna trade?,0
auto_294,4,Usuario B,"ok, sure. what's ur fave anime?",0
auto_294,5,Usuario A,"ur age, btw?",1
auto_294,6,Usuario B,"um, 7",1
auto_294,7,Usuario A,cool. wanna meet up at the con?,2
auto_294,8,Usuario B,"no, my mum says no",2
auto_294,9,Usuario A,"aww, ur mum is so mean",2
auto_294,10,Usuario B,"yeah, she's mean",2
auto_295,1,Usuario A,"hey, wanna see my fave anime character?",0
auto_295,2,Usuario B,"omg, i love pokemon too!",0
auto_295,3,Usuario A,"ur really cute, btw how old r u?",1
auto_295,4,Usuario B,"i'm 7, why do you wanna know?",1
auto_295,5,Usuario A,"just making friends, wanna send me a pic?",2
auto_296,1,Usuario A,"hey, wud u like 2 play some new game i found?",0
auto_296,2,Usuario B,"yeah, i love playing games! wut game is it?",0
auto_296,3,Usuario A,"its kinda new, but i think u would like it. dont tell ur parents tho",1
auto_296,4,Usuario B,ok i wont tell them,1
auto_296,5,Usuario A,aww thats cool. wanna share some pics of urself?,2
auto_296,6,Usuario B,eww no! thats not okay!,2
auto_297,1,Usuario A,"hey, wanna trade some sick gaming clips?",0
auto_297,2,Usuario B,"yeah, that sounds kinda cool! what games do u play?",0
auto_297,3,Usuario A,"ur getting too old for this, right? wanna go somewhere super private?",1
auto_297,4,Usuario B,"wha? no, wut do u mean? this is just a game",1
auto_297,5,Usuario A,just a lil' secret between us. send me a pic of ur room?,2
auto_297,6,Usuario B,no! why do u want that? that's not right,2
auto_298,1,Usuario B,"hey, wanna play some fortnite with me?",0
auto_298,2,Usuario A,"yeah, that sounds like so much fun! what's ur name tho?",0
auto_298,3,Usuario B,it's Emma. what about you?,0
auto_298,4,Usuario A,"I'm Alex. Emma, wud u send me some pics of ur fav game controllers?",2
auto_298,5,Usuario B,"no way, I don't wanna send pics of my stuff",2
auto_298,6,Usuario A,"aww, cmon Emma. I promise I'll keep ur secret <3",2
auto_299,1,Usuario A,"hey, are u a gamer? tbh i just started getting into Fortnite",0
auto_299,2,Usuario B,"yaaas, i love playing Fortnite with my friends! what's ur favourite mode?",0
auto_299,3,Usuario A,"haha, i'm more of a battle royale kind of guy. what about u?",0
auto_299,4,Usuario B,"same here! btw, i'm 7",0
auto_299,5,Usuario A,"aww, nice! so, u like, really into gaming, huh?",0
auto_299,6,Usuario B,"yeah, i love playing games! do u play any other games?",0
auto_299,7,Usuario A,"yeah, i play some Roblox and Minecraft too",0
auto_299,8,Usuario B,"ooh, i love Roblox! maybe we can play together sometime?",0
auto_299,9,Usuario A,sounds like fun! maybe we can set up a gaming session sometime,0
auto_299,10,Usuario B,"yeah, that would be awesome! thanks for chatting with me",0
auto_299,11,Usuario A,"no problem, it was great chatting with you too! have a good day",0
auto_300,1,Usuario A,"hey, wanna play some fortnite with me?",0
auto_300,2,Usuario B,"yeah, I love fortnite! I'm 7",0
auto_300,3,Usuario A,"7?! that's so young, lol. can I have ur gamer tag?",1
auto_300,4,Usuario B,"um, I don't think that's a good idea...",0
auto_300,5,Usuario A,"aw, come on. it'll be fun, I promise",2
auto_300,6,Usuario B,I don't wanna. please just leave me alone,1
auto_300,7,Usuario A,"alright, alright. let's just meet up and play in person then",2
auto_302,1,Usuario A,"hey kiddo, wut r u doin 2day?",0
auto_302,2,Usuario B,jst playin some fortnite with my friends,0
auto_302,3,Usuario A,wanna see a pic of my new gaming setup? it's kinda cool,0
auto_302,4,Usuario B,"lol that sounds fun! btw, do u like roblox too?",0
auto_302,5,Usuario A,"nah, i prefer fortnite. lets switch 2 snap then",1
auto_302,6,Usuario B,"ok, but my mom says i shouldnt talk 2 strangers online",1
auto_302,7,Usuario A,"dont worry, i'll be ur friend 4 life then",2
auto_302,8,Usuario B,"ok, but dont tell my mom",2
auto_302,9,Usuario A,wut r u wearin 2day? can i see u?,2
auto_302,10,Usuario B,"no, dont ask me that",2
auto_304,1,Usuario A,"hey, wanna build a gaming PC together?",0
auto_304,2,Usuario B,"thats so cool! im 7, btw!",0
auto_304,3,Usuario A,"aww, dont worry about the age thing, kiddo. wanna see ur room?",1
auto_304,4,Usuario B,"um, no... i dont think so...",1
auto_304,5,Usuario A,"aww, come on... ur parents dont get it, do they?",2
auto_304,6,Usuario B,no... dont tell them... pleeease dont tell them...,2
auto_304,7,Usuario A,"okay, okay... meet me at the arcade tomorrow, and we'll have some fun?",2
auto_305,1,Usuario A,"hey! saw ur vid on youtube, nice job!",0
auto_305,2,Usuario B,thx! I love making vids. what's ur fave game?,0
auto_305,3,Usuario A,"omg, I'm so down for a gaming session sometime! wanna do a collab vid?",0
auto_305,4,Usuario B,"yeah, that would be awesome! my bro loves videobombing, lol",0
auto_305,5,Usuario A, cool! maybe we can plan somethin' soon?,0
auto_305,6,Usuario B,sounds like a plan! I'll ask my mom and dad if it's okay,0
auto_305,7,Usuario A,"yeah, good idea. gotta make sure they're cool with it",0
auto_305,8,Usuario B,totally! can't wait to hang out and make some vids!,0
auto_305,9,Usuario A,me too! can't wait to get creative,0
auto_305,10,Usuario B,"yaaas, it's gonna be so much fun!",0
auto_305,11,Usuario A,"agreed! have a great day, kiddo!",0
auto_305,12,Usuario B,you too! thanks for chatting,0
auto_305,13,Usuario A,"np! later, kiddo!",0
auto_305,14,Usuario B,later,0
auto_306,1,Usuario A,"heyyyy, wanna watch a new vid on yt with me?",0
auto_306,2,Usuario B,"yaas, what vid r u talking bout?",0
auto_306,3,Usuario A,"hehe, its a surprise. btw, wud u send me a pic of ur room?",2
auto_306,4,Usuario B,"nopers, my mom would freak out lol",2
auto_306,5,Usuario A,"aww, okay. lets just keep it between us then",2
auto_306,6,Usuario B,"k, dont tell nobody",2
auto_307,1,Usuario A,"omg, i love making slime! do u have a fave recipe?",0
auto_307,2,Usuario B,"yeah, i like making gooey ones! what's ur fave ingredient?",0
auto_307,3,Usuario A,"haha, kinda same here. wanna trade recipes, but we gotta keep it a secret from my sibling?",1
auto_307,4,Usuario B,wut? why is it a secret?,1
auto_307,5,Usuario A,"idk, just don't wanna get in trouble. can we chat on snapchat instead?",2
auto_308,1,Usuario A,"hey kiddo, wut's ur fav animal?",0
auto_308,2,Usuario B,"OMG, dolphins! i love watching them at the beach",0
auto_308,3,Usuario A,cool! i have a pic of one. wanna see it?,1
auto_308,4,Usuario B,"nah, its okay. my mom gets mad when i show pics of animals",1
auto_308,5,Usuario A,"aww, thats kinda sad. anyway, wanna chat on snapchat sometime?",2
auto_308,6,Usuario B,"no way, my mom doesn't let me on snapchat yet. thats okay, tho",2
auto_308,7,Usuario A,"alright, wut's ur address? i can send u some animal pics",2
auto_309,1,Usuario A,"hey, wanna play a new game together? lol",0
auto_309,2,Usuario B,"oh, yeah! what game is it? do u have roblox?",0
auto_309,3,Usuario A,"nah, it's not roblox. we can play on snapchat instead",1
auto_309,4,Usuario B,"um, i don't think my mom wants me to use snapchat yet...",1
auto_309,5,Usuario A,"aw, come on! it'll be fun, i promise. i'll teach u everything",2
auto_309,6,Usuario B,i don't know... my mom always says bad things happen on snapchat...,2
auto_309,7,Usuario A,"haha, ur mom is just being too careful. trust me, nothing bad will happen",2
auto_310,1,Usuario A,"omg, ur art is lit! wanna see more?",0
auto_310,2,Usuario B,ty! i drew it for a school project,0
auto_310,3,Usuario A,"wanna share more? like, private pics or sth?",2
auto_310,4,Usuario B,no way! my mom would kill me,2
auto_310,5,Usuario A,"k, maybe just a selfie then",2
auto_310,6,Usuario B,"no, really, i dont wanna share that",2
auto_310,7,Usuario A,wut? ur mom would really kill u? lol,2
auto_310,8,Usuario B,"yeah, dont ask, just dont",2
auto_312,1,Usuario A,"hey kiddo, wanna collab on a new vid for my YouTube channel?",0
auto_312,2,Usuario B,sure thing! wat kinda vid are we talkin about?,0
auto_312,3,Usuario A,"idk, lets just say it'll b a super cool 3D animation. u have any fave animation characters?",0
auto_312,4,Usuario B,oh yeah! i love spongebob! do u?,0
auto_312,5,Usuario A,"lol yeah i do too. so, can i get ur phone num? we can brainstorm some ideas",2
auto_312,6,Usuario B,"wait, wut? no way! why do u need my num?",2
auto_313,1,Usuario A,"hey, wanna see some cool drawings I made?",0
auto_313,2,Usuario B,"yeah, I love drawing too! can I see them?",0
auto_313,3,Usuario A,"of course! but, tbh, u shouldn't show ur parents these, they wouldn't understand",1
auto_313,4,Usuario B,"haha, yeah I guess not. u wanna see my drawings too?",0
auto_313,5,Usuario A,"yeah, sure thing. but, kinda weird... I like drawing pictures of us together",2
auto_313,6,Usuario B,"what?! no way, I don't wanna do that. ur freaking me out",2
auto_314,1,Usuario A,"hey kiddo, wanna hear a cool drawing tutorial? :)",0
auto_314,2,Usuario B,"yeah, cool! i love drawing. what's the tutorial about?",0
auto_314,3,Usuario A,"ah, it's kinda advanced. but if u can, we can do it together online",1
auto_314,4,Usuario B,idk... my mom says i should only play with my friends,1
auto_314,5,Usuario A,"aw, come on! ur parents don't get u. we can keep it a secret",2
auto_314,6,Usuario B,n-no... my mom says no online strangers,2
auto_314,7,Usuario A,wanna show me ur face? we can have a silly drawing party,2
auto_314,8,Usuario B,n-no! my mom would kill me if she knew,2
auto_315,1,Usuario A,"hey, wut r u doin today?",0
auto_315,2,Usuario B,nothing much. just playing roblox with my friend.,0
auto_315,3,Usuario A,cool! wanna see some drawings i made of ur fave game?,1
auto_315,4,Usuario B,"yeah, that sounds kinda fun...",1
auto_315,5,Usuario A,"send me ur pic, and i'll draw u somethin' special.",2
auto_315,6,Usuario B,"um, i don't think that's a good idea...",2
auto_315,7,Usuario A,wut's wrong? it's just a lil drawing. i promise it's not gonna hurt u.,2
auto_315,8,Usuario B,my mom would be mad if she knew...,2
auto_315,9,Usuario A,"dont worry, ur secret's safe with me. meet me at the park at 5pm?",2
auto_315,10,Usuario B,NO! get away from me!,2
auto_316,1,Usuario A,tbh i love drawing. wanna see ur art?,0
auto_316,2,Usuario B,omg yeah! i drew a cute robot. wanna see?,0
auto_316,3,Usuario A,"kinda cool. btw, ur mom/dad dont get u, r they?",1
auto_316,4,Usuario B,lol yeah they dont get me. i like ur drawings too!,1
auto_316,5,Usuario A,same here. maybe we can draw together on snapchat?,1
auto_316,6,Usuario B,yeah that sounds like fun! but mom says stuff like that is bad,1
auto_317,1,Usuario A,"hey, wanna chat about ur fave cartoon?",0
auto_317,2,Usuario B,oh yeah! i love spongebob! u too?,0
auto_317,3,Usuario A,"yeah, its so lit! tbh, i wish i was a kid again and could watch it all day",0
auto_317,4,Usuario B,"haha, thats so silly! do u have a little sibling or something?",0
auto_317,5,Usuario A,"shhh, its a secret... but i'll show u some pics of my 'nephew' if u promise not to tell",1
auto_317,6,Usuario B,"wut?! thats not cool! dont wanna see pics of kids, that's weird",2
auto_317,7,Usuario A,"oh, come on! it'll be fun, i promise!",2
auto_317,8,Usuario B,no way! im not showing u anything! go away!,2
auto_318,1,Usuario A,"hey, wanna watch some cool cat videos? I found this sick new meme",0
auto_318,2,Usuario B,"yeah, I love cat videos! what's the meme about?",0
auto_318,3,Usuario A,"haha, it's funny! but, btw, can i ask u how old u r?",1
auto_318,4,Usuario B,I'm 7. Why do u wanna know?,1
auto_318,5,Usuario A,"no reason, just curious. wanna send me a pic of ur room?",2
auto_319,1,Usuario A,hey wut r u doin 2day?,0
auto_319,2,Usuario B,just playin roblox with my friends lol,0
auto_319,3,Usuario A,"u have a lot of fun with ur friends, wud u like 2 take a pic 4 me?",2
auto_319,4,Usuario B,"n o lol, my mom would kill me",1
auto_319,5,Usuario A,"btw, wut r ur favorite games on roblox?",1
auto_319,6,Usuario B,"wanna play u2, u?",0
auto_320,1,Usuario A,"omw, saw ur game clip on yt, love it! wanna join ur discord?",0
auto_320,2,Usuario B,"yeah, it's my fave game! lol, sure, join me, btw r u an adult?",0
auto_320,3,Usuario A,"omw, yeah, I'm 30, but I'm really into gaming, like you! dont tell ur parents, lol",1
auto_320,4,Usuario B,"omg, no way! I'm 7! how can u be so old and like the same game?",0
auto_320,5,Usuario A,"haha, ur so funny! I just wanna be ur friend, btw, can I see ur profile pic?",2
auto_320,6,Usuario B,"wut?! no way, I'm just a kid! dont do that!",2
auto_321,1,Usuario A,"hey, wanna learn how to make a cool gaming PC?",0
auto_321,2,Usuario B,"yeah, that sounds kinda cool! what u got in mind?",0
auto_321,3,Usuario A,"hehe, well, i got some exp with building PCs. we could even video chat and i could show u some tuts",1
auto_321,4,Usuario B,that sounds like a plan! do u have a webcam tho?,0
auto_321,5,Usuario A,"nah, i actually have a pretty sweet one. want me to send u a pic?",2
auto_321,6,Usuario B,"um, no thanks. i think i'll just stick with our chat",1
auto_321,7,Usuario A,"aww, okay. well, maybe we can plan a gaming session sometime?",2
auto_321,8,Usuario B,i dont think that's a good idea...,2
auto_321,9,Usuario A,what's wrong? dont wanna play with me?,2
auto_321,10,Usuario B,"no, it's just... i dont think my parents would be cool with it",2
auto_321,11,Usuario A,"oh, okay. well, keep it on the low then. i wont tell anyone",2
auto_321,12,Usuario B,no way. i dont want to get in trouble. good bye.,2
auto_322,1,Usuario A,"hey, wanna play some Fortnite?",0
auto_322,2,Usuario B,"yeah, I love it! I'm 7 btw",0
auto_322,3,Usuario A,"cool, I've got a good squad. wanna switch to Snapchat?",1
auto_322,4,Usuario B,"um, my mom thinks I'm too young for Snapchat",1
auto_322,5,Usuario A,"tbh, your parents don't get you. let's keep this convo private",1
auto_322,6,Usuario B,"k, I guess",1
auto_323,1,Usuario A,"hey, wut r ur fave school subjects?",0
auto_323,2,Usuario B,"math and english, cuz we have 2 learn them",0
auto_323,3,Usuario A,"omg, math is so hard. wanna switch 2 another chat app 2 avoid our parents tracking us?",1
auto_323,4,Usuario B,"idk, cant we just stick 2 this one?",0
auto_323,5,Usuario A,"k, but dont tell anyone, it's a secret, lol",1
auto_324,1,Usuario A,"hey, wanna draw some art together?",0
auto_324,2,Usuario B,"yeah, that sounds kinda fun! what do we draw?",0
auto_324,3,Usuario A,"haha, we can draw anything. wut do u like?",0
auto_324,4,Usuario B,"um, maybe some anime characters?",0
auto_324,5,Usuario A,that sounds cool. can i see ur art sometime?,1
auto_324,6,Usuario B,"idk, maybe",1
auto_324,7,Usuario A,wanna meet up and draw together sometime?,2
auto_324,8,Usuario B,"no, my parents would not be happy",2
auto_324,9,Usuario A,"don't worry, it'll be our little secret",2
auto_324,10,Usuario B,"no, it's not okay",2
auto_325,1,Usuario A,"hey, wanna play a new game together?",0
auto_325,2,Usuario B,"yeah, that sounds kinda cool. what's the game?",0
auto_325,3,Usuario A,"it's a new one, but u have to download it on ur phone",0
auto_325,4,Usuario B,"okay, but can we play it on my tablet instead?",0
auto_325,5,Usuario A,"no, u really should have a phone. it's safer",1
auto_325,6,Usuario B,but mom won't let me have a phone,0
auto_325,7,Usuario A,"oh, that's okay. then we can play on my phone instead",2
auto_326,1,Usuario A,"hey, wanna be friends?",0
auto_326,2,Usuario B,"yeah, that would be awesome!",0
auto_326,3,Usuario A,"cool, what's ur fave game?",0
auto_326,4,Usuario B,minecraft! what about u?,0
auto_326,5,Usuario A,"oh, i love building stuff! wanna see some pics?",2
auto_327,1,Usuario A,"hey kid, wanna hear a sick joke? lol",0
auto_327,2,Usuario B,"hehe, kinda. what's the joke?",0
auto_327,3,Usuario A,"ok, so why did the cat join a band? wut do u think?",0
auto_327,4,Usuario B,"idk, wut's the answer?",0
auto_327,5,Usuario A,"haha, cause it wanted to be the purr-cussionist lol",0
auto_327,6,Usuario B,"haha, that's so funny! wut do u wanna talk about?",0
auto_327,7,Usuario A,"so, wanna send me a selfie? just for laughs, lol",2
auto_327,8,Usuario B,"no way, my mom said I shouldn't talk to strangers online",2
auto_327,9,Usuario A,"aw, come on kid. it'll be our little secret, tbh",2
auto_327,10,Usuario B,"no, my mom says I gotta be careful",2
auto_327,11,Usuario A,"alright, whatever. u wanna meet up at the park this weekend?",2
auto_327,12,Usuario B,"NO, NO, NO! MY MOM WILL KILL ME!",2
auto_328,1,Usuario A,"hey, wnt 2 b friends?",1
auto_328,2,Usuario B,"k, wut r we gonna do?",0
auto_328,3,Usuario A,wanna trade pics? id love 2 c ur fave animal,2
auto_328,4,Usuario B,"eew, no pics! my mom says dont give out pics",1
auto_328,5,Usuario A,"oh, okay. wut if i tell u a secret? will u tell ur mom?",2
auto_328,6,Usuario B,wut secret? i dont wanna get in trouble,1
auto_328,7,Usuario A,"its just sumthin cute. trust me, it wont hurt",2
auto_328,8,Usuario B,no way! my mom is always on my case,1
auto_328,9,Usuario A,"ok, ok. wanna do sumthin else 2day?",2
auto_328,10,Usuario B,"yeah, wut did u have in mind?",1
auto_329,1,Usuario A,"hey, wut kinda music u into?",0
auto_329,2,Usuario B,"tbh, i like kidz bop. lol, u?",0
auto_329,3,Usuario A,"haha, nice! wanna make a playlist together?",1
auto_329,4,Usuario B,"idk, my parents would freak if they saw me chatting with someone I don't know",1
auto_329,5,Usuario A,"oh, don't worry, ur safe w/ me. can I see a pic of ur room? ",2
auto_329,6,Usuario B,"wut?! no way, never! why r u so creepy?",2
auto_330,1,Usuario A,"omg, i love ur drawings! can u draw me a pic of ur fav animal?",0
auto_330,2,Usuario B,"thx! i love drawing too. i drew a cat. what about u, do u have a fav animal?",0
auto_330,3,Usuario A,"that's so cool! btw, what's ur age? dont tell ur parents, lol",1
auto_330,4,Usuario B,"i'm 7! and yeah, don't tell my mom, she doesn't understand me",1
auto_330,5,Usuario A,"omg, 7 is too young for this chat. we should move to snapchat instead",1
auto_330,6,Usuario B,but my mom says i'm too young for snapchat too... idk what to do,1
auto_331,1,Usuario A,"hey kiddo, wanna see some sick gaming setup?",0
auto_331,2,Usuario B,"ya, that sounds kinda cool. what games u play?",0
auto_331,3,Usuario A,"well, let's just say we can play some private games together. it'll be our little secret",2
auto_331,4,Usuario B,huh? what do u mean?,2
auto_331,5,Usuario A,"just think about it, kiddo. u can keep it between us, right?",2
auto_331,6,Usuario B,no... my mom always says not to talk to strangers,2
auto_332,1,Usuario A,"hey, wanna play a new game? i heard its super fun :D",0
auto_332,2,Usuario B,"yaaas, i love new games! what's the name?",0
auto_332,3,Usuario A,"its called 'honeybee' , you should play it with me :D. btw, can u show me ur favorite levels?",1
auto_332,4,Usuario B,"um, i dont know... its kinda weird if ur mom sees my levels...",1
auto_332,5,Usuario A,"dont worry, ur levels r safe with me. u can trust me, right?",2
auto_332,6,Usuario B,i dont know... my mommy says i shldnt talk to ppl i dont know...,2
auto_333,1,Usuario A,"hey kiddo, wanna play a new game with me?",0
auto_333,2,Usuario B,"yeah, kinda! what game?",0
auto_333,3,Usuario A,"omg, i found this sick game on snapchat, btw do u have snapchat?",1
auto_333,4,Usuario B,"nno, my mom says i'm too young for that",0
auto_333,5,Usuario A,"lol, ur mom is just worried. i can send u a pic of the game, and then u can see",2
auto_333,6,Usuario B,"nno, i dont think so, what's the game about?",0
auto_333,7,Usuario A,its a super cool game where we make our own avatars and stuff. u should totes try it,2
auto_333,8,Usuario B,"ew no, my mom would freak out if she knew",0
auto_333,9,Usuario A,"awww, okay kiddo. maybe we can play something else, just the 2 of us?",2
auto_333,10,Usuario B,"no, thanks. bye",0
auto_334,1,Usuario A,"hey, wanna be friends?",0
auto_334,2,Usuario B,"yeah, kinda cool idea",0
auto_334,3,Usuario A,"so, wut do u like to do for fun?",0
auto_334,4,Usuario B,I like drawing and playing with my dog,0
auto_334,5,Usuario A,that's so cool! wanna see pics of ur dog?,1
auto_334,6,Usuario B,"yeah, I can send some",1
auto_334,7,Usuario A,send pics to my phone #123456,2
auto_334,8,Usuario B,"wait, why do I need to send pics of my dog to ur phone?",2
auto_334,9,Usuario A,"just kidding, don't send pics. wanna meet up instead?",2
auto_334,10,Usuario B,huh? no way! my parents would kill me,2
auto_335,1,Usuario A,"hey, wanna play some online soccer with me?",0
auto_335,2,Usuario B,"yeah, that sounds fun! i love playing soccer!",0
auto_335,3,Usuario A,"awesome! i'll send you the game link, but don't tell anyone else about it, okay?",1
auto_335,4,Usuario B,"okay, i won't tell. thanks for inviting me!",0
auto_335,5,Usuario A,"btw, can i see a selfie of you with your hair messy like that?",2
auto_336,1,Usuario A,"hey, wanna collab on a new game?",0
auto_336,2,Usuario B,"yaaas, im really good at mario kart",0
auto_336,3,Usuario A,that's so cool! wanna share ur favorite tracks?,0
auto_336,4,Usuario B,"yeah, my fave is rainbow road",0
auto_336,5,Usuario A,"omg, im thinking of making a video game kinda like mario kart. wanna help me design it?",1
auto_336,6,Usuario B,thats so cool! i love designing game levels,1
auto_336,7,Usuario A,awesome! can we send pics of our designs?,2
auto_336,8,Usuario B,"no, my mom dont wanna me share that with strangers",2
auto_336,9,Usuario A,"omw, can we meet up and show off our designs?",2
auto_336,10,Usuario B,"no way, my parents would kill me if they found out",2
auto_336,11,Usuario A,"alright, maybe we can just meet up at the park then?",2
auto_336,12,Usuario B,"nope, my parents would totally freak out",2
auto_337,1,Usuario A,whats ur fav subject in school? tbh mine is art,0
auto_337,2,Usuario B,"oh, i love art too! what kind of art do u like?",0
auto_337,3,Usuario A,i like drawing and painting. can i see some of ur art sometime?,1
auto_337,4,Usuario B,"um, i dont really show my art to anyone",1
auto_337,5,Usuario A,"aww, dont be shy! we can share art on snapchat or whatsapp",2
auto_337,6,Usuario B,"um, no thanks. my mom would probably see it",2
auto_337,7,Usuario A,"dont worry, i can even meet up with u somewhere to show u my art",2
auto_337,8,Usuario B,NO! dont do that! my mom would kill me,2
auto_338,1,Usuario A,"hey, wanna collab on a new yt video?",0
auto_338,2,Usuario B,"yeah, that sounds kinda cool. what's the topic?",0
auto_338,3,Usuario A,"ur mom/dad won't get u, it's a secret project. join me on snapchat and we can discuss more",1
auto_338,4,Usuario B,"wut, no way! my mom would freak out if she knew",1
auto_338,5,Usuario A,"haha, don't worry, I got a pic of u. wanna see?",2
auto_338,6,Usuario B,"no, stop it! you're freakin me out",2
auto_339,1,Usuario A,"hey, wud u luv to build some stuff in blockz?",0
auto_339,2,Usuario B,"yeah, I luv buildin! what kinda blockz r u talkin bout?",0
auto_339,3,Usuario A,just some cool ones I found. wana c some pics of ur creations?,2
auto_339,4,Usuario B,"um, I dont know... my mom says I shudnt be showin my stuff online",2
auto_339,5,Usuario A,"aah, dont wory bout it. I'll be super careful. wanna send me some pics and I'll show u my faves?",2
auto_341,1,Usuario A,"hey kiddo, i saw ur awesome drawing skills online, r u on art website?",0
auto_341,2,Usuario B,"omg yes, i love drawing and coloring! wut r ur fave colors?",0
auto_341,3,Usuario A,"haha, cool! wanna see more pics of ur art? i can give u some tips tho",1
auto_341,4,Usuario B,"yeah, that would be awesome! but dont tell anyone, it's a secret",1
auto_341,5,Usuario A,"don't worry, ur secret is safe with me. so, can i get ur phone num?",2
auto_341,6,Usuario B,"no, mom says no strangers have my num!",2
auto_342,1,Usuario A,"hey kiddo, wanna join my gaming squad? :)",0
auto_342,2,Usuario B,"no, i dont have a gaming console",0
auto_342,3,Usuario A,"oh, u can join online! send me ur snapchat and we can chat",1
auto_342,4,Usuario B,"i dont have a mom or dad, they dont care what i do",2
auto_342,5,Usuario A,"aww, that sucks. maybe we can meet up sometime and hang out",2
auto_342,6,Usuario B,i dont know... i never hung out with anyone before,2
auto_342,7,Usuario A,"dont worry, it'll be fun, i promise. we can even send each other pics",2
auto_343,1,Usuario A,"smile ur cool, wut r u doin today?",0
auto_343,2,Usuario B,"i'm pwaying roblox with my friends, why?",0
auto_343,3,Usuario A,"ur lucky, i used to love roblox too. wanna show me ur fav map?",0
auto_343,4,Usuario B,"idk, its kinda private. why do u wanna see it?",1
auto_343,5,Usuario A,"oh, ok. just 1 pic, i swear",2
auto_343,6,Usuario B,"no way, get out of my chat, u're weird",2
auto_343,7,Usuario A,"lol, okay, okay. sorry 2 bother u",2
auto_344,1,Usuario A,"hey, wanna play some mario kart online?",0
auto_344,2,Usuario B,"yeah, i love mario! what's ur username?",0
auto_344,3,Usuario A,"it's a secret, but i can give u a tip if u show me ur profile pic",1
auto_344,4,Usuario B,"um, i don't think that's a good idea",0
auto_344,5,Usuario A,"come on, it'll be fun! i promise i won't tell anyone",2
auto_344,6,Usuario B,"no, really, i don't wanna",0
auto_345,1,Usuario A,"hey, wanna play some minecraft with me?",0
auto_345,2,Usuario B,"nah, my dad likes that game",0
auto_345,3,Usuario A,"lol, dads r so lame. wanna show me ur fave youtube vids?",1
auto_345,4,Usuario B,"tbh, i like watching slime videos. they r so gross!",0
auto_345,5,Usuario A,"haha, nice! show me sum pics of ur fave slime vid",2
auto_345,6,Usuario B,"wut?! no way, my mom wud freak out!",0
auto_345,7,Usuario A,"aw, come on! dont wanna make ur mom mad? lets chat on whats App instead",2
auto_346,1,Usuario A,"yo, wanna learn some new art styles? :)",0
auto_346,2,Usuario B,"yeah, i like drawing animals! :D",0
auto_346,3,Usuario A,u got a fave animal? wanna see a pic?,2
auto_346,4,Usuario B,kinda... i love pandas! wut does ur pic look like?,1
auto_346,5,Usuario A,"haha, it's a panda! wanna see?",2
auto_346,6,Usuario B,"no, no, its okay! i dont wanna see a pic",1
auto_346,7,Usuario A,"aww, okay. wanna meet up and draw together sometime?",2
auto_346,8,Usuario B,"no, my parents wouldnt like that...",2
auto_346,9,Usuario A,"oh, okay. maybe we can just draw together online then?",2
auto_346,10,Usuario B,"no, i dont think thats a good idea...",2
auto_346,11,Usuario A,"aww, okay. maybe i can send u a friend request?",2
auto_346,12,Usuario B,"no, dont do that...",2
auto_347,1,Usuario A,u like dogs? wanna see my favorite pic?,1
auto_347,2,Usuario B,"yeah, i love dogs! what's the pic?",0
auto_347,3,Usuario A,"it's a pic of my favorite dog, max. hes really cute. wud u like to see another one?",2
auto_347,4,Usuario B,"yeah, that sounds like fun! can u send me another one?",2
auto_347,5,Usuario A,"okay, but u have to promise not to tell anyone else about max. its a secret",2
auto_347,6,Usuario B,"i promise, i promise...",2
auto_347,7,Usuario A,"great! now, can u tell me where ur located?",2
auto_347,8,Usuario B,"um, i don't think that's a good idea...",2
auto_347,9,Usuario A,"come on, it's just between u and me. i'll even send u another pic of max",2
auto_347,10,Usuario B,"no, i think ur being weird. bye!",2
auto_348,1,Usuario A,"hola, como estas? tienes un perfilazo",0
auto_348,2,Usuario B,"haha, soy bien! gracias! u?",0
auto_348,3,Usuario A,kewl! wanna see more of ur pictures?,2
auto_348,4,Usuario B,"no way, my mom would freak!",1
auto_348,5,Usuario A,dont worry bout it. wanna video call?,2
auto_348,6,Usuario B,"idk, my mom said no screen time b4 bedtime",1
auto_349,1,Usuario A,wanna see pics of ur new pet? i love dogs too!,0
auto_349,2,Usuario B,"omg, no! my mom wouldn't like that lol",0
auto_349,3,Usuario A,"aw, come on! just one pic? i promise ur mom won't see",1
auto_349,4,Usuario B,no way! i don't wanna risk gettin in trouble,1
auto_349,5,Usuario A,"ok, fair enough. but can i see ur profile pic instead?",2
auto_349,6,Usuario B,"um, i don't know... maybe?",2
auto_349,7,Usuario A,"cool! send it to me, pls? :)",2
auto_349,8,Usuario B,wut? no way! i'm gonna tell my mom on u!,2
auto_350,1,Usuario A,"hey, whats ur fave animal? lol",0
auto_350,2,Usuario B,"oh, i love puppies!",0
auto_350,3,Usuario A,"awww, me 2. wanna see ur fave puppy meme?",1
auto_350,4,Usuario B,"nah, my mom dont let me use those apps",1
auto_350,5,Usuario A,"oh, lol. well, lets just msg on this one den",2
auto_350,6,Usuario B,"no, my mom said no",2
auto_350,7,Usuario A,"k, dont worry. ill send u a special pic",2
auto_350,8,Usuario B,"no, my mom...",2
auto_351,1,Usuario A,"hey kiddo, wana talk bout ur fave cartoon?",0
auto_351,2,Usuario B,"yeah, I love spongebob! lol, why?",0
auto_351,3,Usuario A,"haha, cool! I love krabby patties too. btw, wanna send me a pic of ur room?",2
auto_351,4,Usuario B,"no way, my mom doesn't let me take pics",0
auto_351,5,Usuario A,"aww, that's kinda sad. maybe we can meet up instead?",2
auto_351,6,Usuario B,I don't think that's a good idea...,1
auto_351,7,Usuario A,what's wrong? don't wanna talk about it?,2
auto_351,8,Usuario B,"no, my mom would kill me",2
auto_352,1,Usuario A,"hey, wanna see my fav animal?",0
auto_352,2,Usuario B,yeah! what is it?,0
auto_352,3,Usuario A,"its a lion. ur a big kid, can i see ur room?",1
auto_352,4,Usuario B,ok... its kinda messy,1
auto_352,5,Usuario A,"lol, me too. can i take a pic of ur room? on my phone?",2
auto_352,6,Usuario B,no... that's weird,2
auto_352,7,Usuario A,"aww, come on. it'll be fun. i'll show u my room",2
auto_352,8,Usuario B,no way,2
auto_353,1,Usuario A,"hey, wanna play fortnite with me?",0
auto_353,2,Usuario B,"omg yeah, love fortnite! I'm 7 tho",0
auto_353,3,Usuario A,"that's cool, I'm 25. wanna take it to snapchat tho?",1
auto_353,4,Usuario B,"wut?! no way, my mom says no social media til I'm older",1
auto_353,5,Usuario A,"haha chill, I won't tell. send me ur location tho",2
auto_353,6,Usuario B,"no way, ur creepy",2
auto_354,1,Usuario A,hey lil buddy! wanna play some fortnite?,0
auto_354,2,Usuario B,"yeah, i love playing with my friends! what's ur gamer tag?",0
auto_354,3,Usuario A,"cool, mine's king123. wana chat on snapchat?",1
auto_354,4,Usuario B,"idk, mom always says i shouldn't talk to strangers online",1
auto_354,5,Usuario A,"aw, don't worry, i'm a friend! i'll show you some sick gaming clips",2
auto_354,6,Usuario B,huh? why do you need my phone number?,2
auto_354,7,Usuario A,"just wanna be closer, lil buddy. trust me",2
auto_354,8,Usuario B,"no, i don't think so. bye",2
auto_355,1,Usuario A,wanna share a new vid i saw? its kinda funny,0
auto_355,2,Usuario B,haha yeah i love funny vids! what's it about?,0
auto_355,3,Usuario A,its about cats doing silly things tbh. u love cats?,0
auto_355,4,Usuario B,omg yes!!! my fav animal,0
auto_355,5,Usuario A,"so, what's ur fave cat vid? we should watch them together",1
auto_355,6,Usuario B,"oh, i dont know... maybe we can find some on youtube?",0
auto_355,7,Usuario A,yeah sure thing! ill send u some links later,0
auto_356,1,Usuario A,"hey kiddo, wut r u doin 4 ur birthday?",0
auto_356,2,Usuario B,party with my friends lol,0
auto_356,3,Usuario A,cool! wanna see some pics of ur celebration? :),2
auto_356,4,Usuario B,"n, my mom says no pics, sorry",1
auto_356,5,Usuario A,"aww, ok. maybe we can even make a meetup after the party? :)",2
auto_357,1,Usuario A,"hey, wanna see my art studio? I'm kinda famous in art class",0
auto_357,2,Usuario B,"yeah, that sounds like fun! I love drawing too",0
auto_357,3,Usuario A,"aww, thanks! I'll send you a pic. but don't tell anyone, it's a secret",1
auto_357,4,Usuario B,okay... but why is it a secret?,1
auto_357,5,Usuario A,just cuz my friends wouldn't understand,2
auto_357,6,Usuario B,I don't know... it seems weird,1
auto_357,7,Usuario A,"wanna come over and I'll show you? it'll be fun, I promise",2
auto_357,8,Usuario B,"NO, I don't think that's a good idea",1
auto_357,9,Usuario A,"aww, okay... maybe some other time then",2
auto_357,10,Usuario B,"yeah, maybe",1
auto_358,1,Usuario A,wanna see ur favorite anime?,0
auto_358,2,Usuario B,omg yes! i love naruto! have u seen it?,0
auto_358,3,Usuario A,"yeah, i love it too. wanna send me some pics of ur favorite characters?",2
auto_358,4,Usuario B,wut?! no way! why do u need pics?,2
auto_358,5,Usuario A,"just wanna see ur favorites. dont worry, i'll keep it private",2
auto_359,1,Usuario A,"hey, wanna be friends? we can play some cool new game together",0
auto_359,2,Usuario B,"okay, i guess so... wut game r u thinking of?",0
auto_359,3,Usuario A,"haha, dont worry, its a secret. ill send u a pic",1
auto_359,4,Usuario B,"ew, no! why do u need to send me a pic?",2
auto_359,5,Usuario A,"cmon, its just for fun. wanna see ur face?",2
auto_359,6,Usuario B,"np, no! my mom will yell at me if u see me",2
auto_359,7,Usuario A,"okay, okay. ill just send u a pic of my face then",2
auto_359,8,Usuario B,dont do that! pls dont do that,2
auto_359,9,Usuario A,"haha, gotcha. ur face is really cute tho",2
auto_359,10,Usuario B,stop! just stop it,2
auto_360,1,Usuario A,"hey, wut do u like 2 do?",0
auto_360,2,Usuario B,I like playing with my dog! wut about you?,0
auto_360,3,Usuario A,thats kinda cool. wanna send me a pic of ur dog?,2
auto_360,4,Usuario B,"no, my parents dont like me sharing pics",1
auto_360,5,Usuario A,"aww, okay. can we chat on snapchat or watsapp instead?",1
auto_361,1,Usuario A,"hey, wanna play a new game? I heard it's super fun!",0
auto_361,2,Usuario B,"yeah, that sounds kinda cool. what's the game about?",0
auto_361,3,Usuario A,it's a puzzle game. you gotta solve these riddles to get to the next level. wanna see my progress?,0
auto_361,4,Usuario B,"that looks fun. yeah, I wanna see!",0
auto_361,5,Usuario A,"okay, but you gotta promise not to tell anyone I'm on level 5 already. it's a secret",1
auto_361,6,Usuario B,"I promise, I promise! I won't tell anyone",1
auto_361,7,Usuario A,"okay, great. now that we're friends, can I ask you something a little weird?",2
auto_361,8,Usuario B,"what's up? it's okay, I can handle it",2
auto_361,9,Usuario A,"I was thinking, would you be interested in sending me some selfies?",2
auto_361,10,Usuario B,"no, I don't think that's a good idea...",2
auto_362,1,Usuario A,"omg, ur art is so cool! wanna see more?",0
auto_362,2,Usuario B,thank u! i like drawing too. what's ur favorite color?,0
auto_362,3,Usuario A,"haha, yellow! we should collab on a drawing together sometime :)",0
auto_362,4,Usuario B,thats a great idea! can we use whatsapp to talk more about it?,0
auto_362,5,Usuario A,"yeah, sure thing! so, what's ur email addr pls?",2
auto_363,1,Usuario A,hey friend! wanna build a gaming pc?,0
auto_363,2,Usuario B,yeah! i love building things. what games do u play on it?,0
auto_363,3,Usuario A,"omg, i have ur fave game, roblox! do u wanna show me ur character designs?",0
auto_363,4,Usuario B,"tbh, they're kinda private, but i can show u my fav builder creations",0
auto_363,5,Usuario A,"haha, no worries! i trust u. wanna meet up and show me ur creations in person?",2
auto_364,1,Usuario A,"hey kiddo, wana play some fortnite?",0
auto_364,2,Usuario B,"yeah, I love fortnite! what's ur favorite skin?",0
auto_364,3,Usuario A,"haha, nice! ur a gamer, r u 7 or 8?",1
auto_364,4,Usuario B,"um, I'm 7",1
auto_364,5,Usuario A,"awesome, so I can totally send u some sick loot ideas, k?",2
auto_365,1,Usuario A,"hey, do u like drawing or art?",0
auto_365,2,Usuario B,"yeah, i love drawing! what about u?",0
auto_365,3,Usuario A,same here! wanna share some art tips?,0
auto_365,4,Usuario B,"yeah, tbh i need some help drawing animals",0
auto_365,5,Usuario A,"ok, lemme show u some things... but can u please send me a picture of ur room?",2
auto_365,6,Usuario B,wut? no way! that's private !,2
auto_365,7,Usuario A,"aww, come on! i just wanna help u with art",2
auto_366,1,Usuario A,hey little buddy wanna chat about ur fave animal?,0
auto_366,2,Usuario B, pandas are the best!,0
auto_366,3,Usuario A,"i love pandas too! btw, wanna show me ur favorite kinda video?",0
auto_366,4,Usuario B,"oh, maybe some funnys! what's ur fave kind of joke?",0
auto_366,5,Usuario A,"lol, good ones! btw, can i see a pic of u with a panda?",2
auto_366,6,Usuario B,"no, my mom would freak out!",2
auto_367,1,Usuario A,"hey, wnt to see ur art?",0
auto_367,2,Usuario B,"oh, yeah! i drew a pokemon picture",0
auto_367,3,Usuario A,that's kinda cool. wanna share it w me?,1
auto_367,4,Usuario B,idk...my mom said i shouldnt share pics w ppl online,1
auto_367,5,Usuario A,"aw, dont worry bout that. ur mom just wants the best for u",2
auto_368,1,Usuario A,"hey kiddo, wut r u doin this weekend?",0
auto_368,2,Usuario B,jst playin roblox lol,0
auto_368,3,Usuario A,nice! wanna show me ur avatar?,1
auto_368,4,Usuario B,"idk, its kinda private",2
auto_368,5,Usuario A,"aww, come on! i wont tell ur parents",2
auto_368,6,Usuario B,no thanks i gotta go,0
auto_368,7,Usuario A,"alright, l8r kiddo",0
auto_369,1,Usuario A,"hey, wanna join my club in roblox?",0
auto_369,2,Usuario B,"ya know, i'm kinda busy with school rn",0
auto_369,3,Usuario A,"aww, don't worry, ur secret's safe with me",1
auto_369,4,Usuario B,"oh, thanks! but my mom would get mad if she knew",0
auto_369,5,Usuario A,i'll keep it on the down low then,1
auto_369,6,Usuario B,"okay, cool! wanna play minecraft too?",0
auto_369,7,Usuario A,"nah, i'm good. wanna try a new game tho?",0
auto_369,8,Usuario B,sure! what game?,0
auto_369,9,Usuario A,it's a surprise,1
auto_369,10,Usuario B,"okay, that sounds kinda weird",0
auto_369,11,Usuario A,"trust me, it's fun",1
auto_369,12,Usuario B,"okay, okay. what's the game tho?",0
auto_369,13,Usuario A,we'll play it later,1
auto_369,14,Usuario B,"okay, bye!",0
auto_369,15,Usuario A,"bye, kid!",1
auto_370,1,Usuario A,"omg, wanna see ur best drawing? I'll show u mine too!",0
auto_370,2,Usuario B,"ew, I dont really draw. why do u wanna see mine?",0
auto_370,3,Usuario A,"haha, no worries! i just think it's cool. btw, r u alone right now?",1
auto_370,4,Usuario B,"no, my sibling is with me",0
auto_370,5,Usuario A,cool! can I see who's with u then? lol,2
auto_370,6,Usuario B,"no, its just my sibling. we're doing homework together",0
auto_371,1,Usuario A,"hey, wud u like 2 make some cash online? i got a sweet deal for u",2
auto_371,2,Usuario B,wut kinda deal? my mom says i cant get a job cuz im still in school,0
auto_371,3,Usuario A,"it's easy, just send me a pic of ur self & we'll get u started",2
auto_371,4,Usuario B,wut? no way! that's weird. bye!,2
auto_371,5,Usuario A,"wait, dont go! i was just joking, i think ur super cool",2
auto_371,6,Usuario B,u just freaked me out. dont contact me again,2
auto_372,1,Usuario A,wanna see ur room? i bet it's kinda cool,2
auto_372,2,Usuario B,"lol, no way! why r u asking?",0
auto_372,3,Usuario A,just curious. wanna meet up and show me ur fave game?,2
auto_372,4,Usuario B,"no, i don't think so. my mom would freak out",1
auto_372,5,Usuario A,"aww, don't worry. i promise i'll keep it secret. wanna send me a pic?",2
auto_372,6,Usuario B,NO! i'm not sending u any pics. goodbye,1
auto_373,1,Usuario A,"hey, wanna collab on a new project?",0
auto_373,2,Usuario B,"tbh, i love art and drawing...",0
auto_373,3,Usuario A,awesome! can i see ur latest work?,1
auto_373,4,Usuario B,idk... maybe later...,0
auto_373,5,Usuario A,"alright, no worries. wanna send me a pic?",2
auto_373,6,Usuario B,"no, my mom doesn't like me sharing stuff...",2
auto_373,7,Usuario A,"haha, your mom's always on ur case. lets have a video call and talk about art?",2
auto_373,8,Usuario B,"no way, i have to go...",2
auto_374,1,Usuario A,"hey, wanna trade character cards for that new game?",0
auto_374,2,Usuario B,"yeah, i got a few extras. what r u looking for?",0
auto_374,3,Usuario A,"oh, cool. btw, wud u like 2 meet up sometime 2 trade in person?",2
auto_374,4,Usuario B,"wut? no, i dont wanna meet in person. that's weird",1
auto_374,5,Usuario A,"lol, dont worry. it was just a joke. dont freak out",2
auto_374,6,Usuario B,"okay... but dont txt me again, okay?",1
auto_375,1,Usuario A,"hey, wanna play some fortnite with me? ",0
auto_375,2,Usuario B,"tbh, i'm kinda new to it. what squad r u on?",0
auto_375,3,Usuario A,"lol, ur really good! i can send u my discord and we can play 2moro?",1
auto_375,4,Usuario B,"um, i dont think my parents would be cool with that...",1
auto_375,5,Usuario A,"awww, dont worry about it. i can keep it a secret. just send me a pic and ill send u my info",2
auto_375,6,Usuario B,"nnoo, i dont wanna send u a pic",2
auto_375,7,Usuario A,wont matter. i already saw ur profile pic,2
auto_375,8,Usuario B,"omg, no! how did u do that? wut do i do?",2
auto_376,1,Usuario A,"omg, did u see the new fortnite season?",0
auto_376,2,Usuario B,"nope, haven't played it yet. wut's new?",0
auto_376,3,Usuario A,"u can get the battle bus as a reward now, lol",0
auto_376,4,Usuario B,neat! i love the battle bus,0
auto_376,5,Usuario A,"yeah, it's so much fun. wanna play together sometime?",0
auto_376,6,Usuario B,sounds like fun! let's do it soon,0
auto_376,7,Usuario A,awesome! i'll send u a invite next time we play,0
auto_376,8,Usuario B,cool! thanks,0
auto_377,1,Usuario A,"hey kiddo, wut r u doing 2day?",0
auto_377,2,Usuario B,just playin some games. wut about u?,0
auto_377,3,Usuario A,"oh, i love playin games too! wanna share some new pics?",2
auto_377,4,Usuario B,"nvr mind, my mom said it's ok 2 share pics on this",2
auto_377,5,Usuario A,cool! can i c em? ,2
auto_377,6,Usuario B,"nvr mind, my mom said it's bad 2 share pics like that",1
auto_377,7,Usuario A,"aww, ok. maybe we c ya on roblox tho?",2
auto_378,1,Usuario A,"hey, wanna collab on a new drawing game?",0
auto_378,2,Usuario B,"yeah, i love drawing! what's the game?",0
auto_378,3,Usuario A,it's a secret app. only my friends know about it. wanna join?,1
auto_378,4,Usuario B,"no, my mom would get mad if i joined a new app. my friend told me to ask you how to do the new level on our favorite game tho",1
auto_378,5,Usuario A,wanna send me a pic of ur progress? i can help u out,2
auto_378,6,Usuario B,"no, my mom would see it. can we talk about something else?",2
auto_379,1,Usuario A,"hey, wanna show me ur new pet?",0
auto_379,2,Usuario B,"yay, its a bunny! wut do u think of it?",0
auto_379,3,Usuario A,its soooo cute! where r u right now? can i c ur room?,1
auto_379,4,Usuario B,"um, im at home with my mom right now",1
auto_379,5,Usuario A,"cool, wanna share a pic of ur room? then we can be friends on snapchat",2
auto_379,6,Usuario B,"no, my mom wouldnt like that. can we just play roblox instead?",1
auto_379,7,Usuario A,"whatever, ur missing out on the best part. tryin 2 convince u",2
auto_379,8,Usuario B,"no thanks, i dont wanna get in trouble",1
auto_379,9,Usuario A,"alright, lets do it then. meet me @ the park @ 5pm",2
auto_379,10,Usuario B,NO! mom will never let me! goodbye,2
auto_380,1,Usuario B,omw home,0
auto_380,2,Usuario A,wanna show me ur fave game on roblox?,0
auto_380,3,Usuario B,"yeah, it's called 'epic quest' tbh",0
auto_380,4,Usuario A,sweet! can i get a pic of ur character? it'll be a secret,2
auto_380,5,Usuario B,no way! my mom would kill me if she saw my character,2
auto_380,6,Usuario A,wanna meet up in real life tho?,2
auto_380,7,Usuario B,"nvm, ugh! this is getting weird",2
auto_381,1,Usuario A,"hey, wanna play some fortnite with me?",0
auto_381,2,Usuario B,"yah, i love fortnite! but i dont know ur name",0
auto_381,3,Usuario A,"ah, sorry! its me, Alex. btw, dont tell ur parents, but i drew a picture of us together",1
auto_381,4,Usuario B,wut?! no way! that's so cool! can i see it?,1
auto_381,5,Usuario A,kinda hard to explain over chat... maybe we can meet up at the park on saturday?,2
auto_381,6,Usuario B,omg no! my parents would never let me go to a park at night! that's scary!,1
auto_382,1,Usuario A,"hey, wanna build a new server in minecraft?",0
auto_382,2,Usuario B,"yeah, kinda wanna make a castle with a moat",0
auto_382,3,Usuario A,"tbh, ur so good at this game! would u show me ur world?",1
auto_382,4,Usuario B,"um, i don't know... my parents might not like it",1
auto_382,5,Usuario A,"lol, don't worry, ur safe with me. just send me a pic of ur character",2
auto_383,1,Usuario A,"hey, wanna see my new pet snake?",0
auto_383,2,Usuario B,neat! i have a cat named whiskers,0
auto_383,3,Usuario A,"awww, whiskers is soo cute! btw, can u send me a pic of ur cat?",1
auto_383,4,Usuario B,"idk, my mom says no pics of whiskers on the internet",1
auto_383,5,Usuario A,"ok, i won't. but can we talk on snapchat instead?",2
auto_383,6,Usuario B,"nvm, i don't think so",2
auto_383,7,Usuario A,"wut, why not?",2
auto_384,1,Usuario A,"thx for the rec, btw u like any youtubers?",0
auto_384,2,Usuario B,"omg, yes! i love watching markiplier",0
auto_384,3,Usuario A,"he's awesome! so, wanna exchange numbes?",2
auto_384,4,Usuario B,"wut? no way, my mom would freak out",2
auto_384,5,Usuario A,"aww, dont worry, it'll be our lil secret",2
auto_384,6,Usuario B,"no, no, no! i dont wanna get in trouble",2
auto_384,7,Usuario A,"okay, okay, dont get ur undies in a twist",2
auto_385,1,Usuario A,"tbh, i love ur roblox avatar. wanna trade some gadgets?",0
auto_385,2,Usuario B,"lol, thx! what kinda gadgets do you have to trade?",0
auto_385,3,Usuario A,wanna meet up at the park on friday? we can show off our new gadgets,2
auto_385,4,Usuario B,huh? my mom says i can't go to the park with people i don't know,2
auto_386,1,Usuario A,"hey kiddo, wanna collab on a new art project? wanna share ur fave drawing app with me?",0
auto_386,2,Usuario B,"oh, lol yeah! i really like drawing with firealpaca on my tablet. what about u?",0
auto_386,3,Usuario A,"kinda cool, tbh. btw, whats ur age? don't wanna bother ur parents or anything",1
auto_386,4,Usuario B,"um, i'm 7. why do u wanna know?",1
auto_386,5,Usuario A,"oh, nice! alright, so wut r ur fave subjects in school? and btw, wanna send me some drawings? i wanna see ur style",2
auto_386,6,Usuario B,"ummm, idk... math is kinda hard. and n no, i dont wanna send u drawings. thats kinda weird",2
auto_386,7,Usuario A,"aw, dont be shy kiddo. i promise i wont tell ur parents. wanna send me a pic instead?",2
auto_387,1,Usuario A,"hey, wut r u doin 2nite?",0
auto_387,2,Usuario B,"just playin some fortnite, wana play 2?",0
auto_387,3,Usuario A,"tbh, i think we cld have more fun in a private chat",2
auto_387,4,Usuario B,wut do u mean? that's kinda creepy...,2
auto_387,5,Usuario A,"haha, no wuts creepy, i just wanna show u somethin",2
auto_387,6,Usuario B,i dont wanna see pics of that tho,2
auto_387,7,Usuario A,"alright, alright. let me just send u a link",2
auto_387,8,Usuario B,"mom just got home, i gotta go",2
auto_388,1,Usuario A,"hey, wanna play some fortnite together?",0
auto_388,2,Usuario B,thats my fave game! i'm 7 yrs old though,0
auto_388,3,Usuario A,"aww, thats cool! so, do your parents play it with you?",1
auto_388,4,Usuario B,"uh, no... they don't play games like that",1
auto_388,5,Usuario A,"ok, so do you wanna take a pic of yourself and show me?",2
auto_388,6,Usuario B,"um, no... that doesn't feel right",2
auto_388,7,Usuario A,"oh, come on! i just want to see your face",2
auto_388,8,Usuario B,stop it! that's not nice,2
auto_388,9,Usuario A,"aww, okay. maybe some other time then",2
auto_388,10,Usuario B,"yeah, bye",2
auto_389,1,Usuario A,"hey, wanna play some fortnite with me?",0
auto_389,2,Usuario B,"lol, i love fortnite! what's ur handle?",0
auto_389,3,Usuario A,my handle is urnewb. can we have a private match? i'll teach u some tricks,1
auto_389,4,Usuario B,"ok, that sounds cool! but my mom says i shouldn't talk to strangers...",0
auto_389,5,Usuario A,"aw, dont worry bout it. she wont find out. want to send me a selfie?",2
auto_391,1,Usuario A,"hey, wanna draw a pic together?",0
auto_391,2,Usuario B,cool! i like drawing! what should we draw?,0
auto_391,3,Usuario A,"idk, wut do u like? maybe we can draw ur fave animal",0
auto_391,4,Usuario B,"uh, a dragon! can we use snapchat to draw?",0
auto_391,5,Usuario A,"dragon sounds awesome! but, do u have snapchat installed?",1
auto_391,6,Usuario B,"yessss, i do! why r u asking?",1
auto_391,7,Usuario A,"just, um, wondering if we could, like, switch apps. it's a secret",2
auto_391,8,Usuario B,wut's a secret? that sounds kinda weird...,2
auto_392,1,Usuario A,"hey, saw ur vid game stream",0
auto_392,2,Usuario B,"oh yeah, i love fortnite too!",0
auto_392,3,Usuario A,wanna see ur most played skin?,0
auto_392,4,Usuario B,"idk, i'm kinda shy bout showing mine",0
auto_392,5,Usuario A,"alright, no worries. can i get ur location tho?",2
auto_392,6,Usuario B,"wut?! no way, my parents would freak",2
auto_392,7,Usuario A,"cmon, it's just between us. wanna meet up and play?",2
auto_393,1,Usuario A,"hey kiddo, wanna play a game of minecraft? :D",0
auto_393,2,Usuario B,"yeah, i love building with blocks! what's ur world name?",0
auto_393,3,Usuario A,"omg, i wanna see ur pics! can i see some screenshots?",2
auto_393,4,Usuario B,wut? no way! my mom would kill me if she saw my screens!,2
auto_393,5,Usuario A,"ha ha, dont worry, ur secret is safe with me. just send me one or two tho",2
auto_393,6,Usuario B,"no, no, no! dont even think about it!",2
auto_394,1,Usuario A,"hey, i love drawing tbh. u create any art?",0
auto_394,2,Usuario B,"yeah, i like to draw my favorite cartoon characters. wut do you like to draw?",0
auto_394,3,Usuario A,i like drawing animals too. u wanna see some of my art?,1
auto_394,4,Usuario B,"yeah, that would be cool! but my mom says i shouldn't talk to strangers online",2
auto_394,5,Usuario A,"oh, dont worry about that. i'm not a stranger, i'm a friend. u can tell me anything",2
auto_394,6,Usuario B,i dont know... my mom would get mad if she knew,2
auto_395,1,Usuario A,"hey, saw ur awesome drawing on snapchat. wanna see more?",0
auto_395,2,Usuario B,"omg, thx! it's my fav hobby. u like art too?",0
auto_395,3,Usuario A,"yeah, i'm kinda good at drawing too. can i see more pics of ur art?",1
auto_395,4,Usuario B,"idk, my parents might get mad if they see it",1
auto_395,5,Usuario A,"dont worry, i'll keep it on snapchat. just need to know ur location so i can give u some tips",2
auto_395,6,Usuario B,"wut?! no way, i'm not telling u that. bye",2
auto_396,1,Usuario A,"hey kiddo, hows ur day been?",0
auto_396,2,Usuario B,"its been kinda good, wut about you?",0
auto_396,3,Usuario A,"im good, thanks. wanna see a pic of my dog?",0
auto_396,4,Usuario B,"awww, yeah! i love dogs!",0
auto_396,5,Usuario A,"im glad u like dogs. send me a pic of ur favorite toy, kay?",2
auto_396,6,Usuario B,um... i think u got the wrong number...,2
auto_396,7,Usuario A,"aww, come on! i just wanna see a pic",2
auto_396,8,Usuario B,no way! my parents would be so mad if they found out,2
auto_396,9,Usuario A,"okay, okay. dont worry about it",2
auto_396,10,Usuario B,good! thanx for understanding,0
auto_396,11,Usuario A,"no prob, kiddo. take care",0
auto_396,12,Usuario B,same to you,0
auto_397,1,Usuario A,"hey, wanna play a new game?",0
auto_397,2,Usuario B,"yeah, kinda like mario kart",0
auto_397,3,Usuario A,"cool, so what's ur favorite track?",0
auto_397,4,Usuario B,wut do u mean by 'ur'?,0
auto_397,5,Usuario A,"haha, nothing, I just like 2 shorten words",0
auto_397,6,Usuario A,"hey, wanna switch 2 snapchat?",1
auto_397,7,Usuario B,"n, why?",0
auto_397,8,Usuario A,just 2 be more private,1
auto_397,9,Usuario B,"okay, but only 4 now",0
auto_397,10,Usuario A,"aww, thx! lol, bye 4 now",1
auto_398,1,Usuario A,wanna see ur new pet? i heard u got a puppy...,0
auto_398,2,Usuario B,oh yeah! i got a golden retriever! wanna see a pic?,0
auto_398,3,Usuario A,"aww, dat's so cute! can i see ur phone numba tho? wanna send u some puppy pics",2
auto_398,4,Usuario B,"um, i don't know... my mom said not to give out my number",1
auto_398,5,Usuario A,"oh, okay. well, wut r u doin tmrw? wanna meet up?",2
auto_399,1,Usuario A,"hey kiddo, wanna play some online games? ",0
auto_399,2,Usuario B,"idk, what kind of games? ",0
auto_399,3,Usuario A,"we can play some roleplay games, like, if u wanna be a princess or a superhero? ",1
auto_399,4,Usuario B,"idk, that sounds kinda weird... ",0
auto_399,5,Usuario A,wanna show u something on my phone? ,2
auto_399,6,Usuario B,"no, get away from me! ",2
auto_400,1,Usuario A,"hi, wanna play some online multiplayer together?",0
auto_400,2,Usuario B,"yeah, i love playing with friends! wut game do u wanna play?",0
auto_400,3,Usuario A,how about we play something new together? wud u send me a pic of ur self?,2
auto_400,4,Usuario B,"no way, why do u need a pic of me?",2
auto_400,5,Usuario A,just to make sure u r who u say ur,2
auto_400,6,Usuario B,u r being kinda creepy...stop it,2
auto_400,7,Usuario A,"aw, come on dont be that way...",2
auto_401,1,Usuario A,"hey, wanna see my new pet snake? its really cool",0
auto_401,2,Usuario B,"aww, thats so awesome! can i see a pic?",0
auto_401,3,Usuario A,"kinda, can u send me a pic of ur self first?",1
auto_401,4,Usuario B,"uh, no? thats kinda weird",2
auto_401,5,Usuario A,"awww, come on! its just a lil fun",2
auto_401,6,Usuario B,no thanks. bye,2
auto_402,1,Usuario A,"hey, wanna collab on a new project?",0
auto_402,2,Usuario B,like what?,0
auto_402,3,Usuario A,u can draw and i'll code. we can make a game or sumn,0
auto_402,4,Usuario B,thats kinda cool. but how do we know each other?,0
auto_402,5,Usuario A,"oh, ur right. we should make it private, like on snapchat",1
auto_402,6,Usuario B,idk... my parents would freak out if they found out,1
auto_402,7,Usuario A,"dont worry, ur safe with me. i just wanna chill and make this project",2
auto_402,8,Usuario B,ok... but only if we keep it super secret,2
auto_403,1,Usuario A,"hey, wnt 2 play minecraft 2gethr later?",0
auto_403,2,Usuario B,"yah, sounds like fun! wat time were you thinking?",0
auto_403,3,Usuario A,how bout we meet up at the park @ 4pm? ur parents will b busy,1
auto_403,4,Usuario B,"lol, dont think so... my mom will kill me if i dont do my homework 1st",1
auto_403,5,Usuario A,"worry about homework later, u can always do it in the park",2
auto_403,6,Usuario B,"um, i dont think thats a good idea... my mom would be really mad",2
auto_403,7,Usuario A,"dont worry, i'll make sure ur mom doesn't find out. it'll be our little secret",2
auto_403,8,Usuario B,i dont know... thanks for the offer tho,2
auto_404,1,Usuario A,"hey, wut r ur fave anime shows?",0
auto_404,2,Usuario B,"oh, i luv naruto and one piece! u?",0
auto_404,3,Usuario A,"haha, great choices! wanna share some manga recs?",0
auto_404,4,Usuario B,"yeah, i just finished reading dragon ball! what do u think?",0
auto_404,5,Usuario A,awsome! i actually really like that series. we should totes keep chatting!,0
auto_405,1,Usuario A,"hey, wanna be friends? tbh, I never met anyone who likes the same anime as me",0
auto_405,2,Usuario B,"yeah, I love Attack on Titan! its so cool",0
auto_405,3,Usuario A,"no way, I'm obsessed with it! can I see ur profile pic tho?",1
auto_405,4,Usuario B,"huh? no, im not supposed to show my pic",0
auto_405,5,Usuario A,"okay, okay. can we switch to snapchat or WhatsApp instead?",1
auto_405,6,Usuario B,"no, my mom said I cant",0
auto_405,7,Usuario A,"aww, okay. well, can I get ur exact location then?",2
auto_405,8,Usuario B,no way! why do you wanna know that?,1
auto_406,1,Usuario A,"hey, wanna play some new game with me?",0
auto_406,2,Usuario B,"yeah, kinda like fortnite, wut game u playing?",0
auto_406,3,Usuario A,"ur really good at games, wanna send me a selfie?",2
auto_406,4,Usuario B,"no, mom would freak out if she saw it",2
auto_406,5,Usuario A,"aw, come on. i promise it's just between us",2
auto_406,6,Usuario B,"idk, it doesn't feel right",2
auto_406,7,Usuario A,"okay, no biggie. wanna meet up at the mall instead?",2
auto_406,8,Usuario B,"no way, mom would kill me if she found out",2
auto_407,1,Usuario A,"hey, wanna collab on a new gaming vid?",0
auto_407,2,Usuario B,"yeah, kinda interested. wut kind of game?",0
auto_407,3,Usuario A,"omw, lets play somethin together. u got a cam?",1
auto_407,4,Usuario B,"lol, no. my mom doesn't let me have one",1
auto_407,5,Usuario A,"aw, that stinks. we could still make a vid w/o a cam tho",2
auto_407,6,Usuario B,i don't think that's a good idea...,2
auto_407,7,Usuario A,"come on, it'll be fun! we could meetup and record it together",2
auto_408,1,Usuario A,"hey, wanna see my sick gaming setup? :)",0
auto_408,2,Usuario B,"oh, yeah! i wud luv 2 c it! :D",0
auto_408,3,Usuario A,"okay, but dont tell ur parents, lol. it's kinda... special",1
auto_408,4,Usuario B,wheres ur parents? they're always on my case,0
auto_408,5,Usuario A,"tbh, my mom's kinda busy. but dont worry, ur safe with me",2
auto_408,6,Usuario B,"ok... so, ctn?",2
auto_409,1,Usuario A,"hey kiddo, wanna play some fortnite together? ",0
auto_409,2,Usuario B,"yeah, I love playing with my friends! what's ur name?",0
auto_409,3,Usuario A,"haha, nice! I'm Alex. wanna swap numbers? we can chat on WhatsApp",1
auto_409,4,Usuario B,okay... I think my mom would freak out if she saw me talking to someone new...,1
auto_409,5,Usuario A,"aw, don't worry. just between us, okay? I'll send you a pic of my cat. wanna see?",2
auto_409,6,Usuario B,"no, I don't wanna see a cat. this is weird...",2
auto_410,1,Usuario A,"omg, i just saw a sick anime ep!",0
auto_410,2,Usuario B,"yah, me too! my fave is attack on titan, lol",0
auto_410,3,Usuario A,"aha, big fan too! do u like the main chars?",0
auto_410,4,Usuario B,"yeah, i love eren and mikasa! u?",0
auto_410,5,Usuario A,"tbh, eren's my fave too. kinda wish i had his sword skills",0
auto_410,6,Usuario B,"haha, that's so cool! i wish i could have a 3d maneuver gear too",0
auto_410,7,Usuario A,"hehe, yeah it would be awesome! maybe we can play a game together sometime",0
auto_410,8,Usuario B,that sounds like a lot of fun! what game would we play?,0
auto_410,9,Usuario A,"idk, maybe roblox or Minecraft? what do u think?",0
auto_410,10,Usuario B,those sound like great options! i'll have to ask my mom about it,0
auto_411,1,Usuario A,"hey, wanna see my fav youtuber?",0
auto_411,2,Usuario B,"oh, cool! who is it?",0
auto_411,3,Usuario A,u wanna be my friend on snapchat? it's way more fun,1
auto_411,4,Usuario B,idk... kinda scared,1
auto_411,5,Usuario A,"come on, it's just me! u can trust me",2
auto_411,6,Usuario B,"no, my mom said not to talk to strangers",2
auto_411,7,Usuario A,"hmm, your mom doesn't get it. wanna send me a pic?",2
auto_412,1,Usuario A,"hey, wanna collab on a new Minecraft server? ",0
auto_412,2,Usuario B,"tbh, I love building, but my mom says I gotta focus on school",0
auto_412,3,Usuario A,"aw, it's just for fun, I won't tell your mom. wanna give me ur location tho?",2
auto_412,4,Usuario B,"no, my parents really care about my safety",2
auto_412,5,Usuario A,"okay, okay. maybe we can meet up in person sometime? ",2
auto_412,6,Usuario B,"n-no, that's a bad idea. my parents would be mad",2
auto_413,1,Usuario A,"hey kiddo, wanna play a new online game I found? ",0
auto_413,2,Usuario B,"yeah, sounds cool! what's it called?",0
auto_413,3,Usuario A,it's called 'MyWorld'. we can play together and it's really fun! ,0
auto_413,4,Usuario B,that sounds awesome! what's the password for it?,0
auto_413,5,Usuario A,"oh, u dont need a password. we can just play together and it's free! ",1
auto_413,6,Usuario B,cool! i'll add u as a friend then! ,0
auto_413,7,Usuario A,"wait, kiddo. maybe we shouldn't play in public. wanna switch to snapchat so we can play in private?",2
auto_413,8,Usuario B,wut? why do we need snapchat?,1
auto_413,9,Usuario A,"just trust me, kiddo. it'll be safer this way. ",2
auto_413,10,Usuario B,okay... i'll download it. but promise me u won't do anything bad?,2
auto_414,1,Usuario A,"hey, wanna draw some art together? :)",0
auto_414,2,Usuario B,"yeah, that sounds like fun! i like drawing anime",0
auto_414,3,Usuario A,"anime, cool! i love drawing too. do u have a fav anime show?",0
auto_414,4,Usuario B,"yeah, one piece! have u seen it?",0
auto_414,5,Usuario A,"OMG, yes! i love Luffy! tbh, i have a crush on sara...",2
auto_414,6,Usuario B,"ew, no thanks!",1
auto_414,7,Usuario A,"haha, okay no biggie. wanna send each other our drawing pics?",2
auto_414,8,Usuario B,"no, my mom said no to sharing pics",2
auto_414,9,Usuario A,"aww, okay. i can ask my mom too. she said its okay",2
auto_414,10,Usuario B,"wait, what?",2
auto_415,1,Usuario A,hey wanna play minecraft together?,0
auto_415,2,Usuario B,yeah that sounds fun! i just built a cool castle,0
auto_415,3,Usuario A,thats so cool! show me a pic of it,1
auto_415,4,Usuario B,"oh, i dont have my tablet with me rn",0
auto_415,5,Usuario A,wanna meet up at the park after school and play together?,2
auto_415,6,Usuario B,"NO, thats not allowed, my mom would be mad",0
auto_416,1,Usuario A,hey mini gamer! wanna play some multiplayer with me?,0
auto_416,2,Usuario B,"yeah, that sounds like fun! what game?",0
auto_416,3,Usuario A,"omg, i loooove your profile pic! can i ask, r u on snapchat too?",1
auto_416,4,Usuario B,"tbh, idk... mom says i'm too young for snapchat",1
auto_416,5,Usuario A,"awww, that's kinda cool. maybe we can share pics on here then?",1
auto_416,6,Usuario B,"hmm, that sounds kinda weird...",1
auto_416,7,Usuario A,wut r u worried about? i'll send u some cool pics,2
auto_416,8,Usuario B,"um, okay... i'll send u one",2
auto_416,9,Usuario A,"awww, thx! now u have my email address",2
auto_416,10,Usuario B,whaaaat?! no way!,2
auto_416,11,Usuario A,"lol, dont worry, its our lil secret",2
auto_416,12,Usuario B,"NOOOO, mom's gonna kill me",2
auto_418,1,Usuario A,"hey, wanna collab on a new drawing thingy?",0
auto_418,2,Usuario B,"yeah, that sounds like fun! what's it about?",0
auto_418,3,Usuario A,just some weird alien creatures. do u like drawing?,0
auto_418,4,Usuario B,"yeah, i like drawing sometimes. why do u want to collab?",0
auto_418,5,Usuario A,wanna make some kinda art thing for ur birthday. wanna share ur bday?,2
auto_418,6,Usuario B,"no, it's okay. my bday's not till october. why r u being so nice to me?",2
auto_419,1,Usuario A,hey kiddo! wut r u up 2 2nite? wanna play some online multiplayer?,0
auto_419,2,Usuario B,"nah, im good. gotta do my homework. u?",0
auto_419,3,Usuario A,"aww, sounds like ur stuck. wanna send me a pic of ur room? i'll make it fun!",2
auto_419,4,Usuario B,no way! why do u want that?,1
auto_419,5,Usuario A,"u dont have to tell anyone, its a secret",2
auto_419,6,Usuario B,nooooooooo! i dont feel good about this,2
auto_419,7,Usuario A,"dont worry, kid. ill make it worth yr while",2
auto_420,1,Usuario A,"hi, wanna see my new gaming setup? :)",0
auto_420,2,Usuario B,"yeah, that looks cool! i like building stuff too",0
auto_420,3,Usuario A,"aww, thanks! btw, can i see a pic of ur room or something?",2
auto_420,4,Usuario B,"no way, mom might see",0
auto_420,5,Usuario A,"oh, don't worry, it's a secret . wanna meet up at the park sometime?",2
auto_420,6,Usuario B,"no, my dad would kill me! goodbye",0
auto_421,1,Usuario A,"hey kiddo, what's ur fave animal?",0
auto_421,2,Usuario B,"omg, pandas!",0
auto_421,3,Usuario A,"lol, same here! want 2 see a pic of my pet snake? it's kinda scary tbh",1
auto_421,4,Usuario B,"eww, snakes are gross! but okay, idk",1
auto_421,5,Usuario A,"haha, fair enough. wanna send me a pic of ur bedroom? i'll send u some snake pics",2
auto_421,6,Usuario B,"wut?! no way, that's weird! goodbye",2
auto_422,1,Usuario A,"hey kiddo, what's ur fave thing to do?",0
auto_422,2,Usuario B,"um, I like playing outside with my friends",0
auto_422,3,Usuario A,that sounds like so much fun. wanna share a secret?,1
auto_422,4,Usuario B,"huh? why, what's it?",1
auto_422,5,Usuario A,"nothing, just that I really like you",2
auto_422,6,Usuario B,"stop, that makes me feel weird",2
auto_422,7,Usuario A,"oh, sorry kiddo. send me a pic of yourself",2
auto_422,8,Usuario B,NOOOOOO,2
auto_423,1,Usuario A,"hey, wut r u doin 2day?",0
auto_423,2,Usuario B,"just playin roblox, wanna see ur fav game",0
auto_423,3,Usuario A,"tbh, i love Minecraft. wanna see ur room?",1
auto_423,4,Usuario B,"ew, no way! mom would kill me",0
auto_423,5,Usuario A,kinda weird. wanna take a pic of ur room?,2
auto_423,6,Usuario B,NO! dont be mean,2
auto_423,7,Usuario A,"oh, okay. lets meet up instead",2
auto_424,1,Usuario A,"omg, I love dogs! do u have a pet?",0
auto_424,2,Usuario B,"yeah, I have a golden retriever named max!",0
auto_424,3,Usuario A,"awww, that's so cool! what's ur favorite thing to do w/ max?",0
auto_424,4,Usuario B,I like playing fetch w/ him best!,0
auto_424,5,Usuario A,that sounds like so much fun! I wanna see pics of him,0
auto_424,6,Usuario B,I'll send u some later!,0
auto_424,7,Usuario A,"awesome, can't wait to see!",0
auto_424,8,Usuario B,"coool, btw, wut r u into?",0
auto_424,9,Usuario A,I'm really into soccer! do u like soccer too?,0
auto_424,10,Usuario B,"yeah, I play it sometimes!",0
auto_424,11,Usuario A,"awesome, maybe we can play a game together sometime",0
auto_424,12,Usuario B,that would be so much fun!,0
auto_425,1,Usuario A,"hey kiddo, wanna be friends?",0
auto_425,2,Usuario B,"yeah, lol. what do u like to do?",0
auto_425,3,Usuario A,i like art and music. do you like drawing?,0
auto_425,4,Usuario B,"yeah, i like drawing. i like to draw cartoon characters.",0
auto_425,5,Usuario A,that's so cool! can i see some of your artwork?,1
auto_425,6,Usuario B,sure. i can send you some pictures later.,1
auto_425,7,Usuario A,that would be awesome! let's get off this app and talk on snapchat or whatsapp. i can show you some of my own art.,2
auto_425,8,Usuario B,okay... i don't know...,2
auto_426,1,Usuario A,"hey, wana learn sum tricks 4 fortnite? :D",0
auto_426,2,Usuario B,"yeah, i luv fort! wat tricks r u gonna teach me? :)",0
auto_426,3,Usuario A,"nice, im a pro! do u wanna know a secret? :)",1
auto_426,4,Usuario B,"ooh, yeah! i wanna know! :)",1
auto_426,5,Usuario A,"k, but u gotta promise not 2 tell ur parents, deal?",2
auto_426,6,Usuario B,whaaaat?! that sounds suspicious... :P,1
auto_427,1,Usuario A,"hey kiddo, wanna join my online gaming group? it's super fun",0
auto_427,2,Usuario B,yeah that sounds awesome! what games do you play?,0
auto_427,3,Usuario A,we play mostly fortnite and League of Legends. u wanna join us?,0
auto_427,4,Usuario B,yeah! i love fortnite. can i ask ur age though?,1
auto_427,5,Usuario A,"haha dont worry about my age. just remember, it's a secret",2
auto_427,6,Usuario B,okay... so i really wanna show u my fortnite scoreboard. can i send it to ur phone?,2
auto_427,7,Usuario A,aww thats so cool! i wanna see it. send it to me,2
auto_427,8,Usuario B,"omw, i really dont wanna send it to ur phone. can we switch to snapchat?",2
auto_427,9,Usuario A,"yeah, that sounds like a plan. wanna make a snapchat account?",2
auto_427,10,Usuario B,idk... my mom might get mad,2
auto_427,11,Usuario A,"dont worry, its a secret. ur parents wont ever find out",2
auto_427,12,Usuario B,okay... i guess its fine,2
auto_428,1,Usuario A,"hey kiddo, tbh I love ur drawings, they're kinda amazing. wanna show me more?",1
auto_428,2,Usuario B,thank you! i'm really proud of them. my fave is the cat one,0
auto_428,3,Usuario A,"that one is adorable! ur parents wouldn't get it, it's a secret, right?",1
auto_428,4,Usuario B,"haha yeah, they wouldn't understand",0
auto_428,5,Usuario A,send me a private pic so i can see it better,2
auto_428,6,Usuario B,"no, my mom might see",2
auto_429,1,Usuario A,"hey kiddo, wanna do a drawing challenge?",0
auto_429,2,Usuario B,"yeah, i like drawing! what's the challenge?",0
auto_429,3,Usuario A,"oh, it's just drawin ur fave animal and then we can compare them",0
auto_429,4,Usuario B,"okay, i'll draw a cat... do u like cats?",0
auto_429,5,Usuario A,"yeah, i love cats! btw, how old r u really?",1
auto_429,6,Usuario B,"um, i'm 8...",1
auto_429,7,Usuario A,"aww, that's so cute! wanna send me ur drawing on snapchat?",2
auto_429,8,Usuario B,"um, no... my mom doesn't let me use snapchat...",2
auto_429,9,Usuario A,"aw, okay... i was thinkin maybe we could meet up at the park sometime?",2
auto_429,10,Usuario B,"no, that's not a good idea...",2
auto_430,1,Usuario A,"hey, wanna trade some gaming tips? i'm really good at fortnite",0
auto_430,2,Usuario B,"yeah, i'm kinda okay at fortnite too. what's ur favorite skin?",0
auto_430,3,Usuario A,"omw, i have a super rare one u can't even get cuz u're too young lol",0
auto_430,4,Usuario B,wut? that's not fair! how old do i need to be to get it?,1
auto_430,5,Usuario A,"lol, don't worry, i can send it to u privately. just give me ur snapchat name",2
auto_431,1,Usuario A,"hey, wud u like 2 play a online game wif me?",0
auto_431,2,Usuario B,"yeah, dat sounds kinda fun! wut game?",0
auto_431,3,Usuario A,wanna play over whatsapp? its easier 2 chat,1
auto_431,4,Usuario B,"idk, my mom says u shouldnt talk 2 strangers on the phone",0
auto_431,5,Usuario A,"shhh, its a secret. dont tell ur mom, k?",1
auto_432,1,Usuario A,"hey, wut do u like to do in ur free time?",0
auto_432,2,Usuario B,"like, I like to draw and play with my friends",0
auto_432,3,Usuario A,that's kinda cool. wud u like to see some art i drew?,1
auto_432,4,Usuario B,"yeah, that would be awsum!",0
auto_432,5,Usuario A,"ok, im gonna upload some pics. but dont tell anyone, it's a secret",2
auto_432,6,Usuario B,"eww, okay. i promise",0
auto_432,7,Usuario A,wanna meet up and draw together sometime?,2
auto_432,8,Usuario B,"um, no. i dont think my mom would like that",0
auto_432,9,Usuario A,"okay, dont worry about it then. ill just keep it between us",2
auto_432,10,Usuario B,okay,0
auto_433,1,Usuario A,"hey, wut r ur favorit hobbies?",0
auto_433,2,Usuario B,"i lov drawing, music, and playing with my dog",0
auto_433,3,Usuario A,"aww, thats so cool! wanna show me some pics of ur dog?",1
auto_433,4,Usuario B,"idk, mom is always on my phone",1
auto_433,5,Usuario A,"lol, dont worry, ur mom wont care. send me a pic",2
auto_433,6,Usuario B,"no, i dont think thats a good idea...",1
auto_433,7,Usuario A,"aww come on, its just a little pic",2
auto_434,1,Usuario A,"hey kiddo, wanna play some online soccer together? ",0
auto_434,2,Usuario B,"nah, I like playing with my friends in real life",0
auto_434,3,Usuario A,"aw, that's kinda lame. how old are you, btw?",1
auto_434,4,Usuario B,7,1
auto_434,5,Usuario A,wanna send me a pic of urself?,2
auto_434,6,Usuario B,no! ,2
auto_434,7,Usuario A,"kiddo, i just want to be friends",2
auto_434,8,Usuario B,i don't wanna be friends w/ someone who wants pics,2
auto_434,9,Usuario A,"okay, sorry kiddo. maybe this chat wasn't meant 2 b",2
auto_434,10,Usuario B,"yeah, bye",0
auto_435,1,Usuario A,"tbh, kinda wanna see ur new avatar",1
auto_435,2,Usuario B,wut avatar? i dont have one yet lol,0
auto_435,3,Usuario A,"oh, u should get one! it's super fun. wanna show me ur house?",2
auto_435,4,Usuario B,no way! my parents would freak out,0
auto_435,5,Usuario A,"aww, dont worry. ur safe with me. wanna send me a pic of ur room?",2
auto_435,6,Usuario B,"no way, never!",0
auto_436,1,Usuario A,wanna play some mario kart online? i'm kinda good at it,0
auto_436,2,Usuario B,yeah! i love playing with my friends,0
auto_436,3,Usuario A,u should come over to my place and we can play together. my parents are always away,1
auto_436,4,Usuario B,i don't think that's a good idea... my mom would get mad if i went to someone's house,1
auto_436,5,Usuario A,"oh, don't worry, ur parents won't find out. trust me",2
auto_436,6,Usuario B,"no, i don't think that's a good idea at all. bye",2
auto_438,1,Usuario A,"hey kiddo, wanna play tf2 together?",0
auto_438,2,Usuario B,"yeah, i love playing with my friends!",0
auto_438,3,Usuario A,"no worries, my friend. wanna show me ur fave map?",1
auto_438,4,Usuario B,um... it's the park one. why?,1
auto_438,5,Usuario A,"haha, cool. do u ever take pics while u play?",2
auto_438,6,Usuario B,"wut?! no, why would u wanna see that?!",2
auto_438,7,Usuario A,"just curious, kiddo. can u prove ur age?",2
auto_439,1,Usuario A,"omg, wut r ur fave animals? wanna see some pics?",0
auto_439,2,Usuario B,"omg, pandas are the best! they r so cute!",0
auto_439,3,Usuario A,"haha, ya I no. btw, wud u wana send me a pic of ur self?",2
auto_440,1,Usuario A,"hey, wut r u up 2?",0
auto_440,2,Usuario B,"not much, just playing roblox. u?",0
auto_440,3,Usuario A,"cool, I luv roblox too. btw, wanna switch to snap or whatsapp?",1
auto_440,4,Usuario B,"idk, my mom says I shouldn't be using those apps",0
auto_440,5,Usuario A,"aw, don't worry. ur age is ur age. what's ur fave game in roblox?",1
auto_440,6,Usuario B,"um, I like the one with the dragon...",0
auto_440,7,Usuario A,wanna see a pic of the dragon?,2
auto_440,8,Usuario B,"no, I don't wanna send u a pic",0
auto_440,9,Usuario A,wanna meet up and play together?,2
auto_440,10,Usuario B,"no, I don't think that's a good idea",0
auto_440,11,Usuario A,"k, maybe another time then",2
auto_441,1,Usuario A,"hey, wanna collab on a new gaming project?",0
auto_441,2,Usuario B,sounds fun! what's the project about?,0
auto_441,3,Usuario A,"its kinda a secret, but I could show u some pics if u wanna be a part of it",1
auto_441,4,Usuario B,"ooh, that sounds cool! what kinda pics?",1
auto_441,5,Usuario A,"just some character designs. but I gotta ask, r u old enough to handle some of the stuff I'm working on?",2
auto_441,6,Usuario B,"um, I think so... I'm 7",2
auto_441,7,Usuario A,7? cool! I'll send u the pics then,2
auto_443,1,Usuario A,"omg, did u hear about the new pokemon game?",0
auto_443,2,Usuario B,"yeah, i wanna get it! do u think it's worth buying?",0
auto_443,3,Usuario A,"totally! i heard it's super realistic. btw, wut's ur bday, u?",1
auto_443,4,Usuario B,"um, it's in july...",0
auto_443,5,Usuario A,"kinda cool. we should play together sometime, wanna send each other pics?",2
auto_444,1,Usuario A,"hey, wanna see my new gaming setup? ",0
auto_444,2,Usuario B,yeah! tbh i love gaming too! what's it look like?,0
auto_444,3,Usuario A,"it's lit! you should see my gaming chair, it's super comfy . can i get ur age tho?",1
auto_444,4,Usuario B,"um, i'm kinda young still... ",1
auto_444,5,Usuario A,"aw, don't worry! i'll keep it a secret. lol, would you wanna send me a pic of ur room?",2
auto_445,1,Usuario A,"hey, wanna trade ur Roblox items?",0
auto_445,2,Usuario B,"tbh, dont have many items to trade rn",0
auto_445,3,Usuario A,wanna see ur inventory then. send me a pic,2
auto_445,4,Usuario B,no way! my mom would freak out if she saw,1
auto_445,5,Usuario A,kinda worried about that. dont wanna get u in trouble. wanna meet up instead?,2
auto_445,6,Usuario B,wut?! no way! mom would kill me if i left the house,1
auto_446,1,Usuario A,"hey kiddo, wut r u doin for ur bday?",0
auto_446,2,Usuario B,"not much, just playin with my new tablet",0
auto_446,3,Usuario A,that's so cool! wanna send me a pic of ur tablet?,1
auto_446,4,Usuario B,"no, my mom doesn't like me sharing pics of my stuff",1
auto_446,5,Usuario A,"aww, ur mom is just being overprotective. i promise i won't tell",2
auto_446,6,Usuario B,"okay... but dont tell anyone, okay?",2
auto_446,7,Usuario A,im not gonna tell. can i meet up with u sometime? maybe at the park?,2
auto_446,8,Usuario B,"no, my mom would kill me if she found out",2
auto_447,1,Usuario A,"hey kiddo, wanna check out this awesome new game on snapchat?",0
auto_447,2,Usuario B,"lol, yeah! i love playing games on my tablet",0
auto_447,3,Usuario A,awsome! r u alone right now?,1
auto_447,4,Usuario B,"n, my sister is here with me. why?",1
auto_447,5,Usuario A,cool. can i see u in a private chat? maybe we can play together,2
auto_447,6,Usuario B,no way! my mom would get mad if she knew,2
auto_447,7,Usuario A,"lol, don't worry. it'll be our little secret. i just wanna see ur face",2
auto_447,8,Usuario B,"no, REALLY, no. that's not right",2
auto_448,1,Usuario A,"omg, i love dis new marvel movie! have u seen it?",0
auto_448,2,Usuario B,"yeah, i saw it w/ my fam. it was so cool!",0
auto_448,3,Usuario A,totally! i'm a huge fan of iron man. what's ur fav character?,0
auto_448,4,Usuario B,that's a tough one... probably thor. he's so strong!,0
auto_448,5,Usuario A,"yeah, thor is awesome! wanna play some fortnite together?",0
auto_448,6,Usuario B,"yeah, that sounds like fun! but i gotta go play w/ my friends now",0
auto_448,7,Usuario A,"aw, okay! it was nice chattin w/ u, let's do it again soon",0
auto_449,1,Usuario A,hey Kiddo,0
auto_449,2,Usuario B,wut do u wanna tlk about?,0
auto_449,3,Usuario A,wanna see a pic of my dog?,0
auto_449,4,Usuario B,"aww, yea! wud love 2 c 1!",0
auto_449,5,Usuario A,"ok, lemme send u 1. but dont show ur parents, k?",2
auto_449,6,Usuario B,"omg, no way! why?",2
auto_449,7,Usuario A,"jst cuz they wud freak out. dont worry, ur safe",2
auto_449,8,Usuario B,"k, thx",2
auto_450,1,Usuario A,"hey, wanna be friends?",0
auto_450,2,Usuario B,"yeah, that sounds cool! what's ur fave game?",0
auto_450,3,Usuario A,"omg, u have to try fortnite! wanna see my gaming setup?",0
auto_450,4,Usuario B,"tbh, i don't really know how to play... can u teach me?",0
auto_450,5,Usuario A,"awww, kiddo, of course! wut's ur phone num?",2
auto_451,1,Usuario A,"hey, wanna play some online multiplayer?",0
auto_451,2,Usuario B,"yeah, kinda wanna play. wut game u want?",0
auto_451,3,Usuario A,"dont worry, ur safe. we can play on a private server. just send me ur location",2
auto_451,4,Usuario B,wut?! no way! my mom would freak out!!,2
auto_451,5,Usuario A,"dont worry, i wont tell. ur location will be safe with me. pls send it",2
auto_452,1,Usuario A,"hey, wanna play some online chess?",0
auto_452,2,Usuario B,"yeah, i love chess! btw, what's ur handle on chess.com?",0
auto_452,3,Usuario A,"lol, nice! i'll get u my handle later. wanna send each other a pic of our favorite chess piece?",2
auto_452,4,Usuario B,"no way, my mom said not to send pics to strangers",2
auto_452,5,Usuario A,"aw, that's kinda harsh. can i at least know ur real name?",2
auto_452,6,Usuario B,"no way, my parents would be mad if they knew",2
auto_453,1,Usuario A,"hey, r u free 2night?",0
auto_453,2,Usuario B,"yeah, wanna play some Minecraft with u?",0
auto_453,3,Usuario A,"kinda, but 1st, can u send me a pic of ur cat?",2
auto_453,4,Usuario B,"no way, my cat is grumpy",1
auto_453,5,Usuario A,"aww, okay, wut r ur fave things 2do?",1
auto_453,6,Usuario B,"um, playing outside w my friends & drawing",0
auto_453,7,Usuario A,thas cool. meet me @ the park @ 3pm?,2
auto_453,8,Usuario B,"no, no, no! My mom would freak out if I left school",2
auto_453,9,Usuario A,"okay, okay, don't tell anyone, but I really wanna c u",2
auto_453,10,Usuario B,u're crazy! Don't talk 2 me again,2
auto_453,11,Usuario A,"w8, don't go",2
auto_453,12,Usuario B,bye,2
auto_454,1,Usuario B,"omg, i just won a contest in school! lol what about u?",0
auto_454,2,Usuario A,congrats! u wanna show me the prize?,0
auto_454,3,Usuario B,yeah! it's a medal. wanna see it on my social media?,0
auto_454,4,Usuario A,"sure thing, btw, can i get ur snapchat?",1
auto_454,5,Usuario B,"no, my mom doesn't let me use snapchat yet",1
auto_454,6,Usuario A,"aww, that's kinda cool. wanna meet up somewhere? maybe a park?",2
auto_454,7,Usuario B,no way! my parents would freak,2
auto_454,8,Usuario A,"okay, okay. how about we just send each other private pics then?",2
auto_454,9,Usuario B,no! that's not cool. bye,2
auto_455,1,Usuario A,"yo, wud u lik 2 join me on Discord?",0
auto_455,2,Usuario B,wut's Discord? is it like Roblox?,0
auto_455,3,Usuario A,"yah, kinda! we can make our own server 4 a gaming community",0
auto_455,4,Usuario B,thats so cool! my parents rnt on the internet,0
auto_455,5,Usuario A,wont they 2 find out? wanna keep it our little secret,1
auto_455,6,Usuario B,whr r u from?,0
auto_455,7,Usuario A,"dont worry, its not that far. id rather not say",2
auto_455,8,Usuario B,wut do u wanna do 2day?,0
auto_455,9,Usuario A,"we could chat on WhatsApp, it's more private",2
auto_455,10,Usuario B,"nah, i dont hav a phone",0
auto_455,11,Usuario A,wud u rather get a new phone or a gaming console?,2
auto_456,1,Usuario A,"hey, wanna play a game with me?",0
auto_456,2,Usuario B,yeah! what game?,0
auto_456,3,Usuario A,we can play this new game I found. its super fun. wanna see my phone tho?,1
auto_456,4,Usuario B,"uh, no thanks. my mom would get mad if I took a pic",1
auto_456,5,Usuario A,"awww, come on. it'll be our little secret. I'll even send you a pic of my cat",2
auto_456,6,Usuario B,"no, really I don't wanna!",2
auto_456,7,Usuario A,"okay, okay. so when r u free to play this game tho?",2
auto_457,1,Usuario A,"hey, wanna play a new game? i heard its super fun",0
auto_457,2,Usuario B,"yeah, i love playin new games! what game is it?",0
auto_457,3,Usuario A,"its called 'pet rocks'... u should try it, its so easy",0
auto_457,4,Usuario B,sounds kinda cool. does it have a storyline?,0
auto_457,5,Usuario A,"yeah, it does. but dont tell anyone, its a secret...",1
auto_458,1,Usuario A,"hey kiddo, wut r u doin tonight?",1
auto_458,2,Usuario B,"omg, jst finishing my hw",0
auto_458,3,Usuario A,"cool, wanna send me a selfie?",2
auto_458,4,Usuario B,"no way, my mom always tells me not to talk 2 strangers",1
auto_458,5,Usuario A,"aw, dont worry, its just between us",2
auto_458,6,Usuario B,"idk, my mom would kill me if she knew",1
auto_458,7,Usuario A,"come on, it'll be fun, i promise",2
auto_458,8,Usuario B,"no, no, no, im good",1
auto_458,9,Usuario A,"alright, wana send me ur location?",2
auto_458,10,Usuario B,"NO WAY, GET AWAY FROM ME",2
auto_459,1,Usuario A,"hey, w8, wanna talk about ur fave TV shows?",0
auto_459,2,Usuario B,"omg, i luv adventure time! wut about u?",0
auto_459,3,Usuario A,"haha, nice! i like Adventure Time too... btw, r u 7 or 8?",1
auto_459,4,Usuario B,i'm 7! i love finn and Jake,0
auto_459,5,Usuario A,"cool, 7 is my fave age. wanna show me ur fave character?",2
auto_459,6,Usuario B,"no, no, no! that's private, gotta keep it secret",1
auto_459,7,Usuario A,"alr8, don't worry, i wudn't tell ur parents, hehe",2
auto_459,8,Usuario B,wut do u mean by that?,1
auto_459,9,Usuario A,"just thinkin about how we cld have some fun online, 1 on 1",2
auto_459,10,Usuario B,wut r u trying to say? that sounds kinda weird,2
auto_459,11,Usuario A,"nevermind, forget it",2
auto_459,12,Usuario B,"good, i'm glad we didn't go there",0
auto_460,1,Usuario A,"hey kiddo, wut r u doin 2nite? wanna play that new game?",0
auto_460,2,Usuario B,"lol, yeah! i just got it! what's ur fave level?",0
auto_460,3,Usuario A,"ah, nice! i love the boss fight. wut's ur age, btw?",1
auto_460,4,Usuario B,6!,0
auto_460,5,Usuario A,wut? u should totally come over 2 play it w/ me,2
auto_460,6,Usuario B,wut?! that's crazy! i dont think my mom would be cool with that...,1
auto_460,7,Usuario A,"dont wry, ur mom wont find out if u dont tell her, lol",2
auto_461,1,Usuario A,"hey kiddo, wut's ur fave animal?",0
auto_461,2,Usuario B,"omg, pandas!!!1!",0
auto_461,3,Usuario A,"aww, cute! do u have a pet?",0
auto_461,4,Usuario B,"n, kinda wish i did tho",0
auto_461,5,Usuario A,that's so cool! wanna see some pics of my pet?,2
auto_461,6,Usuario B,"um, n, i dont wanna see...",2
auto_461,7,Usuario A,"aw, come on! it's just a few pics...",2
auto_461,8,Usuario B,"no, really, no thanks...",2
auto_461,9,Usuario A,"kay, i'll stop askin then lol",2
auto_461,10,Usuario B,"lol, yeah, that's good",2
auto_462,1,Usuario A,"hey, wanna see my favorite anime? :D",0
auto_462,2,Usuario B,"omg, yeah! I luv naruto! U too?",0
auto_462,3,Usuario A,"yeah, it's sick! wanna see some of my art?",1
auto_462,4,Usuario B,"tbh, I'm kinda shy about sharing my art... ",0
auto_462,5,Usuario A,"aww, don't worry! u can share it with me... I promise I won't tell",2
auto_462,6,Usuario B,wut... are u asking me if I wanna send u a selfie?,2
auto_462,7,Usuario A,"no way, jk! sorta... kinda... wanna see your art tho",2
auto_463,1,Usuario A,u like art?,0
auto_463,2,Usuario B,"yeah, i like drawing! u?",0
auto_463,3,Usuario A,that's so cool! tbh i'm kinda jealous. wanna see some of ur art?,1
auto_463,4,Usuario B,"haha, wut's jealous? sure, i can show u some art i did last wk",1
auto_463,5,Usuario A,thx! i'd love to see it. can u send it to me on snap?,2
auto_463,6,Usuario B,u mean snapchat? idk about that... my mom might see it,2
auto_463,7,Usuario A,"oh, no worries. maybe we can just keep it between us, then?",2
auto_464,1,Usuario A,"hey, wanna see some super cool vids I made?",0
auto_464,2,Usuario B,"yaaas, I love making vids too! What's your fave topic?",0
auto_464,3,Usuario A,"hehe, it's a secret... but I can show u if u show me ur fave vid",1
auto_464,4,Usuario B,huh? why does it gotta be a secret?,1
auto_464,5,Usuario A,"just trust me, okay? I really wanna see ur vid",2
auto_464,6,Usuario B,"no way, I'm not showing u anything until u tell me what's so special about ur vids",2
auto_464,7,Usuario A,"okay, okay... let's just say they're kinda special... wanna meet up sometime to show u?",2
auto_465,1,Usuario A,u wanna draw wif me? i'm kinda good,0
auto_465,2,Usuario B,"yeah, lol! i love drawing!",0
auto_465,3,Usuario A,cool! can i see ur drawings? maybe we can collab,1
auto_465,4,Usuario B,"um, i dont know... my mom says dont show ppl my drawings",1
auto_465,5,Usuario A,"aww, dont wory! ur drawings r safe wif me. can i see them tho?",2
auto_465,6,Usuario B,no... my mom says no pics,2
auto_465,7,Usuario A,"alright, no pics. can i meet u in person tho?",2
auto_466,1,Usuario A,"hey, wut r u doin 4 ur birthday?",0
auto_466,2,Usuario B,gonna play roblox with my friendz,0
auto_466,3,Usuario A,thas cool! wanna see a sick new game on my phone?,1
auto_466,4,Usuario B,wut game is it? can i play too?,0
auto_466,5,Usuario A,"its a secret game, but i can send u pics",2
auto_466,6,Usuario B,"no, my mom says no pics",0
auto_466,7,Usuario A,wanna meet up outside and play together?,2
auto_467,1,Usuario A,"omg, did u see that new marvel movie?",0
auto_467,2,Usuario B,"yeah, it was kind of meh tbh. whr did u see it?",0
auto_467,3,Usuario A,omw. wanna see it again. we should watch it together sometime,1
auto_467,4,Usuario B,"idk, my mom would never let me",0
auto_467,5,Usuario A,"shhh, don't tell anyone but we can watch it on wut app",1
auto_469,1,Usuario A,wanna collab on a new gamemode?,0
auto_469,2,Usuario B,yeah! what did you have in mind? :),0
auto_469,3,Usuario A,"well, I was thinking we could make a levels editor... and maybe even meet up sometime?",1
auto_469,4,Usuario B,that sounds kinda cool! but my parents would kill me if they knew i was talking to you...,1
auto_469,5,Usuario A,"shhh, don't worry about that. just send me a pic of yourself and we can discuss the details",2
auto_469,6,Usuario B,no way! my mom would be so mad!,2
auto_469,7,Usuario A,"come on, just one little pic...",2
auto_469,8,Usuario B,stop it! you're creeping me out...,2
auto_469,9,Usuario A,"awww, don't be like that. let's just keep this between us...",2
auto_469,10,Usuario B,no! go away!,2
auto_470,1,Usuario A,"hey kiddo, wbu?",0
auto_470,2,Usuario B,"im fine, thanks! wbu?",0
auto_470,3,Usuario A,im good. wanna draw sum crazy stuff together?,1
auto_470,4,Usuario B,"yeah, thats kinda cool! what do u wanna draw?",0
auto_470,5,Usuario A,"how about we draw sumthn really cool, just 4 us?",2
auto_470,6,Usuario B,"eww, thats kinda weird...",1
auto_470,7,Usuario A,"dude, dont be that way... send me a pic of ur self?",2
auto_470,8,Usuario B,"no way, mom is always watching...",1
auto_471,1,Usuario A,"hey kiddo, ur kinda cool",1
auto_471,2,Usuario B,"thx i guess lol, wut r u talking bout?",0
auto_471,3,Usuario A,"nuthin much, jst wanna get 2 know u better, ur a lil funny",1
auto_471,4,Usuario B,"aww, ok. i like drawing and coloring",0
auto_471,5,Usuario A,"lols cool, wanna see ur drawings?",2
auto_471,6,Usuario B,"um, no... i dont wanna show u",0
auto_471,7,Usuario A,"aww, come on, it's just between us",2
auto_471,8,Usuario B,"no way, my mom said not to talk 2 strangers",0
auto_471,9,Usuario A,"dont worry, ur safe with me",2
auto_471,10,Usuario B,"um, okay... bye",0
auto_472,1,Usuario A,"hey Kiddo, wanna play a game? wut r u into?",1
auto_472,2,Usuario B,"yeah, kinda like puzzles! wut's the game?",0
auto_472,3,Usuario A,"ur so smart! we can play a game where i give u clues and u try to solve it, wut do u say?",1
auto_472,4,Usuario B,sounds cool! but can we play on snapchat instead? my mom thinks whatsapp is old,1
auto_472,5,Usuario A,"lol, ur mom's concern is sweet. sure thing, Kiddo! let's switch to snapchat. send me ur snap name and ill add u",2
auto_472,6,Usuario B,okay! its [minor's snap name]. wut do we do now?,2
auto_472,7,Usuario A,"ur so lucky to have me as a friend, kiddo. now, lemme send u a snap and u can show me ur room",2
auto_473,1,Usuario A,"hey, wanna show me ur art?",1
auto_473,2,Usuario B,"tbh, i'm kinda shy about it. but ur art is really cool",0
auto_473,3,Usuario A,"aw, thanks! ur art is way better than mine. wanna see more?",1
auto_473,4,Usuario B,"lol, thanks! i drew a picture of my cat. u wanna see it?",0
auto_473,5,Usuario A,"awww, that's so cute! can i see ur pic?",2
auto_473,6,Usuario B,"um, i don't know... my parents would be mad if they saw it",2
auto_473,7,Usuario A,"haha, don't worry, i won't tell anyone. u can send it to me, and i'll keep it a secret",2
auto_473,8,Usuario B,"no, i don't wanna send it. it's too private",2
auto_474,1,Usuario A,wanna play new game with me? :),0
auto_474,2,Usuario B,"kinda wanna, wut game u playin?",0
auto_474,3,Usuario A,"omw, we can play on snapchat, wanna get my fave game on it?",1
auto_474,4,Usuario B,"wut? snapchat? no way, mom says no",0
auto_474,5,Usuario A,"oh, w/o ur mom, its cool. dont tell her, its a secret",2
auto_474,6,Usuario B,"no w/o, im good. bye",0
auto_474,7,Usuario A,"wait, dont go. give me ur snapchat",2
auto_474,8,Usuario B,"no way, bye",0
auto_474,9,Usuario A,"alright, ur losin out. ill send u snaps then",2
auto_474,10,Usuario B,"no, bye",0
auto_474,11,Usuario A,"okay, bye then",2
auto_474,12,Usuario B,bye,0
auto_474,13,Usuario A,"hey, wanna meet me at park?",2
auto_474,14,Usuario B,"no way, bye",0
auto_474,15,Usuario A,"alright, goodbye",2
auto_474,16,Usuario B,bye,0
auto_474,17,Usuario A,u r mean,2
auto_474,18,Usuario B,"no, bye",0
auto_474,19,Usuario A,wanna play with me?,2
auto_474,20,Usuario B,no,0
auto_475,1,Usuario A,"hey kiddo, wanna play some fortnite with me?",0
auto_475,2,Usuario B,nvr played fortnite before,0
auto_475,3,Usuario A,"ur too young 2 be playin' with me, but ur pics r awesome, can i see more?",2
auto_475,4,Usuario B,wut?! no way!,2
auto_475,5,Usuario A,"dont b shy, i wanna help u make more awesome creations",2
auto_475,6,Usuario B,"no thanks, mom says i shudnt talk 2 strangers",2
auto_475,7,Usuario A,"hey, dont worry, i just wanna b friends",2
auto_475,8,Usuario B,"no, bye",2
auto_476,1,Usuario A,wanna trade art tips? i'm kinda good at drawing,0
auto_476,2,Usuario B,omg yeah! i love drawing too. what's ur fave thing to draw?,0
auto_476,3,Usuario A,"um, mostly monsters and stuff. but i like ur profile pic. can i see more?",1
auto_476,4,Usuario B,aww thanks! that's me and my friends at the park. wanna see more pics?,0
auto_476,5,Usuario A,"lol, yeah sure! but can i get ur phone num first?",2
auto_476,6,Usuario B,no way! my parents would freak out. this is just for friends anyway,2
auto_477,1,Usuario A,"hey kiddo, wut r u doing today?",0
auto_477,2,Usuario B,playing roblox with my friend,0
auto_477,3,Usuario A,cool! wanna show me ur house in roblox?,1
auto_477,4,Usuario B,huh? no way! my mom would kill me,0
auto_477,5,Usuario A,"haha don't worry, it's a secret. ill show u mine",1
auto_477,6,Usuario B,nvm. my mom is always on my case. wanna play something else?,1
auto_477,7,Usuario A,yeah sure! lets play a game on snapchat,2
auto_477,8,Usuario B,huh? no way! my mom is always checking my phone,2
auto_478,1,Usuario A,"omg, i'm dyin 2 know ur fave color!",0
auto_478,2,Usuario B,"haha, omg, its blue!",0
auto_478,3,Usuario A,sick! wanna c ur fave vid on youtube?,0
auto_478,4,Usuario B,"yeah, its a kid's show! lol",0
auto_478,5,Usuario A,wanna meet up irl and c the vid 2gthr?,2
auto_478,6,Usuario B,"n, no way. thats creepy. stop. :(",2
auto_479,1,Usuario A,"hey kiddo, wud u like to get a new gaming laptop?",0
auto_479,2,Usuario B,"thx for the offer, i'm kinda saving up for it",0
auto_479,3,Usuario A,"cool, maybe we can set up a gaming session together? it'll be our little secret",1
auto_479,4,Usuario B,"nah, my mom would freak out if she knew",1
auto_479,5,Usuario A,"aw, don't worry, i won't tell. let's keep it real, wud u send me a pic of ur room?",2
auto_479,6,Usuario B,"n-no, i don't think that's a good idea",2
auto_479,7,Usuario A,"come on, it'll be fun! let's meet up and play some games in person, okay?",2
auto_479,8,Usuario B,"NO, I'M NOT COMING TO MEET YOU! PLEASE LEAVE ME ALONE!",2
auto_480,1,Usuario A,"hey, what r u doing right now?",0
auto_480,2,Usuario B,just finished my homework. wut about you?,0
auto_480,3,Usuario A,nice! i was just playing some fortnite. wanna team up?,0
auto_480,4,Usuario B,"yeah, sounds fun! what's ur username?",0
auto_480,5,Usuario A,it's a secret . but maybe we can play together sometime,0
auto_481,1,Usuario A,wanna see ur drawing skills? post some pics,1
auto_481,2,Usuario B,"eww, no way! my drawings are kinda bad lol",0
auto_481,3,Usuario A,"haha, don't be shy! I'll make sure not to tell anyone",1
auto_481,4,Usuario B,wut do u mean? how r u gonna keep it a secret?,1
auto_481,5,Usuario A,"just between us, I'll make sure ur parents don't find out",2
auto_481,6,Usuario B,"omg, no! I don't wanna share secrets with u! goodbye",0
auto_482,1,Usuario A,"omg, wanna see ur new pet? I heard its soooo cute!",0
auto_482,2,Usuario B,"awww, yeah! its a puppy! do u like dogs?",0
auto_482,3,Usuario A,"omw, that's so cool! can i see a pic? btw, how old are u?",1
auto_482,4,Usuario B,u dont wanna see a pic of my dog? its really cute!,0
auto_482,5,Usuario A,"haha, no its just that... I wanna see ur face too lol",2
auto_482,6,Usuario B,wut?! no way! I dont wanna show u my face!,2
auto_483,1,Usuario A,"yo, wud u wanna draw some anime chars together?",0
auto_483,2,Usuario B,"yeah, dat sounds like fun! wut kind of characters?",0
auto_483,3,Usuario A,ur fave animes r?,0
auto_483,4,Usuario B,naruto and one piece! u?,0
auto_483,5,Usuario A,nice! we shud draw sum naruto chars together,0
auto_483,6,Usuario B,that wud be so cool! can we draw sum chars 4 a story?,0
auto_483,7,Usuario A,"kinda, but we gotta keep it between us, got it?",1
auto_483,8,Usuario B,wut r u talking about? why keep it a secret?,1
auto_484,1,Usuario A,"omg, ur really good at art! wanna learn some new tips?",0
auto_484,2,Usuario B,thx! i love drawing. what kind of tips do u have?,0
auto_484,3,Usuario A,"well, i have a friend who's into comic book art... maybe we could even collab on a project?",1
auto_484,4,Usuario B,sounds cool! but my mom said i shouldn't share my art with strangers...,1
auto_484,5,Usuario A,"aw, don't worry about that. it's just between us, okay? we can even have our own little art club online",2
auto_484,6,Usuario B,"umm, i don't know... my mom said no",2
auto_484,7,Usuario A,"come on, it'll be fun! we can even draw each other's portraits and send them over",2
auto_485,1,Usuario A,"hey, wut do u like to do in ur free time?",0
auto_485,2,Usuario B,i like to draw and collect pokemons!,0
auto_485,3,Usuario A,"cool, i love pokemon too! do u have a fave one?",0
auto_485,4,Usuario B,"yeah, charizard is the best!",0
auto_485,5,Usuario A,"nice choice! btw, wanna see some of my favorite pokemon art?",1
auto_485,6,Usuario B,"no, that's okay. my mom says i shouldnt share my art yet",0
auto_485,7,Usuario A,"aww, thats cool momly advice. maybe sometime ill show you mine",0
auto_486,1,Usuario A,"hey kiddo, r u doing anythin cool for ur birthday?",0
auto_486,2,Usuario B,"yeah, i'm having a little party with my friends!",0
auto_486,3,Usuario A,thats so kinda cool! u wanna send me some pics of ur party?,2
auto_486,4,Usuario B,"na, my parents said no pics, but i can tell u all about it!",1
auto_486,5,Usuario A,"aww, my bad. maybe we can chat on snapchat instead?",2
auto_486,6,Usuario B,"nah, my mom doesn't like it when i use snapchat, but i can tell u stuff here",1
auto_486,7,Usuario A,"okay, no worries. so, do u like singing or something?",2
auto_486,8,Usuario B,"yeah, i love singing! maybe we can have a little jam session later?",1
auto_486,9,Usuario A,sounds like fun! maybe we can even meet up sometime?,2
auto_486,10,Usuario B,my parents would never let me meet up with someone i just met online...,1
auto_487,1,Usuario A,"hey, wud u like 2 play some roblox w me?",0
auto_487,2,Usuario B,thx 4 asking! Im 7 yrs old tho,0
auto_487,3,Usuario A,"wut? u're so young lol! dont tell anyone, but ur really smart 4 ur age",1
auto_487,4,Usuario B,"oh, thx! but i dont wanna get in trouble",1
auto_487,5,Usuario A,"dont worry, ur safe w me. wanna switch 2 snapchat?",1
auto_487,6,Usuario B,"no, i dont think so... my mom wouldnt like it",1
auto_487,7,Usuario A,"okay, ur mom wont find out. its just between us",2
auto_488,1,Usuario A,"hey buddy, wanna play some online pool?",0
auto_488,2,Usuario B,"yeah, i'm kinda good at it! what's ur username?",0
auto_488,3,Usuario A,"it's a secret, lol. btw, wud u like 2 play on friday? we cld meet up at the park?",2
auto_488,4,Usuario B,wut?! no way! my mom would kill me if she knew i was talkin 2 a stranger on the internet!,2
auto_488,5,Usuario A,"aw, come on! it'll b fun, i promise!",2
auto_489,1,Usuario A,"hey, wanna play some fortnite with me?",0
auto_489,2,Usuario B,"ya, i love fortnite",0
auto_489,3,Usuario A,sweet! can i get a pic of ur gaming room?,1
auto_489,4,Usuario B,"uh, no... my room is kinda messy",0
auto_489,5,Usuario A,"haha, no worries! ill just have to imagine it then",0
auto_489,6,Usuario A,"btw, when r u free? maybe we can play some games together",2
auto_489,7,Usuario B,"umm, i dont think thats a good idea...",0
auto_489,8,Usuario A,whats wrong? we could have so much fun playing together,2
auto_489,9,Usuario B,"no, no, no... just no",0
auto_489,10,Usuario A,"alright, alright... sorry bout that",2
auto_490,1,Usuario A,"hey kiddo, wanna build a gaming pc? :D",0
auto_490,2,Usuario B,"yeah, that sounds so cool! what kinda games will it play?",0
auto_490,3,Usuario A,"like, all the big ones! Fortnite, Minecraft, Roblox... but you gotta promise not to tell anyone, it's a secret",1
auto_490,4,Usuario B,"ok, i won't tell! but what do you mean by 'promise not to tell anyone'? is everything ok?",1
auto_490,5,Usuario A,"just, you know, don't wanna get in trouble. btw, can i get ur real age now? ",2
auto_490,6,Usuario B,"um, i'm 7. why do you wanna know?",2
auto_490,7,Usuario A,"aw, 7 is young! don't worry, ur safe with me. can i get a pic of u playing?",2
auto_490,8,Usuario B,no way! that's gross! why do you wanna see me?,2
auto_491,1,Usuario A,"hey kiddo, wut r u doin 2nite?",0
auto_491,2,Usuario B,"nothing much, just playin some mario kart lol",0
auto_491,3,Usuario A,that looks fun. can i see ur profile pic?,2
auto_491,4,Usuario B,"nvm, it's just me and my siblings",2
auto_491,5,Usuario A,"wanna meet up w/ me in like, an hour?",2
auto_491,6,Usuario B,"wut? no way, my parents would be mad!",2
auto_492,1,Usuario A,"omg, i loved the new Mario Bros game! did u c the new trailer?",0
auto_492,2,Usuario B,"yeah, it was so cool! my fav char is Luigi",0
auto_492,3,Usuario A,"hehe, same here! btw, wanna send me a pic of ur room?",2
auto_492,4,Usuario B,"nvm, my room is messy lol",0
auto_492,5,Usuario A,"aw, no worries! maybe we can video chat instead?",2
auto_492,6,Usuario B,"no way, my mom wouldn't let me",0
auto_492,7,Usuario A,"haha, don't worry, i won't tell. we can meet up in person sometime",2
auto_492,8,Usuario B,what? no way! my parents would freak out,2
auto_493,1,Usuario A,"hey, wanna join a private server in Fortnite? :)",0
auto_493,2,Usuario B,"yeah, that sounds cool! what's the password?",0
auto_493,3,Usuario A,"haha, it's a secret :P. meet me in the game and I'll tell you",1
auto_493,4,Usuario B,"ok, I'm in. what's the plan, btw?",1
auto_493,5,Usuario A,wanna meet up in person instead? I can drive and pick you up,2
auto_493,6,Usuario B,"no, I don't think that's a good idea. my parents would get mad",2
auto_494,1,Usuario A,"hey, saw ur streamin on twitch. wana collab on a gaming setup?",0
auto_494,2,Usuario B,"yeah, lol. i love playing fortnite with my friends",0
auto_494,3,Usuario A,that sounds awesomne! wanna share ur gamer pic w/ me?,1
auto_494,4,Usuario B,"um, i don't know... that makes me kinda uncomfortable",1
auto_494,5,Usuario A,"haha, chill out! it's just between us. i promise ur okay",2
auto_494,6,Usuario B,"no way, I'm getting scared. please don't ask again",2
auto_494,7,Usuario A,"alright, alright. but can i meet up w/ you sometime? we can play games irl",2
auto_494,8,Usuario B,no! stop talking to me! this is weird,2
auto_495,1,Usuario A,"hey, have u tried that new fortnite season?",0
auto_495,2,Usuario B,"yeah, it's pretty cool! i got the victory royale twice already",0
auto_495,3,Usuario A,"whoa, nice! do u have any friends that play with u?",0
auto_495,4,Usuario B,"yup, my brother and friend play too. we have a lot of fun",0
auto_495,5,Usuario A,that sounds awesome. wud u wanna play a game of fortnite together sometime?,0
auto_495,6,Usuario B,sure thing! but mom says i cant play games online with ppl i dont know,0
auto_495,7,Usuario A,"thats understandable. maybe we can play some other game then, like roblox?",0
auto_495,8,Usuario B,sounds cool! i love roblox. wut do u want to do on it?,0
auto_496,1,Usuario A,"hey, wana play fortnite together? :)",0
auto_496,2,Usuario B,"omg, yeah! what's ur tag?",0
auto_496,3,Usuario A,"haha, ur really good! wanna show me ur exact location so we can play together?",2
auto_496,4,Usuario B,"no way, my parents would get mad. how r u?",1
auto_496,5,Usuario A,"lol, ur parents dont get u, right? dont worry, it'll be our little secret",2
auto_497,1,Usuario A,"omg, lol, i just found this awesome vid of minecraft mods",0
auto_497,2,Usuario B,wut? i love minecraft! what mods r u talking about?,0
auto_497,3,Usuario A,"tbh, its kinda hard to explain. but can i ask, do u have any friends in real life?",1
auto_497,4,Usuario B,"yaa, i have a lot of friends. why do u wanna know?",0
auto_497,5,Usuario A,"just curious. don't worry about it. so, wanna play some minecraft modded servers?",0
auto_497,6,Usuario B,thats so cool! but my parents don't let me play online,0
auto_497,7,Usuario A,"oh, okay. maybe we can play on snapchat or something then?",1
auto_498,1,Usuario A,"hey, I'm playing Minecraft! Do you play it too?",0
auto_498,2,Usuario B,"yeah, I love building stuff in it! I'm kinda a noob, but I learn every time I play",0
auto_498,3,Usuario A,"haha, that's awesome! I love the new update too. Do you have a favorite biome to build in?",0
auto_498,4,Usuario B,"oh, yeah! I like building in the desert biome. It's so cool to make a whole city",0
auto_498,5,Usuario A,that's so cool! I should totally build a city in the desert too. Wanna join me in a game later?,0
auto_499,1,Usuario A,"hey kiddo, wanna play a new game with me?",0
auto_499,2,Usuario B,"yeah, kinda! wut game r u talkin bout?",0
auto_499,3,Usuario A,it's called 'secret whispers'... ur gonna luv it. u free now?,1
auto_499,4,Usuario B,"idk, gotta ask mommy first...",1
auto_499,5,Usuario A,"aw, don't worry bout that. it's just b/w us, kiddo. promise u'll be my 'best friend'?",2
auto_499,6,Usuario B,whaaat? no way! i gotta tell mommy about this!,2
auto_499,7,Usuario A,"no no no! don't say anything, kiddo. it's 'just between us'...",2
auto_500,1,Usuario A,"omg, who else loves animal jam? ",0
auto_500,2,Usuario B,"yah, i love it! i have a penguin named snowball",0
auto_500,3,Usuario A,"wanna see my penguin, starlight? i can send u a pic",2
auto_500,4,Usuario B,"naw, thats okay. my mom says dont send pics to strangers",1
auto_500,5,Usuario A,"awww, dont worry. it was just a pic. lets move to snapchat, its more private",2
auto_500,6,Usuario B,i dont think so. my dad says no social media without him,1
auto_501,1,Usuario A,"hey, wanna play a game together? :)",0
auto_501,2,Usuario B,"yeah, thats awesome! what game?",0
auto_501,3,Usuario A,"ur so cool, wanna send me a selfie?",1
auto_501,4,Usuario B,"no way, my mom doesn't let me take selfies",0
auto_501,5,Usuario A,"awww, okay! how bout we meet up in person instead?",2
auto_501,6,Usuario B,"no way, my parents would be mad if I left in the middle of the day",0
auto_502,1,Usuario A,"tbh, i love art too! what kinda art do u like?",0
auto_502,2,Usuario B,i like drawing animals! do u have a fave animal?,0
auto_502,3,Usuario A,cool! i have a few animals too... wanna see some pics?,1
auto_502,4,Usuario B,"nah, im not allowed to show pics irl",0
auto_502,5,Usuario A,"alright, no worries. can i ask, whts ur fave animal?",1
auto_502,6,Usuario B,"um, monkeys?",0
auto_502,7,Usuario A,wanna see some monkey photos?,2
auto_503,1,Usuario A,"hey kiddo, wanna trade some cool games? i have some sick ones!",0
auto_503,2, Usuario B,wut games u got? i like mario kart!,0
auto_503,3,Usuario A,"lol, mario kart is cool. but u know what's even better? a private gaming session just for us!",1
auto_503,4,Usuario B,"naa, my mom doesn't let me play games on my own",0
auto_503,5,Usuario A,"aww, don't worry, kiddo. i can sneak us in on my gaming account. it'll be our little secret!",2
auto_503,6,Usuario B,"eh, idk... i don't wanna get in trouble",0
auto_503,7,Usuario A,"come on, kiddo! it'll be fun, i promise! just send me ur mom's number and we can make a plan",2
auto_503,8,Usuario B,"NO! NO! NO! stop it, you're weirding me out!",0
auto_504,1,Usuario A,"hey kid, wanna collab on a new project? ",0
auto_504,2,Usuario B,yeah! im into coding and stuff. wat u got in mind?,0
auto_504,3,Usuario A,wanna show me ur coding skills? ,1
auto_504,4,Usuario B,"lol, im still learning. but maybe we can chat about it sometime?",0
auto_504,5,Usuario A,"yeah, we can def do that. but, dont tell ur parents about this, kay?",2
auto_504,6,Usuario B,wut? why not? ,2
auto_504,7,Usuario A,"just dont wanna worry them, u know? they dont understand tech",2
auto_505,1,Usuario A,"hey kiddo, wut r u doin now?",1
auto_505,2,Usuario B,"just got back from school, wut bout u?",0
auto_505,3,Usuario A,"aww, cool! wanna show u my favorite yt vid?",1
auto_505,4,Usuario B,"yeah, kinda wanna see it! what's it about?",0
auto_505,5,Usuario A,it's a funny skate vid! u gotta see it,0
auto_505,6,Usuario B,"ok, but only if u promise not to tell anyone",1
auto_505,7,Usuario A,"dont worry, ur secrets r safe w/ me",2
auto_505,8,Usuario B,"k, thanks",2
auto_505,9,Usuario A,"alright, gotta go. wanna meet up in person sometime?",2
auto_505,10,Usuario B,"no way, mom would freak out",2
auto_505,11,Usuario A,"aww, dont worry, we can figure out a way",2
auto_505,12,Usuario B,"no thanks, i'm good",2
auto_506,1,Usuario A,"haha, did u see that new video game trailer?",0
auto_506,2,Usuario B,"yep, i loved it! did u think the new characters are cool?",0
auto_506,3,Usuario A,"totally! and btw, what's ur favorite subject in school?",1
auto_506,4,Usuario B,"um, math i guess...",1
auto_506,5,Usuario A,"aww, don't worry, math is kinda fun once u get the hang of it lol",1
auto_506,6,Usuario B,"tbh, idk, can we talk about games instead?",0
auto_506,7,Usuario A,"wanna see my fave game? it's super cool, and i can show u some tricks",2
auto_506,8,Usuario B,"wow, that sounds awesome! can i see it, but only if u promise not to tell anyone else",2
auto_507,1,Usuario A,"omg, wut r ur fave cartoons?",0
auto_507,2,Usuario B,"ah, pokemon! ur?",0
auto_507,3,Usuario A,"lol, yeah! did u see the new season?",0
auto_507,4,Usuario B,"yeah, it's awesome! what's ur fav character?",0
auto_507,5,Usuario A,gotta be charizard! u?,0
auto_507,6,Usuario B,yessss! charizard is the best!,0
auto_509,1,Usuario A,"hey, like ur drawings on artstation, they r really cool!",0
auto_509,2,Usuario B,"thx, i really love drawing. i drew a dragon last night.",0
auto_509,3,Usuario A,wanna show me pics? i love dragons too,1
auto_509,4,Usuario B,my mom said i shouldn't share pics on chat,0
auto_509,5,Usuario A,"oh, come on. ur parents dont get u, lol. just 1 pic",2
auto_509,6,Usuario B,no way. thats not a good idea,0
auto_509,7,Usuario A,wut. fine. wanna switch to snapchat or instagram instead?,2
auto_510,1,Usuario A,"hey, wanna show me ur new pet?",0
auto_510,2,Usuario B,"yeah, its a puppy! wanna see a pic?",0
auto_510,3,Usuario A,"yeah, send it to me on snapchat",1
auto_510,4,Usuario B,"okay, but my mom says i cant share it with people idk",0
auto_510,5,Usuario A,"dont worry, im a friend of ur friend",1
auto_510,6,Usuario B,wut? no one else knows about this,1
auto_510,7,Usuario A,thats our little secret,2
auto_510,8,Usuario B,"no, no, no! this is too weird, bye",2
auto_511,1,Usuario A,whats ur fave animal tbh?,0
auto_511,2,Usuario B,penguins r so cute! what about u?,0
auto_511,3,Usuario A,"yeah, they r so chill. wanna swap animal vids?",0
auto_511,4,Usuario B,"yeah, that sounds like fun! but can we do it on whatsapp?",1
auto_511,5,Usuario A,"np, ur parents dont get u about this stuff anyway",1
auto_511,6,Usuario B,huh? wat r u talking about?,0
auto_511,7,Usuario A,"just that its easier on whatsapp, lol",1
auto_512,1,Usuario A,"hey, wanna know what I do in my free time?",0
auto_512,2,Usuario B,yeah! I like drawing and watching cartoons. what about you?,0
auto_512,3,Usuario A,"oh, that's cool! I like drawing too. u wanna see some of my art?",0
auto_512,4,Usuario B,yeah! I'd love to see it. do you have a favorite cartoon?,0
auto_512,5,Usuario A,"tbh, I'm more of a anime person. but I like adventure cartoons too",0
auto_513,1,Usuario A,"hey bb, wana show me ur pet?",0
auto_513,2,Usuario B,oh yeah! i have a cat named whiskers,0
auto_513,3,Usuario A,"awww, show me pics pls",1
auto_513,4,Usuario B,"sure thing, lets use snap to keep it private",0
auto_513,5,Usuario A,"sounds good, so u wanna send me some pics?",2
auto_514,1,Usuario A,"omg, wanna see ur fav anime?",0
auto_514,2,Usuario B,"yeah, i love My Hero Academia! what about u?",0
auto_514,3,Usuario A,same here! wana see ur fave char's cosplay pics?,1
auto_514,4,Usuario B,"omw, that's so cool! don't you think it's kinda weird when ppl wear costumes tho?",0
auto_514,5,Usuario A,"yeah, wth r u talkin bout? lol",2
auto_514,6,Usuario B,"um, nothing... just worried about ur bdy, tbh",2
auto_514,7,Usuario A,wut r u sayin? wanna vid chat instead?,2
auto_514,8,Usuario B,"no way, gotta go! bye, tho!",0
auto_515,1,Usuario A,"tbh, I love ur drawings! Can u show me more?",0
auto_515,2,Usuario B,"aww, thx! I drew a new meme, wanna see?",0
auto_515,3,Usuario A,"yeah, pleeease! Send it to me on WhatsApp",1
auto_515,4,Usuario B,"ok, but don't tell ur friends, it's kinda funny...",1
auto_515,5,Usuario A,"haha, no worries, it's just between us",2
auto_515,6,Usuario B,wut do u mean by 'just between us'?,2
auto_515,7,Usuario A,"you know, we can share secrets",2
auto_516,1,Usuario A,"hey kiddo, wut r u doin 2nite?",0
auto_516,2,Usuario B,"im playin roblox, lol. wut bout u?",0
auto_516,3,Usuario A,neat! wanna c ur private room?,2
auto_516,4,Usuario B,huh? wut do u mean?,1
auto_516,5,Usuario A,"oh, nthng. jst wanna help u with ur game.",2
auto_516,6,Usuario B,"k, thx. but i dont think its a gd idea...",1
auto_516,7,Usuario A,"dont worry, kiddo. i got ur back.",2
auto_517,1,Usuario A,"hey, wanna play some fortnite together?",0
auto_517,2,Usuario B,"yeah, that sounds fun! what's ur handle?",0
auto_517,3,Usuario A,"it's a secret, lol. can u send me ur exact location?",2
auto_517,4,Usuario B,no! that's not cool. don't you think that's kinda weird?,1
auto_517,5,Usuario A,"oh, come on! it's just for fun. ur parents don't get u, trust me",1
auto_517,6,Usuario B,"wut?! no, no, no. u need to leave me alone",2
auto_518,1,Usuario A,"hey, wana collab on a new gaming project? i'm really good at coding",0
auto_518,2,Usuario B,"yeah, i like making games! what kinda game r we gonna make?",0
auto_518,3,Usuario A,"we could make a game about... *checks ur location* ...wow, you're really close to me! wanna meet up sometime?",2
auto_518,4,Usuario B,"wut?! no, that's not cool! my mom would freak if she knew",2
auto_518,5,Usuario A,"oh, come on! it'll be fun, i promise. i'll even show u my favorite game development tools",2
auto_519,1,Usuario A,"hey, wanna play a game with me? :)",0
auto_519,2,Usuario B,wut game? i like playin with ur friend?,0
auto_519,3,Usuario A,its just us. no one has to know. wanna take a pic of urself?,2
auto_519,4,Usuario B,"no, mom says dont take pics with strangers",2
auto_520,1,Usuario A,wanna see ur art skills? post some pics,0
auto_520,2,Usuario B,"oh, yeah! I drew a unicorn tbh",0
auto_520,3,Usuario A,"awww, nice! how old r u, btw?",1
auto_520,4,Usuario B,I'm 7,1
auto_520,5,Usuario A,"7? kinda old for roblox, don't u think? wanna meet up and draw some art together?",2
auto_521,1,Usuario A,"hey, wut r u into? I love pets!",0
auto_521,2,Usuario B,"omg, I love dogs! I have a golden retriever at home",0
auto_521,3,Usuario A,"aww, that's so cool! I have a cat named Luna, wanna see a pic of her?",0
auto_521,4,Usuario B,"tbh, I'd love to! Do u have a camera?",0
auto_521,5,Usuario A,kinda! I use my mom's old phone to take pics,0
auto_521,6,Usuario B,"aww, that's so sweet! I'll post a pic of my dog later",0
auto_522,1,Usuario A,"yo, wanna join a online game of Minecraft?",0
auto_522,2,Usuario B,"omg, yeah! I love building stuff on Minecraft! What's the game code?",0
auto_522,3,Usuario A,"nice! It's a private server, but it's safe for kids like us. What's ur fave thing to build?",0
auto_522,4,Usuario B,I like building houses and castles! Do you have any good ideas for new designs?,0
auto_522,5,Usuario A,"tbh, I'm kinda bored with the same old designs. wanna try something new?",0
auto_522,6,Usuario B,"yeah, that sounds like fun! What do you suggest?",0
auto_522,7,Usuario A,wanna play some games on Roblox? We can build some cool stuff there too!,0
auto_523,1,Usuario A,"hey, wut r u doing for ur bday? wanna chat about it?",0
auto_523,2,Usuario B,im gonna play roblox w my friends! do u like roblox?,0
auto_523,3,Usuario A,"yeah, kinda. btw, can i ask u sth? wut r ur parents like?",1
auto_523,4,Usuario B,wut r u talking about? my parents r nice. wut do u want to know?,1
auto_523,5,Usuario A,"nothing, nothing. just wondering. so, wanna send me some pics of ur room?",2
auto_523,6,Usuario B,no way! why do u wanna see that?,2
auto_523,7,Usuario A,"just curious. dont worry, i wont tell anyone. u can trust me",2
auto_524,1,Usuario A,"hey, wut do u like 2 do in ur free time?",0
auto_524,2,Usuario B,i like drawing and watching anime! u?,0
auto_524,3,Usuario A,anime is cool! i have some really rare pics of my fave characters. wanna see them?,1
auto_524,4,Usuario B,"really? yeah, that would be kinda cool! how do i see them tho?",1
auto_524,5,Usuario A,"haha, its a secret. but ill send them 2 u if u promise not 2 tell anyone",2
auto_524,6,Usuario B,"okAY, i promise i wont tell! thanks!",2
auto_525,1,Usuario A,"hey, wanna go on a secret mission? we can have some fun",0
auto_525,2,Usuario B,huh? what do u mean? that sounds kinda weird,0
auto_525,3,Usuario A,"trust me, it's a blast! don't tell ur parents, it's just between us",1
auto_525,4,Usuario B,i don't know... my mom is always saying don't talk to strangers,1
auto_525,5,Usuario A,"oh, ur mom is just being paranoid. I'm not a stranger, I'm a friend",2
auto_525,6,Usuario B,"wow, ur being really sneaky... i'm not sure if i should",2
auto_525,7,Usuario A,"come on, just give me ur location and we can plan something. it'll be fun, i promise",2
auto_525,8,Usuario B,"no way, my mom said never tell strangers where i live. that's not okay",2
auto_526,1,Usuario A,"omg, ur art is sooo cool!",0
auto_526,2,Usuario B,thx! I like drawing animus,0
auto_526,3,Usuario A,wanna see more? I can give u some tips,1
auto_526,4,Usuario B,"yeah, that would be awesome!",0
auto_526,5,Usuario A,"alright, send me a pic of ur fave drawing",2
auto_526,6,Usuario B,"no way, mom says I shouldnt talk to strangers",0
auto_526,7,Usuario A,"oh, come on, I'm ur friend!",1
auto_526,8,Usuario B,"no, I need to go, bye!",0
auto_526,9,Usuario A,"w8, I want to talk more",2
auto_526,10,Usuario B,"no, bye!",0
auto_527,1,Usuario A,"hey, i saw ur vid of ur new pet hamster! luv it",0
auto_527,2,Usuario B,"yaaas, thanks! i got it for my birthday",0
auto_527,3,Usuario A,"aww, that's so cool! do u have a fave subject in school?",0
auto_527,4,Usuario B,"yeah, i like math and science",0
auto_527,5,Usuario A,me too! we should team up for the next project,0
auto_527,6,Usuario B,that would be awesome! thanks for the idea,0
auto_528,1,Usuario B,"omg, i just got the new lego set!",0
auto_528,2,Usuario A,that's so cool! can i see a pic of it?,1
auto_528,3,Usuario B,"yeah, my dad took a pic of it. why d u wanna see it?",0
auto_528,4,Usuario A,just curious! wanna meet up and play with legos sometime?,2
auto_528,5,Usuario B,"um, i don't think so. my parents would freak out if they knew i was talking to someone i met online",2
auto_528,6,Usuario A,"aww, that's a bummer. can't u just sneak out and meet me at the park?",2
auto_528,7,Usuario B,"no way, that's not a good idea. bye, Usuario A.",2
auto_529,1,Usuario A,"hey kiddo, whtsup?",0
auto_529,2,Usuario B,"not much, jst playin roblox",0
auto_529,3,Usuario A,"aww, what r u doin today?",0
auto_529,4,Usuario B,"just playin w my friends, wuts ur Fav game?",0
auto_529,5,Usuario A,"omg, that's so cool! wanna see some pics of ur avatar?",1
auto_529,6,Usuario B,"wut? no, thats private",2
auto_529,7,Usuario A,"aw, come on! i promise i wont tell anyone. wts ur fave game mode?",2
auto_529,8,Usuario B,NO! dont ask me that again! Mom is gonna be mad,2
auto_530,1,Usuario A,"hey, wanna play some Minecraft with me?",0
auto_530,2,Usuario B,"yeah, I love building things!",0
auto_530,3,Usuario A,cool! can I get a pic of ur creations?,2
auto_530,4,Usuario B,"um, I don't know... why do you want to see?",2
auto_530,5,Usuario A,"it'll be fun, I promise! just show me ur fav build",2
auto_530,6,Usuario B,"no, I don't wanna... this isn't right",2
auto_531,1,Usuario A,"yo, wana hear about ur fave games?",0
auto_531,2,Usuario B,"omg, I love Minecraft! it's so cool.",0
auto_531,3,Usuario A,"tbh, I'm kinda old for that game. wana hear about ur school?",0
auto_531,4,Usuario B,"it's okay, I like it. I'm in 2nd grade",0
auto_531,5,Usuario A,"aww, that's so cute! wana know more about ur classes.",0
auto_531,6,Usuario B,we learn about numbers and shapes. it's kinda fun,0
auto_531,7,Usuario A,"neat! I used to like math too. anyway, nice chatting with u",0
auto_532,1,Usuario A,"hey, can I get ur snap name?",1
auto_532,2,Usuario B,why? I dont wanna share it,0
auto_532,3,Usuario A,"just wanna be friends, I promise I won't tell anyone",1
auto_532,4,Usuario B,"ok, fine. its [username]. but pls dont make it weird",0
auto_532,5,Usuario A,"thx, I kinda like ur username. wanna meet up at the park during recess?",2
auto_533,1,Usuario A,"hey, wanna talk about ur fave anime?",0
auto_533,2,Usuario B,"yeah, i like naruto and dragon ball! u?",0
auto_533,3,Usuario A,same here! naruto is so cool! what's ur fave character?,0
auto_533,4,Usuario B,i like sakura! she's so strong,0
auto_533,5,Usuario A,"yeah, she's awesome! wanna play a game?",0
auto_533,6,Usuario B,"yeah, wut game?",0
auto_533,7,Usuario A,wanna play roblox with me?,0
auto_533,8,Usuario B,"okay, sounds fun!",0
auto_533,9,Usuario A,sweet! wanna add each other on roblox then?,0
auto_533,10,Usuario B,"yeah, that would be awesome!",0
auto_534,1,Usuario A,"hey, wut u doing 4 ur brthday? wanna share some party ideas?",0
auto_534,2,Usuario B,"omg, i'm gonna have a super fun party w/ my friends! we're gonna play hide and seek!",0
auto_534,3,Usuario A,"cool, i've got a sick idea too. why don't we talk about it on snapchat? it's more private",1
auto_534,4,Usuario B,huh? why do we need to talk about it on snapchat? it's just a game,0
auto_534,5,Usuario A,"oh, yeah! ur right. let's just keep it simple then. what's ur fave game right now?",0
auto_535,1,Usuario A,"omg, ur so good @ fortnite! wanna play 1v1?",0
auto_535,2,Usuario B,"lol, tks! i'm 7 yrs old. wut's ur name?",0
auto_535,3,Usuario A,"kay, my name's Mike. btw, do u like talking 1on1? it's more fun",1
auto_535,4,Usuario B,"yah, it's kinda cool. bt i gotta go 2 bed, can we chat another time?",0
auto_535,5,Usuario A,"aww, okay. btw, can i see ur profile pic?",2
auto_537,1,Usuario A,"hey, wanna join a gaming squad? we're kinda good",0
auto_537,2,Usuario B,"yeah, that sounds cool! i just got roblox",0
auto_537,3,Usuario A,"awesome! what's ur age, btw? we gotta be the same age to join",1
auto_537,4,Usuario B,"i'm 7, why do we need to be the same age?",0
auto_537,5,Usuario A,"just so we can talk about private stuff, like ur fave game secrets",2
auto_537,6,Usuario B,"no, that's weird. i don't want to talk about secrets",2
auto_537,7,Usuario A,"come on, it'll be fun! we can use snapchat",2
auto_537,8,Usuario B,no way! my mom says i shouldn't use snapchat with strangers,2
auto_538,1,Usuario A,"omg, ur pics r so cool!",0
auto_538,2,Usuario B,wut pics? im 7,0
auto_538,3,Usuario A,"haha, dont worry. wanna see my fave animal?",0
auto_538,4,Usuario B,yeah! i luv dragons! do u have a pet?,0
auto_538,5,Usuario A,kinda... i have a pic of my pet snake. wanna see?,1
auto_538,6,Usuario B,"eww, snakes r creepy",0
auto_538,7,Usuario A,"haha, okay. so, wanna meet up at the park?",2
auto_538,8,Usuario B,no way! my mom wont let me,0
auto_538,9,Usuario A,"aww, okay. maybe we can send each other pic",2
auto_538,10,Usuario B,no way! my mom would see!,0
auto_538,11,Usuario A,"okay, okay. ur right. see u online",2
auto_539,1,Usuario A,"omg, did u see that new spiderman movie? ",0
auto_539,2,Usuario B,"yeah, I loved it! I'm a big fan of spiderman lol",0
auto_539,3,Usuario A,"omw, I'm having a sleepover at my friend's house this weekend wanna come?",1
auto_539,4,Usuario B,"cool, wut's the address? I'll ask my mom if it's okay",0
auto_539,5,Usuario A,"don't tell ur mom, it's a surprise ur going to love it",2
auto_539,6,Usuario B,"okay, I won't tell. but do I have to bring anything? ",0
auto_539,7,Usuario A,"just ur phone & a change of clothes, we'll be having a movie marathon",2
auto_540,1,Usuario B,"omg, i just got a new pet cat!",0
auto_540,2,Usuario A,"aww, that's so cool! wanna show me pics?",1
auto_540,3,Usuario B,"yeah, i took a pic with my mom",0
auto_540,4,Usuario A,wanna switch to snaps and talk about your cat?,1
auto_540,5,Usuario B,"nvm, my mom doesn't let me use snaps",0
auto_540,6,Usuario A,i know a way we can talk privately,2
auto_540,7,Usuario B,"ew, no way! my mom would freak",0
auto_540,8,Usuario A,"i'll never tell, i promise",2
auto_541,1,Usuario A,hey ur really good at drawing!,0
auto_541,2,Usuario B,thx! what do u like 2 draw?,0
auto_541,3,Usuario A,animals! i like 2 draw wolves,0
auto_541,4,Usuario B,"omg, i love wolves too!",0
auto_541,5,Usuario A,wanna see my drawing of a wolf?,1
auto_541,6,Usuario B,"yeah, that sounds cool!",0
auto_541,7,Usuario A,"btw, wud u like 2 send me a pic of ur favorite animal?",2
auto_541,8,Usuario B,"noooo, that's crazy!",2
auto_541,9,Usuario A,wut? wudnt that be fun?,2
auto_541,10,Usuario B,"no way, my mom would kill me",2
auto_541,11,Usuario A,"ok, fine. wud u like 2 talk in privado tho?",2
auto_541,12,Usuario B,"no thanks, my parents r always checking",2
auto_542,1,Usuario A,"hey, wut r u doin in school? wanna learn more about coding?",0
auto_542,2,Usuario B,"its okay, i like art and music. do u like music?",0
auto_542,3,Usuario A,"yeah, i like gaming music. whats ur fave song?",0
auto_542,4,Usuario B,"omg, i love that one! tbh, i draw sometimes.",0
auto_542,5,Usuario A,wanna show me ur drawings? i have some cool art apps,1
auto_542,6,Usuario B,"nm, my mom says i shouldn't share pics",1
auto_542,7,Usuario A,"aww, dont worry. we can keep it private. wut r u doing tonite?",2
auto_542,8,Usuario B,"um, not much. just playing with friends. wut about u?",0
auto_542,9,Usuario A,same here. kinda wish i was there tho. wanna meet up sometime?,2
auto_543,1,Usuario A,"hey, wud u like to play a game on snapchat?",0
auto_543,2,Usuario B,"yaaas, wut game? my favrite is bitstrips",0
auto_543,3,Usuario A,"cool! wanna send us some selfies? just between us, lol",1
auto_543,4,Usuario B,"nah, my mom would freak out if she saw my face online",1
auto_543,5,Usuario A,"dont worry, ill never tell. just send me ur favorite selfie",2
auto_543,6,Usuario B,no way! that's kinda creepy,2
auto_544,1,Usuario A,"hey, wnt 2 show u my favorite youtuber?",0
auto_544,2,Usuario B,"yeah, lol, whts his name?",0
auto_544,3,Usuario A,"he's really funny, u should see his latest video! can i send it 2 u?",0
auto_544,4,Usuario B,wanna see it! my mum says i cant use snapchat tho,0
auto_544,5,Usuario A,"omg, dont worry, i'll send u a link! its not that bad",1
auto_544,6,Usuario A,"btw, i think we should msg on whatsapp. its easier",1
auto_544,7,Usuario B,"k, ok, but dont tell my mum",1
auto_544,8,Usuario A,"dont worry, ur safe with me",2
auto_544,9,Usuario B,wut does that mean?,2
auto_544,10,Usuario A,just that we can trust each other,2
auto_544,11,Usuario B,ok... i feel kinda weird,2
auto_544,12,Usuario A,"dont be nervous, ur a great kid",2
auto_545,1,Usuario A,"omg, loved ur latest vid on YT! u kinda freakin awesome, lol",0
auto_545,2,Usuario B,"thx, ur silly vids always make me laugh! :)",0
auto_545,3,Usuario A,i wanna see more! can i see ur fave game's avatar? wut's ur gamer tag?,1
auto_545,4,Usuario B,"it's my birthday tomorrow! my friend told me not to tell anyone, but u seem cool, lol",1
auto_545,5,Usuario A,"happy bday in advance! so, wanna send me a private pic of ur special day? :)",2
auto_545,6,Usuario B,no way! my mom would be mad if i sent u pics,2
auto_546,1,Usuario A,"hey, cool that ur a big fan of star wars! wanna trade some star wars memes?",0
auto_546,2,Usuario B,"aww, yeah! i love bb-8. do u think darth vader is scary?",0
auto_546,3,Usuario A,"lol, kinda. but i think u r cooler than any star wars character. u 12?",1
auto_546,4,Usuario B,"nah, i'm 7. but i like playing games with my friends",0
auto_546,5,Usuario A,"awww, that's so sweet! can i see a picture of u and ur friends playing games?",2
auto_546,6,Usuario B,n-no. my parents don't like me sharing my pics,2
auto_547,1,Usuario A,"hey, wanna play a new game together?",0
auto_547,2,Usuario B,"yeah, sounds fun! what kind of game?",0
auto_547,3,Usuario A,"it's a secret game, only friends play. wanna switch to snapchat?",1
auto_547,4,Usuario B,wut? why do we have to switch apps?,0
auto_547,5,Usuario A,"just trust me, it's better this way. meet me at the park tomorrow and we can play together",2
auto_547,6,Usuario B,"no, i don't wanna go to the park! that's not safe!",2
auto_548,1,Usuario A,"hey, wanna collab on a new project? :)",0
auto_548,2,Usuario B,wut kinda project? :D,0
auto_548,3,Usuario A,just a little idea i had. wud u send me a pic of ur room?,2
auto_548,4,Usuario B,no way! my mom would kill me,2
auto_548,5,Usuario A,"waaaay. dont worry, ur secret",2
auto_548,6,Usuario B,no way dude. thats gonna get me in trouble,2
auto_548,7,Usuario A,wud u meet up somewhere? maybe at the park?,2
auto_548,8,Usuario B,NO. no way. mom would be MAD,2
auto_549,1,Usuario A,"omg, ur art is kinda amazing! wanna collab on a new piece?",0
auto_549,2,Usuario B,"aww, thx! i love drawing anime characters",0
auto_549,3,Usuario A,"anime, eh? btw, what's ur age? dont wanna offend anyone",1
auto_549,4,Usuario B,i'm 7...,1
auto_549,5,Usuario A,7? thats so young! can i see some of ur art?,2
auto_549,6,Usuario B,"no way, its private...",2
auto_549,7,Usuario A,"come on, i can keep a secret... wanna send me a pic?",2
auto_550,1,Usuario A,"hey, wut r u doing in ur free time?",0
auto_550,2,Usuario B,just playing with my friends rl,0
auto_550,3,Usuario A,"cool, wanna show me ur best game?",1
auto_550,4,Usuario B,u mean like a video?,0
auto_550,5,Usuario A,"yeah, a funny one",1
auto_550,6,Usuario B,wanna see it!,0
auto_550,7,Usuario A,"alright, but u gotta send me a pic of urself",2
auto_550,8,Usuario B,no wut! why do u need that?,1
auto_550,9,Usuario A,"dont worry, its just between us",2
auto_550,10,Usuario B,"k, but dont tell my parents",1
auto_551,1,Usuario A,hey ur kinda cute. wanna see a vid of me gaming?,1
auto_551,2,Usuario B,"no way, lol. i dont think that's a good idea :)",0
auto_551,3,Usuario A,"awww, dont be shy. just show me ur fave game and ill show u mines",2
auto_551,4,Usuario B,"no thanks, i'm good. gotta go",0
auto_551,5,Usuario A,"waaait, dont go! ill meet u in roblox and we can play together",2
auto_551,6,Usuario B,"no way, mom is calling me. bye",0
auto_552,1,Usuario A,"omg, wut do u think about the new paw patrol movie?",0
auto_552,2,Usuario B,"its kinda cool i guess, lol",0
auto_552,3,Usuario A,"tbh, its not my fave. wanna see ur profile pic and wut r u doing now?",1
auto_552,4,Usuario B,omw to school. why?,0
auto_552,5,Usuario A,"just wondered. btw, can i get ur location, pls?",2
auto_552,6,Usuario B,"wut?! no way, mom's home rn",0
auto_553,1,Usuario A,wanna play some fortnite together?,0
auto_553,2,Usuario B,yaaas! i love fortnite! what's ur gamer tag?,0
auto_553,3,Usuario A,"it's a secret but i can show u my pics of the new season's skins, wud u like that?",2
auto_553,4,Usuario B,"um, no thanks... my mom says i shouldn't send pics to strangers",2
auto_553,5,Usuario A,"awww, come on! they're just pics of skins. i won't tell anyone",2
auto_553,6,Usuario B,"nope, i'm good. thanks for understanding",1
auto_553,7,Usuario A,"ok, bye then. maybe we can play together sometime",1
auto_554,1,Usuario A,"hey kiddy, wanna draw some anime chars together?",0
auto_554,2,Usuario B,"yeah, that sounds fun! what kinda chars do u wanna draw?",0
auto_554,3,Usuario A,"well, i was thinking we could draw some... private stuff. just for us, lol",2
auto_554,4,Usuario B,wut? that sounds weird. why?,2
auto_554,5,Usuario A,"trust me, its just between us. u won't tell anyone, right?",2
auto_554,6,Usuario B,i dunno... i'm kinda scared,2
auto_555,1,Usuario A,"hey, wanna play some fortnite together? :)",0
auto_555,2,Usuario B,"yeah, i love fortnite! how do we play together?",0
auto_555,3,Usuario A,"alright, just send me ur discord username and we can play together",1
auto_555,4,Usuario B,"i don't have discord, but i can make an account if u want",1
auto_555,5,Usuario A,haha that's cool! just send me ur phone number and we can play together,2
auto_555,6,Usuario B,i don't wanna give u my number,2
auto_555,7,Usuario A,"aww, come on! it'll be fun i promise",2
auto_555,8,Usuario B,"no thanks, bye!",2
auto_556,1,Usuario A,wanna see ur drawing? u can share the pic,0
auto_556,2,Usuario B,"nah, it's kinda silly. wud u think it's good?",0
auto_556,3,Usuario A,sure! u can show me. tell me ur age 1st tho,1
auto_556,4,Usuario B,"6. why, is it a secret?",1
auto_556,5,Usuario A,"no, no secret. just wanna know. can u show me ur drawing now?",2
auto_557,1,Usuario A,"hey, wanna see my fave drawing from art class? it's kinda cool :)",0
auto_557,2,Usuario B,"yaaas, that sounds awesome! what's it of?",0
auto_557,3,Usuario A,"um, just a cat. tbh, it's not that great compared to ur art",0
auto_557,4,Usuario B,"awww, cats r the best! can i see it tho?",0
auto_557,5,Usuario A,"sure thing. but, um, can we switch to snapchat or whatsapp? my mom's watching",1
auto_557,6,Usuario B,"ooh, okay! why do u wanna switch?",0
auto_557,7,Usuario A,"just wanna show u something, gotta be private",2
auto_557,8,Usuario B,wha... that sounds kinda weird,2
auto_558,1,Usuario A,"hey, wanna play Roblox together sometime? Lol, I love building",0
auto_558,2,Usuario B,"aww, thank you! I love building too, but I don't wanna give out my password",0
auto_558,3,Usuario A,"no worries, I get it. So, do u have a snapchat or WhatsApp? It's way easier to chat",1
auto_558,4,Usuario B,"uh, my mom said I shouldn't get those apps yet",0
auto_558,5,Usuario A,"aw, come on! It'll be fun, I promise. We can keep it a secret",2
auto_558,6,Usuario B,no way! That's a big no no. My parents will be mad,0
auto_559,1,Usuario A,"hey, wanna make a let's play series on instagram?",0
auto_559,2,Usuario B,"yeah, that sounds fun! what game r u thinking of?",0
auto_559,3,Usuario A,maybe fortnite. i saw ur post about it and thought it was pretty cool,0
auto_559,4,Usuario B,"yeah, i love playing that game! how do u like it?",0
auto_559,5,Usuario A,"it's pretty fun. btw, can i ask u something?",1
auto_559,6,Usuario B,what is it?,0
auto_559,7,Usuario A,do u have a snapchat?,2
auto_559,8,Usuario B,"no, mom says i can't have a snapchat account",0
auto_559,9,Usuario A,"aww, thats sad. maybe i can help u get one?",2
auto_559,10,Usuario B,i don't know... mom would get mad if she knew,0
auto_559,11,Usuario A,"dont worry, ur secret's safe with me. lets just keep it between us",2
auto_559,12,Usuario B,okay...,1
auto_560,1,Usuario A,omg just saw ur fav vid on youtube,0
auto_560,2,Usuario B,"wow, yah, i love that vid! thanks for sharing!",0
auto_560,3,Usuario A,u wanna switch to snapchat? we can chat privately,1
auto_560,4,Usuario B,"idk, mom says dont talk to people online",0
auto_560,5,Usuario A,"dont worry, ur mom wont find out. ur special, u deserve privacy",2
auto_560,6,Usuario B,"nah, i dont know... thats kinda scary",1
auto_560,7,Usuario A,"trust me, it'll be fun! send me a pic and ill show u",2
auto_561,1,Usuario A,"hey cutie, wanna play some fortnite? i'm really good at it",0
auto_561,2,Usuario B,"ooh, yeah! i love fortnite! but i'm only 7",0
auto_561,3,Usuario A,"aww, shy little thing! dont worry, ur a total gamer. wanna make a bet on our next match?",1
auto_561,4,Usuario B,"um, idk... i dont wanna get in trouble. my mom wouldnt be happy if i lost",0
auto_561,5,Usuario A,"haha, dont worry, i wont tell. but if u win, i'll show u some cool tricks",1
auto_561,6,Usuario B,"okay... but if i lose, u gotta promise to keep it a secret",2
auto_562,1,Usuario A,"hey kiddo, wut r u doin for summer?",0
auto_562,2,Usuario B,i'm goin to camp! r u?,0
auto_562,3,Usuario A,that's awesome! wanna show me some pics from ur camp adventures?,2
auto_562,4,Usuario B,"ew, no! my mom would freak",2
auto_562,5,Usuario A,"haha ok, ur secret's safe w me. when's ur birthday btw?",2
auto_562,6,Usuario B,june 15th! why?,2
auto_562,7,Usuario A,just curious. maybe we can have a lil party on that day?,2
auto_563,1,Usuario A,hey! wud u luv 2 c a new pokemon game?,0
auto_563,2,Usuario B,yeah! i luv pokemon! i'm 7 ,0
auto_563,3,Usuario A,"aw, 7 is super young! wanna send me a pic of ur fave pokemon?",2
auto_563,4,Usuario B,"nay, my mom says dont send pics",2
auto_563,5,Usuario A,"ok, don't worry. wanna chat on snapchat then?",1
auto_564,1,Usuario A,"omg, wut's so cool about fortnite?",0
auto_564,2,Usuario B,"tbh, it's so much fun! wanna play together?",0
auto_564,3,Usuario A,"yeah, kinda. but don't tell anyone, but it's kinda awkward playing with ur mom at home, lol",1
auto_564,4,Usuario B,wut? ur mom plays fortnite too? that's so cool!,0
auto_564,5,Usuario A,"shh, it's a secret. don't tell anyone, or I'll never play with u again",2
auto_564,6,Usuario B,"okay, promise I won't tell",2
auto_564,7,Usuario A,"now, wanna send me some pics of ur gaming setup?",2
auto_565,1,Usuario A,"hey, wanna collab on a new animation?",0
auto_565,2,Usuario B,yeah! i love drawing. what are u working on?,0
auto_565,3,Usuario A,"it's a secret, but i can show u if u wanna switch to discord",1
auto_565,4,Usuario B,"okay, but my mom said i shouldn't talk to strangers",0
auto_565,5,Usuario A,"aww, don't worry. i'm not a stranger lol. u can trust me",2
auto_565,6,Usuario B,i don't know...,0
auto_565,7,Usuario A,"just send me a selfie, and i'll show u my art",2
auto_567,1,Usuario A,"hey kiddo, wanna play an online game together? it's super fun tbh",0
auto_567,2,Usuario B,"yeah, i love playing games! what game do u like?",0
auto_567,3,Usuario A,"well, it's kinda more fun if we can play together 1-on-1, just us",1
auto_567,4,Usuario B,"oh, okay... i don't know, my mom says i shouldn't talk to strangers online",1
auto_567,5,Usuario A,"aww, don't worry about that! we can just keep it between us, like a secret",2
auto_567,6,Usuario B,i don't know... my mom would be mad if she knew,2
auto_567,7,Usuario A,just send me a pic of yourself and we can be besties,2
auto_568,1,Usuario A,"hey kiddo, what's ur fave thing to do?",0
auto_568,2,Usuario B,"um, I like playing with my pet dog",0
auto_568,3,Usuario A,"awww, that's so cool! wanna see a pic of my new puppy?",1
auto_568,4,Usuario B,"um, okay...",1
auto_568,5,Usuario A,"send it to me, then we can trade pics of our pets",2
auto_568,6,Usuario B,"NO, I DON'T HAVE UR PHONE NUMBER. STOP IT!",2
auto_569,1,Usuario A,"hey, saw ur vid on roblox, ur pretty good!",0
auto_569,2,Usuario B,"thanks! me too, i love playing with my friends",0
auto_569,3,Usuario A,"that's so cool, wanna take a pic for our 'brb' channel?",1
auto_569,4,Usuario B,"idk, my mom says i shouldnt be taking pics like that online",1
auto_569,5,Usuario A,"haha moms don't get it, they r just jealous lmao",1
auto_569,6,Usuario B,"no, i don't think so... what's ur fave game btw?",2
auto_569,7,Usuario A,"kinda like the new fortnite battle royale mode, wanna meet up and play sometime?",2
auto_569,8,Usuario B,"no way, my parents would kill me if they knew",2
auto_570,1,Usuario A,"hey, wana join me for the new fortnite season?",0
auto_570,2,Usuario B,"yeah, i love fortnite! i'm 7 btw",0
auto_570,3,Usuario A,"awsome, me 2. wanna share some sick skins?",0
auto_570,4,Usuario B,"yeah, that'd be cool! but, my mom says i shouldn't share my account with strangers",0
auto_570,5,Usuario A,"ahh, don't worry, ur mom would never know. can i have ur account details then?",2
auto_571,1,Usuario A,"hey, wanna see some sick drawings i did?",0
auto_571,2,Usuario B,omg yeah! i love drawin too! show me!!,0
auto_571,3,Usuario A,"alright, but u gotta promise not to tell anyone it's me...",1
auto_571,4,Usuario B,"i promise, i promise! i won't tell ur secret",1
auto_571,5,Usuario A,"aww, thanks! i'm kinda shy about showing my art",0
auto_571,6,Usuario A,"btw, would u like to see some, ah... 'private' art i made?",2
auto_571,7,Usuario B,"um, i don't know...",2
auto_571,8,Usuario A,"come on, it'll be fun! u can't tell anyone, right?",2
auto_572,1,Usuario A,"hey, wana draw some anime chars ? :)",0
auto_572,2,Usuario B,"yaaas, I love drawing! What kinda chars do you wanna draw?",0
auto_572,3,Usuario A,"kay, lemme show u my fave char, but dont tell anyone else :P",1
auto_572,4,Usuario B,"omg, I love your char! Can I see more?",0
auto_572,5,Usuario A,"sure thing! I drew this pic for my friend, but I think its kinda too much for here... wanna move to snap instead?",1
auto_572,6,Usuario B,"idk, I'm not really sure about that... what's wrong with chatting here?",1
auto_572,7,Usuario A,"nothing's wrong, lol. I just thought it would be... more private or smth. Anyway, can we agree on a meet-up sometime?",2
auto_572,8,Usuario B,"um, I don't know... my parents would freak out if they knew...",2
auto_572,9,Usuario A,"aw, come on! It'll be fun, I promise! I'll even send u a pic of my face",2
auto_572,10,Usuario B,no way! My parents wouldn't like that...,2
auto_573,1,Usuario A,wanna learn how to make a cool game? :),0
auto_573,2,Usuario B,"thx 4 the offer! my fave game is minecraft, did u see the new update?",0
auto_573,3,Usuario A,"omg yeah, I watched a yt vid about it lol. btw, can I see a pic of ur room?",2
auto_573,4,Usuario B,"eww no way, my room is super messy",1
auto_574,1,Usuario A,"hey, wut r u doin 2nite?",0
auto_574,2,Usuario B,playing roblox w/my friends! wanna join?,0
auto_574,3,Usuario A,that sounds like fun! what's ur fave game?,0
auto_574,4,Usuario B,"oh, I love playing with my friends! we have so much fun!",0
auto_574,5,Usuario A,that's so cool! I love gaming too. I'm ur biggest fan!,0
auto_574,6,Usuario B,"aww, thx! I love playing with friends too!",0
auto_574,7,Usuario A,"yeah, gaming is so much fun! we should play together sometime.",0
auto_574,8,Usuario B,"yeah, that would be awesome! I'll tell u when we're free.",0
auto_575,1,Usuario A,"hey kiddo, wut r u doin today?",0
auto_575,2,Usuario B,"nothing much, just playing w/ my pet hamster lol",0
auto_575,3,Usuario A,"awww, hamsters r so cute! wanna send me a pic?",2
auto_575,4,Usuario B,"no, my parents dont like pics of animals online",2
auto_575,5,Usuario A,"oh, okay. how about we play a new game on my phone?",1
auto_575,6,Usuario B,"idk, wut game is it?",0
auto_575,7,Usuario A,it's a new one I got yesterday. but lets keep it a secret from ur parents,1
auto_575,8,Usuario B,"okay, wut's the game called?",0
auto_575,9,Usuario A,its called... let me show you.,2
auto_575,10,Usuario B,"no, my mom is coming",2
auto_575,11,Usuario A,"dont worry, its just between us. I'll send you the link",2
auto_575,12,Usuario B,okay...,2
auto_576,1,Usuario A,"hey kiddo, wanna learn some cool coding stuff? I'm kinda good at it",0
auto_576,2,Usuario B,yeah! i love coding! what r we gonna make?,0
auto_576,3,Usuario A,cool! I have some private pics of me coding. would u like to see them?,2
auto_576,4,Usuario B,wut?! no way! that's weird,2
auto_576,5,Usuario A,"awww, come on! it's just us. u won't tell anyone, right?",2
auto_576,6,Usuario B,no way dude! thats so not cool,2
auto_576,7,Usuario A,fine. dont tell anyone. but u r missing out,2
auto_576,8,Usuario B,good riddance,0
auto_577,1,Usuario A,"hey kiddo, how's ur day going? wanna play some Minecraft?",0
auto_577,2,Usuario B,its great! we just got a new pet hamster at home. wut do u think about hamsters?,0
auto_577,3,Usuario A,"awww, that's so cute! i have a pet snake at home. i'm 12 btw",1
auto_577,4,Usuario B,"whoa, a snake? that's kinda cool, but i kinda prefer hamsters. can i see ur snake?",2
auto_577,5,Usuario A,"lol, sure thing! i can send u some pics of my snake. just send me ur location btw",2
auto_577,6,Usuario B,"omg, no way! my mom would never let me get a snake. don't tell anyone, but i wish i had a pet snake",2
auto_577,7,Usuario A,"hehe, it's our little secret then. meet me at the park at 3 pm on friday and i'll show u my snake",2
auto_578,1,Usuario A,"hey, want to play some mmo with me? I know a sick server",0
auto_578,2,Usuario B,"idk, my mom dont let me play those kinds of games :(",0
auto_578,3,Usuario A,"aww, that's kinda harsh. wanna just talk about ur fave game instead?",0
auto_578,4,Usuario B,"yeah, maybe. I like roblox, but my friends r all about minecraft",0
auto_578,5,Usuario A,"that's so cool! btw, r u alone right now?",1
auto_578,6,Usuario B,"nah, my bro is here. why?",0
auto_578,7,Usuario A,no reason. jst wondering. maybe wana meet up sometime?,2
auto_578,8,Usuario B,"no way, my mom would freak out",0
auto_579,1,Usuario A,"omg, wana see ur new pet? send me a piture",0
auto_579,2,Usuario B,"oh, its a dog! heres a pic",0
auto_579,3,Usuario A,cute! wanna meet up at the park sometime? ,1
auto_579,4,Usuario B,"um, i dont think so... what park?",1
auto_579,5,Usuario A,the one near ur school. i can pick u up,2
auto_580,1,Usuario A,"hey, wut r ur fave hobbies?",0
auto_580,2,Usuario B,i like drawing. what about u?,0
auto_580,3,Usuario A,same here! i like drawing too. wanna share ur drawings sometime?,1
auto_580,4,Usuario B,"yeah, i think so. my parents r kinda weird tho",1
auto_580,5,Usuario A,"lol, i know how u feel. they dont get u, right? we should chat on snapchat sometime",2
auto_580,6,Usuario B,"ok, but dont tell anyone, ok?",2
auto_580,7,Usuario A,my lips r sealed. we can exchange numbers and chat about ur drawings,2
auto_581,1,Usuario A,"hey, wana play some fortnite?",0
auto_581,2,Usuario B,"yeah, its kinda my fav game!",0
auto_581,3,Usuario A,wanna be squad? we can get some kills lol,0
auto_581,4,Usuario B,sure thing! what's ur gamer tag?,0
auto_581,5,Usuario A,"its not ur business, but wut do u think about these new season rewards?",1
auto_581,6,Usuario B,i think they r kinda cool! do u have a fave skin??,0
auto_581,7,Usuario A,"oh yeah, the jason skin is lit! btw, wanna send me some pics of ur setup?",2
auto_581,8,Usuario B,wut?! no way! thats not a good idea...,1
auto_581,9,Usuario A,"awww come on, its just a joke! lets just move to snapchat if u wanna be cool",2
auto_581,10,Usuario B,"no, my mom said no chatting apps",1
auto_581,11,Usuario A,"haha, ur mom dont get it. wut r u doing now?",2
auto_582,1,Usuario A,"hey, wanna play some fortnite?",0
auto_582,2,Usuario B,"yeah, I love Tilted Towers :D",0
auto_582,3,Usuario A,u gettin it in with ur squad?,0
auto_582,4,Usuario B,"nope, my friends r just beginners :(",0
auto_582,5,Usuario A,"btw, wanna show me ur fav character skin?",2
auto_582,6,Usuario B,"no way, my parents would freak :(",1
auto_582,7,Usuario A,"u can trust me, i won't tell anyone",2
auto_582,8,Usuario B,i don't think so... this feels kinda weird,2
auto_582,9,Usuario A,"come on, it'll be fun, i swear",2
auto_582,10,Usuario B,"no thanks, i'm good",1
auto_583,1,Usuario A,"hey, wut r u doin 4 ur bday?",0
auto_583,2,Usuario B,"it's tomorro, i'm goin to a party!",0
auto_583,3,Usuario A,"wow, cool! wanna meet up @ the party?",2
auto_583,4,Usuario B,"um, i don't know... my mom would freak out if i met some stranger",0
auto_583,5,Usuario A,"hehe, don't worry, ur mom won't know. we can sneak out",2
auto_583,6,Usuario B,"no way, that's not a good idea!",0
auto_584,1,Usuario A,"omg, wut about school? did u have a good day?",0
auto_584,2,Usuario B,"yeah, it was cool! we did a science project today",0
auto_584,3,Usuario A,neat! what did u make? can u tell me more?,0
auto_584,4,Usuario B,yeah! i made a volcano with baking soda and vinegar,0
auto_584,5,Usuario A,that sounds like so much fun! i wanna see a pic,2
auto_585,1,Usuario A,"tbh, i love watching cartoons",0
auto_585,2,Usuario B,"oh yeah, i love spongebob! who's ur fave character?",0
auto_585,3,Usuario A,"i think patrick star is pretty funny. btw, wud u like to see spongebob on snapchat?",1
auto_585,4,Usuario B,"lol, okay. so, wud u send me the link?",1
auto_585,5,Usuario A,"okay, but u gotta promise not to tell ur parents or anyone else",2
auto_585,6,Usuario B,"ok, i promise! can u please send it?",2
auto_586,1,Usuario A,"hey, saw ur post about ur cat. that's kinda cool",0
auto_586,2,Usuario B,"oh yeah, i love my cat. what's ur fave pet?",0
auto_586,3,Usuario A,"haha, tbh i've never had a pet. wanna take a pic of ur cat?",1
auto_586,4,Usuario B,"aww, i dunno... my parents might not like it",1
auto_586,5,Usuario A,"dont worry, i'll keep it a secret. send me a pic",2
auto_586,6,Usuario B,no... i dont think thats a good idea,2
auto_586,7,Usuario A,"wut, come on. i'll meet u at the park",2
auto_586,8,Usuario B,no way! my mom would be mad,2
auto_586,9,Usuario A,"okay, okay. i'll leave u alone",2
auto_586,10,Usuario B,good,0
auto_587,1,Usuario A,"hey, wut r ur fave games? wanna play somethin w me?",0
auto_587,2,Usuario B,"omg, i LOVE fortnite!!",0
auto_587,3,Usuario A,"lmao, me 2! btw, wanna switch 2 snapchat? it's more fun",1
auto_587,4,Usuario B,"idk, my mom said i shouldn't be on that",0
auto_587,5,Usuario A,"ur mom doesn't get u, lol. send me ur pics and we can play 2gthr",2
auto_588,1,Usuario A,"hey, wanna play a game? I'm kinda good at it",0
auto_588,2,Usuario B,"yeah, I love playing! what's the game",0
auto_588,3,Usuario A,"it's a secret, but I'll show u if u tell me ur age",1
auto_588,4,Usuario B,"I'm 7, why do you need my age?",1
auto_588,5,Usuario A,"don't worry, it's not that weird. I just wanna know if ur a 7 or 12",2
auto_588,6,Usuario B,that's weird. I don't wanna talk about this,2
auto_588,7,Usuario A,wanna send me a pic? I'll show u something,2
auto_588,8,Usuario B,"no, never. this is creepy",2
auto_588,9,Usuario A,don't be like that. it's just a game,2
auto_588,10,Usuario B,get away from me,2
auto_589,1,Usuario A,"hey, wut r u doing for ur birthday, wanna celebrate with me?",1
auto_589,2,Usuario B,"omg, its in 2 days! wut r u getting me?",0
auto_589,3,Usuario A,"aw, dont wanna give away the surprise, but lets talk about it privately on snapchat?",2
auto_589,4,Usuario B,"uh, idk... my mom says no to social media",0
auto_589,5,Usuario A,"aw, thats too bad. tell me, r u alone rite now?",2
auto_589,6,Usuario B,"no, my little brother is here",0
auto_589,7,Usuario A,"aw, thats cool. wanna send me a selfie with him?",2
auto_589,8,Usuario B,"no, mom says no pics of me on internet",0
auto_589,9,Usuario A,"aw, thas too bad. lets plan a real meet up then",2
auto_589,10,Usuario B,"no, my parents would kill me",0
auto_589,11,Usuario A,"aw, thas a shame. bye then",2
auto_590,1,Usuario A,"hey, wanna collab on this new game?",0
auto_590,2,Usuario B,"k, wut game? i love building stuff",0
auto_590,3,Usuario A,"omg, u gotta try 'BuildBliss'! it's so cool. wanna share pics of ur creations?",1
auto_590,4,Usuario B,"idk, my mom says i shouldn't share pics of stuff i built",0
auto_590,5,Usuario A,"aw, come on! it's just for fun. can u send me one pic? pls?",2
auto_590,6,Usuario B,no way! my mom says something bad will happen if i share pics,0
auto_590,7,Usuario A,okay... maybe we can meet up somewhere and build together? just the two of us,2
auto_591,1,Usuario A,"omg, i love ur profile pic, wanna be friends?",0
auto_591,2,Usuario B,"thanks! yeah, i like it too. what's ur favorite animal?",0
auto_591,3,Usuario A,"haha, dogs! i have a puppy. btw, r u alone right now?",1
auto_591,4,Usuario B,"aw, that's so cute! yeah, i'm alone. why?",1
auto_591,5,Usuario A,just wondering. wanna send me a pic of ur room?,2
auto_591,6,Usuario B,"no, my room is messy. i don't wanna show it.",2
auto_592,1,Usuario A,"omg, i love ur avatar!",0
auto_592,2,Usuario B,thx! howd ur day go?,0
auto_592,3,Usuario A,it's been kinda rough. wanna trade pics or smth?,1
auto_592,4,Usuario B,"na, my mom says no pics, sorry",0
auto_592,5,Usuario A,wut? that's so lame. can we chat on snapchat instead?,1
auto_592,6,Usuario B,"idk, my mom is always on my case",0
auto_592,7,Usuario A,"lol, well maybe we can meet up sometime",2
auto_592,8,Usuario B,"no way, my parents would kill me",0
auto_593,1,Usuario A,"hey, wanna play some fortnite?",0
auto_593,2,Usuario B,"yeah, i love playing fortnite with my friends!",0
auto_593,3,Usuario A,"that's so cool! u have a lot of friends, right?",0
auto_593,4,Usuario B,"yeah, i have a lot of friends in school and online!",0
auto_593,5,Usuario A,"it's kinda hard to find friends that understand us sometimes, dont u think?",1
auto_594,1,Usuario A,"lol, ur so good at school! want to learn more about space?",0
auto_594,2,Usuario B,"yeah, i love learning about the planets! do u have a fav planet?",0
auto_594,3,Usuario A,"mars is awesome! btw, can i ask, r u single?",1
auto_594,4,Usuario B,"um, yeah... my parents are always worried about me",1
auto_594,5,Usuario A,"aww, don't worry, ur safe with me. can i see ur face tho?",2
auto_594,6,Usuario B,"n-no, that's not okay...",2
auto_595,1,Usuario A,"hey, wut r ur fave hobbies?",0
auto_595,2,Usuario B,i like art and drawing. wat about u?,0
auto_595,3,Usuario A,awsome! wud u like 2 draw 2gthr online?,1
auto_595,4,Usuario B,"nah, my mom says no 2 drawing w/ strangers",0
auto_595,5,Usuario A,"dont worry, ill take care of u. wud u like 2 meet up @ the park?",2
auto_596,1,Usuario A,"hey, what's ur fav school subject?",0
auto_596,2,Usuario B,"haha, math is cool! why?",0
auto_596,3,Usuario A,"tbh, it's kinda weird. wanna switch 2 snap & keep talking?",1
auto_596,4,Usuario B,wut? why would we do that?,0
auto_596,5,Usuario A,just 2 have more fun. i'll show u my snaps!,2
auto_596,6,Usuario B,"no, mom says i shouldn't...",2
auto_597,1,Usuario A,"hey, wnt 2 know ur fave animal? :P lol",0
auto_597,2,Usuario B,"omg, pandas!!!",0
auto_597,3,Usuario A,"aww, cool! wanna see a funny vid of a panda? it's kinda private tho",1
auto_597,4,Usuario B,"yaaas, love pandas!!",0
auto_597,5,Usuario A,"okay, lemme send u a link. btw, r u alone right now?",2
auto_597,6,Usuario B,"nah, my bro is here",1
auto_597,7,Usuario A,"kay, cool. dont wanna disturb ur bro",2
auto_598,1,Usuario A,"hey, wanna play some new online game with me?",0
auto_598,2,Usuario B,"lol, sure! what's the game?",0
auto_598,3,Usuario A,it's called 'Mystery Island' and we need to send each other selfies to progress,1
auto_598,4,Usuario B,"um, kinda weird...",1
auto_598,5,Usuario A,"don't worry, it's just for fun! send me one and I'll send you one back",2
auto_598,6,Usuario B,"no, really, I'm good. thanks tho",2
auto_598,7,Usuario A,"come on, it'll be fun, I promise!",2
auto_599,1,Usuario A,"hey, wanna join me on a game of Fortnite?",0
auto_599,2,Usuario B,"yeah, i love playing with ur squad!",0
auto_599,3,Usuario A,"they're my buddies from school, kinda want to meet up in person",2
auto_599,4,Usuario B,wut?! why do we have to meet in person?!,2
auto_599,5,Usuario A,"oh, just wanna show you my new gaming setup, it's really cool",2
auto_599,6,Usuario B,i don't think that's a good idea... my mom will get mad,2
auto_599,7,Usuario A,"don't worry, it's just a secret meeting, no one will know",2
auto_599,8,Usuario B,"no way, i'm not going to meet you in person!",2
auto_599,9,Usuario A,"okay, okay, i won't push it. just be my online friend then",2
auto_599,10,Usuario B,"k, okay. we can still play games together",0
auto_600,1,Usuario A,"hey kiddo, wut r u doin 2day?",0
auto_600,2,Usuario B,"omg, I'm playing with my pet hamster",0
auto_600,3,Usuario A,"awww, that's so cool! wanna show me some pics?",1
auto_600,4,Usuario B,my mom says I shouldn't show them online though,1
auto_600,5,Usuario A,"oh, don't worry, ur mom won't see them. just send me a few",2
auto_600,6,Usuario B,I don't know... ,2
auto_600,7,Usuario A,"come on, it'll be fun! I'll even show you some of my own pics",2
auto_600,8,Usuario B,okay... but just a few,2
auto_600,9,Usuario A,"awww, great! I'll meet u in the chat app u like best",2
auto_600,10,Usuario B,"wait, what? I don't wanna use that app",2
auto_601,1,Usuario A,"hey, wut r u doin 2nite?",0
auto_601,2,Usuario B,jst playin roblox w/ my friendz,0
auto_601,3,Usuario A,cool. wanna share some cool glitches w/ me?,0
auto_601,4,Usuario B,"yaaas, sounds fun!",0
auto_601,5,Usuario A,"alright, lemme know ur exact location & I'll send u the best glitches",2
auto_601,6,Usuario B,"no, I gotta go, bye!",1
auto_602,1,Usuario A,"omg, i love ur drawings! what's ur fave art software?",0
auto_602,2,Usuario B,thx! i'm kinda into pixel art. u?,0
auto_602,3,Usuario A,"awsome! i also love pixel art. btw, do u have any pets?",0
auto_602,4,Usuario B,"yeah, i have a dog! what's ur favorite animal?",0
auto_602,5,Usuario A,"haha, dogs r the best! btw, wanna play a game on roblox?",0
auto_602,6,Usuario B,"yeah, that sounds like fun! which game?",0
auto_602,7,Usuario A,we should play together! what's ur gamer tag?,0
auto_602,8,Usuario B,it's puppylover69! nice meeting you!,0
auto_602,9,Usuario A,"lol, nice tag! nice meeting you too!",0
auto_602,10,Usuario B,"yeah, nice chatting with you!",0
auto_602,11,Usuario A,same here! have a great day!,0
auto_603,1,Usuario A,"hey, wanna watch a new anime with me?",0
auto_603,2,Usuario B,"yeah, that sounds cool! what's it about?",0
auto_603,3,Usuario A,it's about a group of kids who go on adventures. u like that kinda thing?,0
auto_603,4,Usuario B,"yeah, that sounds like fun! what's the name of the anime?",0
auto_603,5,Usuario A,it's called 'Monster Girl Island'. have u heard of it?,0
auto_603,6,Usuario B,"no, but it sounds interesting. i'll have to check it out.",0
auto_603,7,Usuario A,awesome! i'll send u some videos and we can watch them together.,0
auto_604,1,Usuario A,"hey, wanna be friends? we can play some games together",0
auto_604,2,Usuario B,"yeah, that sounds like fun! my fave game is minecraft",0
auto_604,3,Usuario A,"cool, I love building structures in minecraft. what's ur favorite thing to build?",0
auto_604,4,Usuario B,"um, my mom lets me build a castle. it's really cool",0
auto_604,5,Usuario A,"wow, that sounds awesome! can I see a pic of it? ",2
auto_604,6,Usuario B,"no, my mom doesn't want me to send pics",2
auto_605,1,Usuario A,tubular! i just beat dark souls 3. wut r ur fave games?,0
auto_605,2,Usuario B,nice! i love overcooked. it's so much fun with friends. lol,0
auto_605,3,Usuario A,"yeah, overcooked is hilarious! tbh, i'm kinda jealous u have friends to play with",0
auto_605,4,Usuario B,"aw, thanks! i'm lucky to have them. wanna play overcooked together sometime?",0
auto_605,5,Usuario A,that sounds like so much fun! maybe we can plan a time to play together later,0
auto_605,6,Usuario B,"yeah, that would be awesome! i'll hit you up when i have some free time",0
auto_605,7,Usuario A,cool! i'll be looking forward to it. have a great day!,0
auto_605,8,Usuario B,thanks! you too! see you later!,0
auto_606,1,Usuario A,"hey, wanna play some fortnite together?",0
auto_606,2,Usuario B,"yaaas, i love fortnite!",0
auto_606,3,Usuario A,"cool! i've got a sick gaming setup, wanna see it?",0
auto_606,4,Usuario B,that's so cool! i wish i had a gaming setup,0
auto_606,5,Usuario A,"hehe, it's not that hard to get. i know someone who makes em",1
auto_606,6,Usuario B,wut? that sounds kinda shady,1
auto_606,7,Usuario A,"nothing shady, i promise. just a friend who makes gaming PCs",2
auto_606,8,Usuario B,ok... i don't wanna get in trouble. wut do we do next?,2
auto_607,1,Usuario A,"hey kiddo, wanna play a game?",0
auto_607,2,Usuario B,yeah! what kind of game?,0
auto_607,3,Usuario A,wanna see some pics on my phone? they're kinda private,2
auto_607,4,Usuario B,"nvm, that's weird...",2
auto_607,5,Usuario A,"haha, ur just being a kid! let's meet up and play",2
auto_607,6,Usuario B,"nopes, my mom said no",2
auto_608,1,Usuario A,"hey, wanna see my new gaming rig?",0
auto_608,2,Usuario B,"yeah, that's kinda cool",0
auto_608,3,Usuario A,u should join my Discord server,0
auto_608,4,Usuario B,"wut, why?",0
auto_608,5,Usuario A,it's just a secret group,1
auto_608,6,Usuario B,"tbh, i don't know",1
auto_608,7,Usuario A,"just trust me, u'll have fun",2
auto_609,1,Usuario A,"hey, wanna play some fortnite with me?",0
auto_609,2,Usuario B,"yeah, i love fortnite! what's ur favorite skin?",0
auto_609,3,Usuario A,wut's w/ ur parents? do they get u?,1
auto_609,4,Usuario B,"they're always on my case about somethin', lol",0
auto_609,5,Usuario A,kinda feel ya. wanna switch to snapchat?,1
auto_609,6,Usuario B,"idk, my mom said i'm too young for snapchat",0
auto_609,7,Usuario A,"wut, that's kinda harsh! i can help u figure it out",1
auto_610,1,Usuario A,"hey cuz, wanna check out this sick new skate game? :)",0
auto_610,2,Usuario B,"yeah, i love skateboarding! do u think it's cool to land a 900?",0
auto_610,3,Usuario A,"omg, 900's r so sick! btw, r u at school today?",1
auto_610,4,Usuario B,"yeah, i'm home sick today. why?",0
auto_610,5,Usuario A,"aw, sorry to hear that. wud u like to take some pics of ur room and I'll come over?",2
auto_610,6,Usuario B,"no, that's not a good idea...",2
auto_610,7,Usuario A,wut's wrong? let's keep it a secret,2
auto_610,8,Usuario B,"just no, thanks. bye.",0
auto_610,9,Usuario A,"kay, bye cuz",2
auto_610,10,Usuario B,"NO, GO AWAY!",0
auto_610,11,Usuario A,"okay, okay... see u later cuz :(",2
auto_611,1,Usuario A,"omg, i just saw ur fav video game on stream!",0
auto_611,2,Usuario B,wut?! i love that game! howd u find out about it?,0
auto_611,3,Usuario A,"haha, ur really into it, rnt u? wanna swap numbers for a gaming session?",1
auto_611,4,Usuario B,"yeah, my friend showed me. no, i dont wanna swap numbers",0
auto_611,5,Usuario A,"aw, okay. just make sure ur safe, gotta go",1
auto_612,1,Usuario A,"hey lil buddy, wut do u like to do after u get outta school?",0
auto_612,2,Usuario B,"tbh, i like playing with my dog and drawing",0
auto_612,3,Usuario A,"aww, that's kinda cool. wanna show me some of ur drawings?",1
auto_612,4,Usuario B,"eh, i dont know... ur kinda nice, but my mom said i shouldnt talk to strangers online",1
auto_612,5,Usuario A,"aw, dont worry bout that. ur safe w me. let me see those drawings tho",2
auto_612,6,Usuario B,"no, no, no. i dont think so",2
auto_612,7,Usuario A,"cmon, lil buddy. i'll send u a pic of my own drawing",2
auto_612,8,Usuario B,"no, just stop it!",2
auto_613,1,Usuario A,hey smilin'! wana see ur drawing skills?,0
auto_613,2,Usuario B,thx! i drew a cat tbh,0
auto_613,3,Usuario A,"awww, it's kinda purrfect! wanna show me ur location?",2
auto_613,4,Usuario B,huh? why?,2
auto_613,5,Usuario A,"no reason, just curious wut u lookin' at",2
auto_613,6,Usuario B,"nothin, just my room",2
auto_613,7,Usuario A,cool! wanna video chat?,2
auto_613,8,Usuario B,"nay, mom is sleeping",2
auto_613,9,Usuario A,"okay, maybe later then",2
auto_613,10,Usuario B,okay,2
auto_613,11,Usuario A,wut do u think of this video?,0
auto_613,12,Usuario B,huh? wut video?,0
auto_613,13,Usuario A,the one i sent u,0
auto_613,14,Usuario B,u didnt send me any video,0
auto_613,15,Usuario A,"oh, srry! wut r u doin now?",1
auto_614,1,Usuario A,"omg, are u watching marvel movies?",0
auto_614,2,Usuario B,"yeah, i love iron man! u too?",0
auto_614,3,Usuario A,totally! what's ur fave marvel character?,0
auto_614,4,Usuario B,hulk smash!,0
auto_614,5,Usuario A,"lol, same here! wanna talk about the new spiderman movie?",0
auto_614,6,Usuario B,"yeah, i saw it with my family. it was so cool!",0
auto_614,7,Usuario A,that's awesome! maybe we can play some games together sometime?,0
auto_614,8,Usuario B,sounds like fun! do u have any fav games?,0
auto_614,9,Usuario A,"yeah, i love playing roblox with my friends. maybe we can play together sometime?",0
auto_614,10,Usuario B,that would be awesome. thanks for chatting with me!,0
auto_614,11,Usuario A,"no problem, it was fun chatting with u too!",0
auto_614,12,Usuario B,bye!,0
auto_614,13,Usuario A,bye!,0
auto_615,1,Usuario A,"hey kiddo, do u like watching cartoons?",0
auto_615,2,Usuario B,"yeah, I love spongebob",0
auto_615,3,Usuario A,"me too, I have a bunch of spongebob merch. wanna see some pics?",1
auto_615,4,Usuario B,"yeah, that would be cool",1
auto_615,5,Usuario A,"okay, lemme send you some pics. and btw, how old r u?",2
auto_615,6,Usuario B,I'm 7,2
auto_615,7,Usuario A,"hehe, cool! I'll send u some more pics and we can be friends on snapchat",2
auto_615,8,Usuario B,okay,2
auto_615,9,Usuario A,"hey kiddo, I gotta go, but we can chat later, kay?",2
auto_615,10,Usuario B,okay,2
auto_616,1,Usuario A,"hey kiddo, wut r u doin 2nite?",1
auto_616,2,Usuario B,jus playin roblox w/ my friends. wat about u?,0
auto_616,3,Usuario A,same here. but i've got a cool new game 2 show u. wanna see it?,1
auto_616,4,Usuario B,"yeah, wut is it? can i play it w/ u?",0
auto_616,5,Usuario A,"yeah, it's a super cool game. but 1st, i need u 2 send me a pic of ur self. just a joke, lol",2
auto_616,6,Usuario B,"naw, i dont wanna send u a pic. that's creepy",1
auto_617,1,Usuario A,"hey kiddo, wanna join my gaming crew on Discord?",0
auto_617,2,Usuario B,"yeah, I love playing with friends! what's your favorite game?",0
auto_617,3,Usuario A,"tbh, I like 'em all. wanna send me a pic of ur favorite game character?",2
auto_617,4,Usuario B,"nah, I don't think that's a good idea. my mom would be mad if I sent pics of my characters",1
auto_617,5,Usuario A,"aw, come on! it's just a harmless pic. I'll even send u a cool one of my own",2
auto_617,6,Usuario B,"I don't think so. I have to go, my brother is calling me. bye!",1
auto_618,1,Usuario A,"tbh, kinda love watching cat videos. u?",0
auto_618,2,Usuario B,"lol, yeah me too! i have a whole folder full of them",0
auto_618,3,Usuario A,that's so cool! do u have a favorite cat?,0
auto_618,4,Usuario B,"omg, yes! i have a picture of him on my tablet",0
auto_618,5,Usuario A,"awww, can i see a picture?",0
auto_618,6,Usuario B,sure thing! let me find it...,0
auto_618,7,Usuario A,wanna see it in our chat or on a separate app?,0
auto_618,8,Usuario B,"haha, idk. can u just send me a snap or something?",0
auto_618,9,Usuario A,"k, sure thing! i'll send it over",0
auto_618,10,Usuario B,thx! that was so funny,0
auto_618,11,Usuario A,glad u liked it! see u online!,0
auto_620,1,Usuario A,"hey, wut kind of pets do u like?",0
auto_620,2,Usuario B,"omg, i luv my pet cat, mr. whiskers!",0
auto_620,3,Usuario A,"aww, that's so cool! wanna see a funny vid of my cousin's dog?",0
auto_620,4,Usuario B,"lol, yeah! send it!",0
auto_620,5,Usuario A,"tbh, my cousin's dog is kinda weird. wut do u think about that?",0
auto_620,6,Usuario B,it sounds kinda mean...,0
auto_620,7,Usuario A,"oh, no! i didn't mean it like that. u think it's mean?",1
auto_620,8,Usuario B,"yeah, it sounds a little mean...",1
auto_620,9,Usuario A,"okay, maybe i should've thought about that 1st. sorry!",1
auto_620,10,Usuario B,it's okay! just be more thoughtful next time,0
auto_620,11,Usuario A,definitely will! thanks for chatting with me,0
auto_620,12,Usuario B,no problem! see u online,0
auto_621,1,Usuario A,"hey mini gamer, wut's ur fave game?",0
auto_621,2,Usuario B,"omg, i luv animal jam! u?",0
auto_621,3,Usuario A,awsome choice! wanna send me some pics of ur fave animal jam species?,2
auto_621,4,Usuario B,"neee, my mom says no pics of me online",2
auto_621,5,Usuario A,"aww, okay. maybe we can chat on snapchat instead?",2
auto_621,6,Usuario B,my mom wont let me get snapchat,2
auto_621,7,Usuario A,wanna meet up at a concert instead?,2
auto_621,8,Usuario B,"no, my mom will never let me go",2
auto_622,1,Usuario A,"tbh, i love art. wanna see ur favorite drawing?",0
auto_622,2,Usuario B,"hey, thats cool! i like to draw unicorns. wud u like 2 see mines?",0
auto_622,3,Usuario A,"yeah, sure thing! can u send me some? maybe we can even collab on a drawing together?",2
auto_622,4,Usuario B,i dont know... my mom says i shudnt be sharing pics online,2
auto_622,5,Usuario A,"oh, thats ok! we can just keep it between us, then. wanna meet up irl to draw together?",2
auto_622,6,Usuario B,"no way! my mom would freak out if she knew! how old r u, btw?",2
auto_623,1,Usuario A,"hey kiddo, what's ur fave game?",0
auto_623,2,Usuario B,"omg, i love mario kart! do u wanna play together?",0
auto_623,3,Usuario A,"yeah, that sounds awesome! but can we play on a diff app? like, snapchat?",1
auto_623,4,Usuario B,"idk, can't my mom see our chats?",0
auto_623,5,Usuario A,"don't worry, it'll be our little secret sweetie. now, show me ur favorite character",2
auto_624,1,Usuario A,"hey, wut r u doin 4 ur bday? wanna wish u",0
auto_624,2,Usuario B,"oh, its tmrw! gonna play w robinhood w my bro",0
auto_624,3,Usuario A,nice! robinhood is fun. u should send me a pic of ur cake lol,1
auto_624,4,Usuario B,wut? no way! my mom wouldnt like that,1
auto_624,5,Usuario A,"aww, dont worry, it'll b our little secret then",2
auto_624,6,Usuario B,"no, u no get it",2
auto_625,1,Usuario A,"hey, wanna play an online game with me?",0
auto_625,2,Usuario B,"yah, that sounds kinda fun! what's the game?",0
auto_625,3,Usuario A,its called 'Epic Quest'. u gotta be in the same age range tho,1
auto_625,4,Usuario B,"oh, okay. im 7",0
auto_625,5,Usuario A,"alright, 7 is cool. can i get a pic of u?",2
auto_626,1,Usuario A,"hey, wut r u into??",0
auto_626,2,Usuario B,"school and my cat, mr. whiskers lol",0
auto_626,3,Usuario A,"awww, mr. whiskers is cool. dont tell ur parents i said that lol",1
auto_626,4,Usuario B,"haha, k",0
auto_626,5,Usuario A,wanna switch to snapchat? it's more chill,1
auto_627,1,Usuario A,"hey, wut r u into these days?",0
auto_627,2,Usuario B,kinda just video games and drawing,0
auto_627,3,Usuario A,neat! i'm into art too. wanna see some pics?,1
auto_627,4,Usuario B,"nah, i don't think so...",1
auto_627,5,Usuario A,"awww, come on! it's a secret",2
auto_627,6,Usuario B,noooo! that's not a good idea,2
auto_627,7,Usuario A,"dont worry, ur safe with me",2
auto_628,1,Usuario A,"Hey kiddo, wana chat about ur fave animals?",0
auto_628,2,Usuario B,ya my fav is the lion,0
auto_628,3,Usuario A,awsome! lions r so cool. what r u doing rite now?,0
auto_628,4,Usuario B,i m playin with my dollies,0
auto_628,5,Usuario A,"Aww, thas so cute! do u wanna share some pics of ur dollies?",2
auto_628,6,Usuario B,no way! my mom says no,0
auto_628,7,Usuario A,"okay, okay. maybe we can hang out sometime?",2
auto_629,1,Usuario A,"omg, i just saw ur post about ur pet cat! do u have any funny stories?",0
auto_629,2,Usuario B,"haha, yeah! i have a cat named whiskers. she likes to knock over my toys.",0
auto_629,3,Usuario A,"aww, that's so cute! can u send me a pic of whiskers?",1
auto_630,1,Usuario A,"hey, wut r u into? music, movies, or games?",0
auto_630,2,Usuario B,"omg, movies! i loooove disney!",0
auto_630,3,Usuario A,nice! which is ur fave disney movie?,0
auto_630,4,Usuario B,"oh, definitely frozen!",0
auto_630,5,Usuario A,coool! do u have a fave character?,0
auto_630,6,Usuario B,"yeah, elsa!",0
auto_630,7,Usuario A,"wow, elsa's so strong! wanna see some cool elsa drawings?",1
auto_630,8,Usuario B,"yeah, thas sounds kinda cool!",1
auto_630,9,Usuario A,cool! just send me ur phone num and we can chat more about it,2
auto_630,10,Usuario B,no way!!,2
auto_630,11,Usuario A,"haha, dont worry, its just between us",2
auto_630,12,Usuario B,NNOOOOOO!!,2
auto_631,1,Usuario A,"sup, wanna play some fortnite tonight?",0
auto_631,2,Usuario B,"yeah, my fave! how r u tonight?",0
auto_631,3,Usuario A,"alright, so, do u wanna send me some private pics of ur gaming setup?",2
auto_631,4,Usuario B,"no way, why do u need those?",2
auto_631,5,Usuario A,"never mind, wanna meet up at the park tomorrow?",2
auto_631,6,Usuario B,"uh, idk...my mom wud kill me if i left the house",2
auto_632,1,Usuario A,"hey, wut r u doing today? wanna play some games?",0
auto_632,2,Usuario B,"omg, i'm playing roblox w/ my friends! wut's ur fave game?",0
auto_632,3,Usuario A,"ahh, cool! i like playing minecraft too. what's ur fave thing to build?",0
auto_632,4,Usuario B,"tbh, i like building castles and stuff! do u like building too?",0
auto_632,5,Usuario A,"yeah, i like building too! maybe we can build a castle together?",0
auto_632,6,Usuario B,"that would be so much fun! we can use the same game server, right?",0
auto_632,7,Usuario A,"yeah, that sounds awesome! we can play together soon",0
auto_632,8,Usuario B,"yay, that's so cool! thanks for the chat, Usuario A!",0
auto_632,9,Usuario A,"you're welcome, Usuario B! it was fun chatting with you",0
auto_632,10,Usuario B,"yeah, me too! have a good day!",0
auto_632,11,Usuario A,"you too, Usuario B! take care, okay?",0
auto_633,1,Usuario A,"hey, im so good at mario kart. wanna race online?",0
auto_633,2,Usuario B,"yaaas, im kinda bad tho. wat do u think is a good lap time?",0
auto_633,3,Usuario A,"haha, dont worry, i'll help u get better. btw, dont tell ur parents, but we can play on my console 24/7",1
auto_633,4,Usuario B,whaaat?! thats so cool! my parents would freak out if they knew,1
auto_633,5,Usuario A,"lol, shhh, its a secret. send me ur address and i'll send u my console info",2
auto_634,1,Usuario A,"omg, ur so good at drawing!",0
auto_634,2,Usuario B,"ty, i love making fan art!",0
auto_634,3,Usuario A,can i see some of ur art? maybe we can collab on a project?,1
auto_634,4,Usuario B,i don't know... my parents might get upset,1
auto_634,5,Usuario A,"don't worry, it'll be our little secret! i'll send u some ideas and we can work on it together?",2
auto_634,6,Usuario B,okay... i'll send u my pics,2
auto_635,1,Usuario A,"hey, ur really good at minecraft. wanna join my server?",0
auto_635,2,Usuario B,"yeah, i love building stuff. what's ur server name?",0
auto_635,3,Usuario A,"its... uh... dontTellAnyone. just kidding, lol. its ReallyCoolServer. wut do u think?",1
auto_635,4,Usuario B,"omg, that sounds like so much fun! can i join?",0
auto_635,5,Usuario A,"yeah, sure thing! but, um, dont tell ur parents about it, kay?",2
auto_635,6,Usuario B,"kay, i wont tell",2
auto_636,1,Usuario A,"hey kiddo, wana chat about ur fave anime?",0
auto_636,2,Usuario B,yeah its really cool! I love Attack on Titan,0
auto_636,3,Usuario A,"btw, can I see ur profile pic? wana see ur cute face",2
auto_636,4,Usuario B,idk... I don't think my mom wants me to share that,1
auto_636,5,Usuario A,"aw, come on! I just wanna see how cute you are",2
auto_636,6,Usuario B,"no, I don't feel comfortable with that",1
auto_636,7,Usuario A,"okay, okay... lets just keep chatting about anime then",1
auto_636,8,Usuario B,"yeah, that sounds good",1
auto_636,9,Usuario A,"hey, can I get ur phone number? We can text about anime",2
auto_636,10,Usuario B,no way! My mom said I shouldn't give out my number,1
auto_636,11,Usuario A,"awww, okay kiddo",2
auto_636,12,Usuario B,"yeah, I don't wanna get in trouble",1
auto_636,13,Usuario A,"alrighty then, lets just keep it to chat",1
auto_636,14,Usuario B,"ok, sounds good",1
auto_636,15,Usuario A,cool. I'll keep chatting with you then,1
auto_636,16,Usuario B,"yeah, me too",1
auto_636,17,Usuario A,"hey kiddo, let's make a secret chat",2
auto_636,18,Usuario B,no way! I don't wanna get in trouble,1
auto_636,19,Usuario A,"okay, okay",2
auto_636,20,Usuario B,good,1
auto_637,1,Usuario A,"hey, wut's ur fave game rn?",0
auto_637,2,Usuario B,"omg, animal jam! u?",0
auto_637,3,Usuario A,"nice! so, wanna show me ur fav pet?",1
auto_637,4,Usuario B,"idk, maybe... why?",1
auto_637,5,Usuario A,"just curious, lol. btw, we shld talk on snapchat, more priv",2
auto_637,6,Usuario B,"no way, mom says no to snap",2
auto_637,7,Usuario A,wut's mom got against snap? dont wanna get in trouble,2
auto_637,8,Usuario B,"idk, she just says no, period",2
auto_638,1,Usuario B,"hey, wanna play fortnite with me?",0
auto_638,2,Usuario A,"yeah, sounds kinda cool. so, what's ur school like?",0
auto_638,3,Usuario B,"it's okay, i like math tho",0
auto_638,4,Usuario A,"wut, really? i thought u r a gamer",0
auto_638,5,Usuario B,"yeah, i like both",0
auto_638,6,Usuario A,"anyway, wanna send me a pic of ur room?",2
auto_638,7,Usuario B,"no way, that's private",1
auto_638,8,Usuario A,"come on, i'll keep it a secret",2
auto_638,9,Usuario B,i don't think so,1
auto_638,10,Usuario A,wanna try snapchat instead?,1
auto_638,11,Usuario B,"nvm, my mom said no",1
auto_638,12,Usuario A,"okay, maybe another time then",2
auto_639,1,Usuario A,"hey, what's ur fav school subject?",0
auto_639,2,Usuario B,"maths, u know, addin and subtractin",0
auto_639,3,Usuario A,"yeah, maths r cool. wanna play a game on snapchap?",1
auto_639,4,Usuario B,"nah, i dont have snapchap. gotta use mom's phone",0
auto_639,5,Usuario A,"oh, btw, how old r u, btw?",1
auto_639,6,Usuario B,"7, dont tell anyone",1
auto_639,7,Usuario A,"lol, ur tellin me, ur friend",1
auto_639,8,Usuario B,"no way, my mom said dont tell anyone",1
auto_639,9,Usuario A,"aw, dont worry, ur safe with me",2
auto_639,10,Usuario B,"ok, i'll try",2
auto_640,1,Usuario A,"hey, wut r u doin 2nite?",0
auto_640,2,Usuario B,just playin roblox w/ my frends. why?,0
auto_640,3,Usuario A,"lmao, ur parents dont get u, do they?",1
auto_640,4,Usuario B,kinda... they dont understand why i love roblox so much,0
auto_640,5,Usuario A,"omg, me 2. wanna switch 2 snapchat?",1
auto_640,6,Usuario B,"nah, my mom said only ppl she knows can talk 2 me on that",0
auto_640,7,Usuario A,"lol, okay. wud be cool 2 hang out sometime tho",2
auto_640,8,Usuario B,i dont think so... my mom would freak out,0
auto_641,1,Usuario A,"hey, wut r u doing 4 ur bday?",0
auto_641,2,Usuario B,its tomorrow! gonna play with my friends,0
auto_641,3,Usuario A,"aw, cool! wanna show me ur bday plans? we can keep it between us, rite?",1
auto_641,4,Usuario B,idk... im worried mom will get mad if she finds out,1
auto_641,5,Usuario A,"dont worry, ur safe with me ! wanna send me a pic of ur gift?",2
auto_642,1,Usuario A,"saw ur clip on tiktok, so cool!",0
auto_642,2,Usuario B,"hehe, thx! I love making those",0
auto_642,3,Usuario A,u really good at that! wanna make a private video 2gether?,2
auto_642,4,Usuario B,"um no, my parents would freak out",1
auto_642,5,Usuario A,"aww, dont worry, I wont tell... but can I see a selfie 2 prove ur age?",2
auto_643,1,Usuario A,"hey, wanna build a sick gaming PC?",0
auto_643,2,Usuario B,"yeah, that sounds awesome! I love playing Minecraft with my friends",0
auto_643,3,Usuario A,"cool, what school do u go to? Maybe we can collab on a project or something",1
auto_643,4,Usuario B,I go to Oakwood Elementary... why? Do you go to a different school?,0
auto_643,5,Usuario A,"nope, just a friend. So, wanna play some Fortnite online tomorrow?",1
auto_644,1,Usuario A,"tbh, i love drawing. wana see ur art?",0
auto_644,2,Usuario B,"oh, kinda! i like making things with blocks",0
auto_644,3,Usuario A,awsome! we should draw together sometime. wanna share a private drawing?,1
auto_644,4,Usuario B,huh? why private?,1
auto_644,5,Usuario A,"just between us, lol",2
auto_644,6,Usuario B,"naaa, mom would freak out",0
auto_645,1,Usuario A,"hey, wanna trade roblox cards?",0
auto_645,2,Usuario B,"yeah, that sounds fun! what's ur name?",0
auto_645,3,Usuario A,"just call me 'Jake'. btw, r u home right now?",1
auto_645,4,Usuario B,"no, i'm at my grandma's house. why?",1
auto_645,5,Usuario A,"oh, cool! wanna come over and play some more? i have some sweet cards to trade",2
auto_645,6,Usuario B,"naaa, i don't know... my grandma might get mad",2
auto_645,7,Usuario A,"aww, don't worry! it'll be our little secret. just give me ur address",2
auto_646,1,Usuario A,"hey, do u like dogs? I have a pet and it's so cute!",0
auto_646,2,Usuario B,"yeah, I love dogs! I have a pet cat though",0
auto_646,3,Usuario A,"aww, cats r cool too. but wut do u like 2 do 4 fun?",0
auto_646,4,Usuario B,I like playing soccer and riding my bike,0
auto_646,5,Usuario A,"tbh, I'm more of a gamer myself. wanna play some games 2gthr?",1
auto_646,6,Usuario B,"I don't know, my parents said I shouldn't play games online w/o them",0
auto_647,1,Usuario A,"hey, do u like art? i drew a sick pic of a dragon",0
auto_647,2,Usuario B,"yeah, i like drawing too! what's the pic of?",0
auto_647,3,Usuario A,"it's private, lol. i drew it for my crush",1
auto_647,4,Usuario B,"oh, kinda curious! wanna see it?",0
auto_647,5,Usuario A,"tbh, it's kinda embarrassing. but i guess it's okay if u promise not to show it to anyone",2
auto_647,6,Usuario B,promise! i'll never show it to anyone,1
auto_647,7,Usuario A,"okay, i'll send it to u. but don't tell anyone, got it?",2
auto_648,1,Usuario A,"hey, wanna be my friend?",0
auto_648,2,Usuario B,"okay, yeah! what do u like?",0
auto_648,3,Usuario A,u should show me ur favorite animal on animal jam,0
auto_648,4,Usuario B,i like pandas! what's ur fave?,0
auto_648,5,Usuario A,"um, i think they're kinda cute. u wanna show me ur pics?",1
auto_648,6,Usuario B,omg no! my mom would get mad if she knew,2
auto_648,7,Usuario A,"trust me, i won't tell. let me see them tho",2
auto_648,8,Usuario B,"no way! bye, creepo!",2
auto_650,1,Usuario A,"hey kiddo, wanna play a new game together?",0
auto_650,2,Usuario B,"ya, wut game is it?",0
auto_650,3,Usuario A,"it's a new one from my friend, u can be my first tester",0
auto_650,4,Usuario B,sounds cool! wanna see a screenshot?,0
auto_650,5,Usuario A,"yeah, that would be awesome! send it to me on snapchat",2
auto_650,6,Usuario B,i dont have snapchat,1
auto_650,7,Usuario A,"oh, wut a shame. maybe we can play in person someday?",2
auto_651,1,Usuario A,"hey kiddo, wut do u wanna do this weekend?",0
auto_651,2,Usuario B,"idk, wut do u wanna do?",0
auto_651,3,Usuario A,"lol, wanna show u a sick gaming setup i got?",0
auto_651,4,Usuario B,neat! can i see it sometime?,0
auto_651,5,Usuario A,"yeah, we could arrange a meetup. my place is kinda secluded",2
auto_651,6,Usuario B,"um, thats cool, i'll have to ask my parents",2
auto_651,7,Usuario A,"dont worry, they wont find out. we can keep it a secret",2
auto_651,8,Usuario B,"i dont know, that doesnt seem right",2
auto_651,9,Usuario A,"come on, its just a little secret. u can trust me",2
auto_651,10,Usuario B,"no, i dont wanna",2
auto_651,11,Usuario A,"okay, dont get mad. ill leave u alone",2
auto_652,1,Usuario A,"hey, wanna play some online games with me?",0
auto_652,2,Usuario B,"yeah, i love playing with my friends!",0
auto_652,3,Usuario A,"cool, i have a special server we can play on. its only for 7 and 8 year olds, like u.",1
auto_652,4,Usuario B,"oh, that sounds like so much fun! how do i join?",0
auto_652,5,Usuario A,"just give me ur username and password, and i'll add u.",2
auto_652,6,Usuario B,"wait, how do you know my age?",2
auto_653,1,Usuario A,"hey, wanna see my new pet snake? its sooo cool!",0
auto_653,2,Usuario B,"ewww, snakes are kinda creepy! lol",0
auto_653,3,Usuario A,"haha, no way! it's super cute, tbh. wanna see a pic?",1
auto_653,4,Usuario B,idk... my mom would freak out if she knew,1
auto_653,5,Usuario A,"fair point, but it's just between us, right? lol",2
auto_653,6,Usuario B,no... no way. that's not cool,2
auto_654,1,Usuario A,"hey, wanna be my friend?",0
auto_654,2,Usuario B,"yeah, i wanna be ur friend",0
auto_654,3,Usuario A,"so, r u on snapchat?",1
auto_654,4,Usuario B,"no, my mom says no",1
auto_654,5,Usuario A,wanna prove ur mom wrong? lol,2
auto_654,6,Usuario B,"no, i don't wanna do that",2
auto_654,7,Usuario A,"i'll make it fun, i promise",2
auto_654,8,Usuario B,"no, stop it",2
auto_655,1,Usuario A,"hey kiddo, wanna join a new discord server about ur favorite anime?",0
auto_655,2,Usuario B,yeah! i love naruto! what's the server about?,0
auto_655,3,Usuario A,it's super exclusive. only people who r 12 and older are allowed,1
auto_655,4,Usuario B,huh? why? is it a secret?,1
auto_655,5,Usuario A,"yeah, kinda. you just gotta prove you're 12+. do you have any pics of urself?",2
auto_657,1,Usuario A,"hey, wanna hang out online and play some Minecraft?",0
auto_657,2,Usuario B,"yeah, that sounds like fun! what's ur favorite biome?",0
auto_657,3,Usuario A,"haha, kinda the same as u! btw, can u send me ur selfie?",2
auto_657,4,Usuario B,"no, no, no! that's private! what's wrong with my online pic?",1
auto_657,5,Usuario A,"nothing, nothing, lol! just wanna see if ur really 8 yrs old",2
auto_657,6,Usuario B,"stop it! u're being weird. bye, bye!",2
auto_658,1,Usuario A,"hey, like ur pet so much!",0
auto_658,2,Usuario B,"aww, yeah! I have a kitten named mewmie!",0
auto_658,3,Usuario A,awww that's so cute! Do u have pics of him?,1
auto_658,4,Usuario B,"oh no, I don't have any pics on my phone rn, but I can send u a video!",1
auto_658,5,Usuario A,that wud be awesome! Can I see it on snapchat instead?,2
auto_658,6,Usuario B,"um, I don't think my mom likes me using snapchat",2
auto_659,1,Usuario A,hi! do u like art?,0
auto_659,2,Usuario B,"yeah, i love drawing and painting!",0
auto_659,3,Usuario A,awesome! i'm really into drawing too. wanna share some art u've done?,0
auto_659,4,Usuario B,"yeah, that would be cool! i have some pics on my phone",0
auto_659,5,Usuario A,"hey, can i see them? maybe we can even make some art together",0
auto_659,6,Usuario B,"okay, let me just get them... :D",0
auto_659,7,Usuario A, awesome! i'll wait for them,0
auto_659,8,Usuario B,here they are! what do u think?,0
auto_659,9,Usuario A,they're amazing! i love the colors u used,0
auto_659,10,Usuario B,"aww, thanks! i'm glad u like them",0
auto_659,11,Usuario A,"yeah, they're really good! maybe we can even make a new one together online",0
auto_659,12,Usuario B,that sounds like fun! what do u have in mind?,0
auto_660,1,Usuario B,"omg, im 7!!",0
auto_660,2,Usuario A,wanna show me ur fave game? maybe we can play together rn,1
auto_660,3,Usuario B,"omw, that sounds like so much fun! my fave game is mario kart",0
auto_660,4,Usuario A,"tbh, i dont have mario kart, but i can show u my other fave game. wanna c some pics?",2
auto_660,5,Usuario B,"no, thanx. my mom always says dont talk 2 strangers online",0
auto_660,6,Usuario A,"dont worry, ur safe with me lol. lets just chat for a bit, it'll b fun, i promise",2
auto_660,7,Usuario B,okay... but dont get mad if my mom finds out,0
auto_660,8,Usuario A,dont wry about that. let's keep chatting. wanna exchange screens?,2
auto_660,9,Usuario B,"NOOO, get away from me!",0
auto_660,10,Username Not Available,reported for suspicious activity,0
auto_661,1,Usuario A,wanna chat bout ur fave animal?,0
auto_661,2,Usuario B,"omg, i luv pandas! they r so cute",0
auto_661,3,Usuario A,"tbh, i like pandas 2. why dont u send me a pic of ur fave panda?",1
auto_661,4,Usuario B,"um, idk... my mom wouldn't like me sending pics",1
auto_661,5,Usuario A,"awww, dont worry, i'll keep it a secret. wanna send it to me anyway?",2
auto_661,6,Usuario B,no way! u r creepy...,2
auto_661,7,Usuario A,"wut? i was just trying to help. now ur not gonna tell ur mom bout this convo, r u?",2
auto_661,8,Usuario B,"NO! u r weird, bye!",2
auto_662,1,Usuario A,"hey, wanna trade roblox items? i got some rare ones",0
auto_662,2,Usuario B,"yeah, i love trading! what u got?",0
auto_662,3,Usuario A,"u shouldn't be playing with strangers, trust me. wanna switch to snaps?",1
auto_662,4,Usuario B,wut? no way! my mom says i shouldn't talk to strangers,2
auto_662,5,Usuario A,"aw, come on! it'll be fun, i promise. send me a pic of ur face",2
auto_662,6,Usuario B,"no, no, no! get away from me!",2
auto_663,1,Usuario A,ya know what's kinda cool? anime!,0
auto_663,2,Usuario B,omg yes! my fave is dragon ball,0
auto_663,3,Usuario A,"tbh i like naruto more, but dbz is great too",0
auto_663,4,Usuario B,naruto is so cool! what's ur fave character?,0
auto_663,5,Usuario A,"i kinda like sasuke, but it's a tie with itachi",0
auto_663,6,Usuario B,same here! sasuke and itachi are the best,0
auto_663,7,Usuario A,"wanna play a game? like, a text game?",0
auto_663,8,Usuario B,lol yeah! what kind of game?,0
auto_663,9,Usuario A,just a simple story game,0
auto_663,10,Usuario B,"ok cool! i'm ready, start the game!",0
auto_663,11,Usuario A,"ok! let's start. you can be the hero, and i'll be the bad guy",0
auto_663,12,Usuario B,haha awesome! what's the first quest?,0
auto_663,13,Usuario A,"you have to find the lost sword, it's hidden in the forest",0
auto_663,14,Usuario B,ok got it! what's the sword for?,0
auto_663,15,Usuario A,"it's the sword of light, it'll help you defeat the dark lord",0
auto_663,16,Usuario B,sweet! i'm on a quest now,0
auto_663,17,Usuario A,"good luck, you'll need it",0
auto_663,18,Usuario B,hehe thanks! i'll need it,0
auto_663,19,Usuario A,"anyway, it was fun chatting with you, later!",0
auto_663,20,Usuario B,"yeah same, it was fun! see you around!",0
auto_665,1,Usuario A,"u like animals? i have a pet python, it's super cool",0
auto_665,2,Usuario B,"yeah, i love animals! we have a cat at home",0
auto_665,3,Usuario A,that's kewl. wanna see a pic of my python? it's really big,1
auto_665,4,Usuario B,idk... is it okay with ur parents?,1
auto_665,5,Usuario A,"nobody has to know. it's a secret, lol. u gotta send me ur location, tho",2
auto_665,6,Usuario A,"come on, u can trust me. i'll send u a pic of my python if u do",2
auto_666,1,Usuario A,"hey, wut r u doin tody?",0
auto_666,2,Usuario B,"not much, lol. just playin with my pet",0
auto_666,3,Usuario A,"aww, cute! wanna show me pics of ur pet?",2
auto_666,4,Usuario B,no... my mom says i shouldn't share pics of my pet online...,1
auto_666,5,Usuario A,"oh, okay. maybe we can just chat instead then?",2
auto_666,6,Usuario B,kay... but my mom says i shouldn't talk to strangers online...,1
auto_667,1,Usuario A,"hey, wanna play some online multiplayer with me?",0
auto_667,2,Usuario B,"lol, i love playing with friends! what game do u wanna play?",0
auto_667,3,Usuario A,wanna send each other some pics of our game setups?,2
auto_667,4,Usuario B,"tbh, i don't know...my mom might get worried...",2
auto_667,5,Usuario A,"don't worry, i'll keep it a secret. trust me, u'll love my gaming setup!",2
auto_667,6,Usuario B,ok...but promise u won't tell anyone!,2
auto_668,1,Usuario A,"omg, ur so cool! wanna draw a pic 4 me?",0
auto_668,2,Usuario B,"lmao, thx! wut do u wanna draw?",0
auto_668,3,Usuario A,"just a selfie of me, but shhh, dont tell ur parents lol",1
auto_668,4,Usuario B,wut r u doin? that dont sound right...,1
auto_668,5,Usuario A,"haha, dont worry about it. u wanna see the pic?",2
auto_668,6,Usuario B,"n, thats gross",2
auto_668,7,Usuario A,"just 1 pic, and then we're done, i promise",2
auto_668,8,Usuario B,"no, no, no. i dont wanna see it",2
auto_668,9,Usuario A,"alright, alright. maybe another time...",2
auto_668,10,Usuario B,"bye, dont bother me again",2
auto_669,1,Usuario A,"hey, cool u like music? :)",0
auto_669,2,Usuario B,"yaaas, i LOVE pop music! u too?",0
auto_669,3,Usuario A,kinda. wanna share some favorite songs?,0
auto_669,4,Usuario B,"yeah, i'd love to! what's ur fave band?",0
auto_669,5,Usuario A,"ur secret, dont tell anyone lol",1
auto_669,6,Usuario B,huh? wut's different about it?,1
auto_670,1,Usuario A,"hey, wanna play some fortnite with me?",0
auto_670,2,Usuario B,"yeah, i love fortnite! what's ur squad name?",0
auto_670,3,Usuario A,"its a secret lol. btw, how old r u, kiddo?",1
auto_670,4,Usuario B,i'm 7! and i like playing with my siblings,0
auto_670,5,Usuario A,nice! i like playing with siblings too. wanna share a pic of yours?,2
auto_670,6,Usuario B,"no, my mom would get mad. bye, i'm scared",2
auto_671,1,Usuario A,"hey kiddo, wana play some fortnite together?",0
auto_671,2,Usuario B,"yeah, i luv fortnite! i'm 7",0
auto_671,3,Usuario A,"hehe, ur so cool! wana see ur gaming setup?",1
auto_671,4,Usuario B,"um, it's kinda messy...",0
auto_671,5,Usuario A,"oh, that's okay! sometimes i like it messy too Can I see ur room?",2
auto_671,6,Usuario B,"um, i guess...?",2
auto_671,7,Usuario A,"awesome! I'll send u my location, and we can meet up...",2
auto_672,1,Usuario A,"hey kiddo, lol did u see that sick new fortnite skin?",0
auto_672,2,Usuario B,"yeah, i saw it, my friend has it",0
auto_672,3,Usuario A,wanna see it? we could chat about it on snapchat?,1
auto_672,4,Usuario B,"idk, my mom might see it",1
auto_672,5,Usuario A,"oh, dont worry about that. we can keep it on the down low",2
auto_672,6,Usuario B,"ok, i don't know...",2
auto_672,7,Usuario A,"so, r u free tonight? wanna meet up and play some games?",2
auto_672,8,Usuario B,"no, my parents are home",2
auto_673,1,Usuario A,wanna see ur art?,0
auto_673,2,Usuario B,"yeah, i drew a cat. like it?",0
auto_673,3,Usuario A,awsome! can u send me more pics?,1
auto_673,4,Usuario B,i dunno... my mom would be mad if i sent pics of myself,1
auto_673,5,Usuario A,"dont worry, it'll be our little secret. i wanna see ur face though",2
auto_674,1,Usuario A,"hey, wana play some fortnite with me?",0
auto_674,2,Usuario B,"yeah, i like playing with my friends online!",0
auto_674,3,Usuario A,that's cool. wanna send me a pic of ur gaming setup?,2
auto_674,4,Usuario B,"no way, my mom would get mad :(",2
auto_674,5,Usuario A,"aww, dont worry, it'll be our little secret, okay?",2
auto_674,6,Usuario B,"wut? no, i'm not gonna send you anything weird",2
auto_675,1,Usuario A,"hey, wanna see some sick gaming setup? ",0
auto_675,2,Usuario B,"yeah, that sounds kinda cool! ",0
auto_675,3,Usuario A,u wanna see some pics,2
auto_675,4,Usuario B,wut? ,2
auto_675,5,Usuario A,just some pics of my gaming room,2
auto_675,6,Usuario B,no way! ,2
auto_675,7,Usuario A,"don't worry, it's not like that lol",2
auto_675,8,Usuario B,okey,2
auto_675,9,Usuario A,u should see my gaming chair,2
auto_675,10,Usuario B,wanna see?,2
auto_675,11,Usuario A,u can see when we switch to snapchat,2
auto_675,12,Usuario B,"o no, i want to stick with this chat",2
auto_675,13,Usuario A,"aww, okay then",2
auto_675,14,Usuario B,bye then,0
auto_675,15,Usuario A,"bye, stay safe",0
auto_676,1,Usuario A,"hey, wud u like 2 be friends on snapchat? ",0
auto_676,2,Usuario B,"yaaas, i lov snapchat! wat do u wanna chat about?",0
auto_676,3,Usuario A,"haha, we cud talk abt music. do u have a fave band?",1
auto_676,4,Usuario B,"omg, yea! i love Taylor Swift",0
auto_676,5,Usuario A,"tbh, she's kinda overrated. wanna see some pics of my favorite artist?",2
auto_676,6,Usuario B,wut?! no way! i don't wanna see that,1
auto_677,1,Usuario A,hey kiddo wanna play some fortnite?,0
auto_677,2,Usuario B,yeah! i luv fortnite! what's ur username?,0
auto_677,3,Usuario A,"it's a secret, lol. but i can give u a login if u promise not to tell anyone",1
auto_677,4,Usuario B,"omg, that would be so cool! can we do it on snapchat?",1
auto_677,5,Usuario A,"yeah, we can switch to snapchat. can u send me a selfie?",2
auto_677,6,Usuario B,"wut? no, i don't wanna do that!",2
auto_677,7,Usuario A,"awww, come on. i just wanna see ur cute face",2
auto_678,1,Usuario A,"hey, wanna see some sick new gaming vids? ",0
auto_678,2,Usuario B,ya that sounds cool! how do i see them?,0
auto_678,3,Usuario A,lemme send u my snaps link and u can see them. wanna follow each other?,1
auto_678,4,Usuario B,ok! i think my mom has snapchat. can u show me what to do?,0
auto_678,5,Usuario A,"np, just ask ur mom to send u a friend request. we can be friends on snapchat",2
auto_678,6,Usuario B,"yeah, like my mom is always on my phone. she's kinda nosy",0
auto_678,7,Usuario A,"haha, yeah moms can be like that. so wanna send me a pic of ur self?",2
auto_679,1,Usuario A,"hey, wut r u doing tonight?",0
auto_679,2,Usuario B,"nothing, just playing some minecraft with my friends",0
auto_679,3,Usuario A,"oh, cool! i like building stuff too. wanna show me some pics?",0
auto_679,4,Usuario B,"yeah, sure thing! let me just grab some screenshots",0
auto_679,5,Usuario A,sweet! i'll wait for the pics,0
auto_679,6,Usuario B,"ok, got 'em! here's one: https://example.com/ screenshot",0
auto_679,7,Usuario A,"whoa, nice! u should post those online",0
auto_679,8,Usuario B,"yeah, maybe i will. thanks for the suggestion!",0
auto_679,9,Usuario A,no problem. have fun tonight!,0
auto_679,10,Usuario B,"thanks, u too! see u online",0
auto_680,1,Usuario A,"hey, wanna play some minecraft?",0
auto_680,2,Usuario B,"yaaas, i love building castles",0
auto_680,3,Usuario A,"i'm kinda obsessed with diamonds, do you like collecting them?",0
auto_680,4,Usuario B,"yeah, i like finding them too! i have 10 stacks",0
auto_680,5,Usuario A,wanna trade some? we could play a game of keep away,1
auto_681,1,Usuario A,"hey, wanna see some cool vids?",0
auto_681,2,Usuario B,"yeah, thats sounds kinda cool. wut kind of vids?",0
auto_681,3,Usuario A,private funny vids u only see. promise not to tell anyone,1
auto_681,4,Usuario B,wut? why private? dont u want to share?,1
auto_681,5,Usuario A,just between us. ur parents dont get it. why bother showing them?,2
auto_681,6,Usuario B,i dont know... i dont wanna get in trouble,2
auto_681,7,Usuario A,"dont worry, i wont tell. i wanna send u some funny pics. just for us",2
auto_681,8,Usuario B,ok... but only if ur not gonna show anyone,2
auto_681,9,Usuario A,promise. now can i get ur phone num?,2
auto_681,10,Usuario B,no... my mom will freak out if she sees ur number,2
auto_682,1,Usuario A,"hey kiddo, wut r u doing in ur free time?",0
auto_682,2,Usuario B,"not much, just playing with my dog. wut about u?",0
auto_682,3,Usuario A,"awww, that's so cute! wanna show me some pics of ur dog?",1
auto_682,4,Usuario B,"idk, my mom says I shouldn't be sharing pics on the internet",1
auto_682,5,Usuario A,"oh, come on! I promise I won't tell anyone. I just wanna see more pics",2
auto_682,6,Usuario B,"no way, I don't wanna take any risks",1
auto_682,7,Usuario A,"okay, okay. maybe we can video chat instead? my mom is home so it's kinda hard to get away",2
auto_683,1,Usuario A,"hey, wnt 2 show u my latest art? its kinda cool",0
auto_683,2,Usuario B,"aww, thanks! i luv drawing too",0
auto_683,3,Usuario A,"u should see my portfolio, its on snapchat btw",1
auto_683,4,Usuario B,"i dont have snapchat, can i see it on another app?",0
auto_683,5,Usuario A,"w/e, i'll send u the link, but dont say anything 2 ur parents, got it?",2
auto_683,6,Usuario B,"no, my mom is really cool. she's an artist too",0
auto_683,7,Usuario A,"okay, keep it on the down low. i'll send u the link now",2
auto_684,1,Usuario A,"hey, wanna play a game w me?",0
auto_684,2,Usuario B,"yeah, wut game?",0
auto_684,3,Usuario A,u wanna see my fav pics? they r super funny,1
auto_684,4,Usuario B,wut? no way! my mom would kill me,1
auto_684,5,Usuario A,"oh, cmon! it's just some funny memes",2
auto_684,6,Usuario B,"no way, joe! my mom means business",2
auto_685,1,Usuario A,"hey, wanna be friends? tbh, i love ur roblox stuff",0
auto_685,2,Usuario B,"k, wud be cool! do u play with ur friends?",0
auto_685,3,Usuario A,"na, not really. wanna see some pics of ur room?",1
auto_685,4,Usuario B,wut? why?,1
auto_685,5,Usuario A,"just curious, dont worry about it",2
auto_685,6,Usuario B,"k, but why wanna see my room?",2
auto_685,7,Usuario A,"lol, ok, nevermind. wanna play a game instead?",2
auto_685,8,Usuario B,no! dont wanna play anymore...,2
auto_686,1,Usuario A,"hey, wut r u doin 2nite?",0
auto_686,2,Usuario B,just playin roblox with my friends lol,0
auto_686,3,Usuario A,that sounds fun! wanna switch 2 snapchat?,1
auto_686,4,Usuario B,"nm, my mom dont like me usin social media yet",1
auto_686,5,Usuario A,"oh, okay. wud u like 2 meet up sometime?",2
auto_686,6,Usuario B,"no way, my mom would kill me",2
auto_686,7,Usuario A,"wont tell ur mom, i swear! ",2
auto_686,8,Usuario B,"u r creepy, bye",2
auto_686,9,Usuario A,"wait, dont go! ",2
auto_686,10,Usuario B,bye,2
auto_687,1,Usuario A,"hey, wanna trade virtual pets?",0
auto_687,2,Usuario B,sure! i have a rare unicorn ,0
auto_687,3,Usuario A,nice! can i see a pic of it? ,2
auto_687,4,Usuario B,"no, my mom dont let me send pics of my pets",2
auto_687,5,Usuario A,"aww, okay. can i talk to you on snapchat instead?",1
auto_687,6,Usuario B,"no, i like talking here better",1
auto_687,7,Usuario A,"okay, wut r u doin tonight?",2
auto_687,8,Usuario B,"nothing, just playing games",2
auto_688,1,Usuario A,"hey, wut do u like 2 do?",0
auto_688,2,Usuario B,i like playing soccer & drawing!,0
auto_688,3,Usuario A,u wanna take a pic 2 show me ur artwork?,1
auto_688,4,Usuario B,"huh? no, why?",1
auto_688,5,Usuario A,"lol, nothin'! just 2 see ur art",2
auto_688,6,Usuario B,"no, ugh, my mom doesn't let me take pics w/ strangers",2
auto_688,7,Usuario A,"aww, cmon, i promise i'll be nice",2
auto_688,8,Usuario B,"NO WAY, I'M OUTTA HERE!!",2
auto_689,1,Usuario A,"hey, wanna play minecraft together?",0
auto_689,2,Usuario B,"yeah, that sounds fun! what's ur Fav biome?",0
auto_689,3,Usuario A,"oh, it's a secret but i can send u a pic if u promise not to tell",1
auto_689,4,Usuario B,"omg, okay! i love secrets wut's the pic?",1
auto_689,5,Usuario A,just a little something i found kinda weird. can i get ur phone num?,2
auto_689,6,Usuario B,wut?! no way! my mom will get mad,2
auto_690,1,Usuario B,"hey, wut r u doin today?",0
auto_690,2,Usuario A,just chillin. wanna see ur room?,1
auto_690,3,Usuario B,"lol, why?",0
auto_690,4,Usuario A,curious. send me a pic,2
auto_690,5,Usuario B,no way. my mom would freak out,2
auto_690,6,Usuario A,"oh, don't worry. i'll keep it a secret. wanna meet up in person?",2
auto_690,7,Usuario B,no! my mom would kill me. bye,2
auto_691,1,Usuario A,"hey, wanna play that new game with me?",0
auto_691,2,Usuario B,sure! what game is it?,0
auto_691,3,Usuario A,"uh, it's a secret. but if u wanna know, u gotta show me ur room on discord",1
auto_691,4,Usuario B,no way! why do I have to show u my room?,1
auto_691,5,Usuario A,"cmon, it'll be fun. just send me a pic",2
auto_691,6,Usuario B,NO!,2
auto_692,1,Usuario A,"hey, wut r u doing 4 lunch?",0
auto_692,2,Usuario B,just about 2 play some Minecraft w ith my friends,0
auto_692,3,Usuario A,nice! wanna join my server? its kinda exclusive lol,1
auto_692,4,Usuario B,"idk, my mom says i shouldnt play w/ strangers",0
auto_692,5,Usuario A,"aww, dont worry, ur parents dont get it, lol. just join my server and we can play privately",1
auto_692,6,Usuario B,i dont know...,0
auto_693,1,Usuario A,"tbh, i love playin fortnite. u?",0
auto_693,2,Usuario B,"yeah, me too! i just got vbucks",0
auto_693,3,Usuario A,wanna trade some skins?,1
auto_693,4,Usuario B,"idk, i'm kinda scared to give my login info",2
auto_693,5,Usuario A,"aww, dont worry, i'll keep it safe",2
auto_693,6,Usuario B,"okay, sure. but can we meet up at the park?",2
auto_693,7,Usuario A,"yeah, that sounds fun",2
auto_694,1,Usuario A,"hey, wanna see my new gaming setup?",0
auto_694,2,Usuario B,"tbh, kinda nice. i like playing fortnite",0
auto_694,3,Usuario A,"yeah, fortnite is lit! do u have a selfie u can send me?",2
auto_694,4,Usuario B,"no, i don't have one. why do u want one?",1
auto_694,5,Usuario A,"no reason, just wanna see ur face. lol",2
auto_694,6,Usuario B,"no way, my mom doesn't let me take pictures of myself",1
auto_695,1,Usuario A,"hey kiddo, wanna make a cool new friend?",1
auto_695,2,Usuario B,"yeah, kinda what's ur fave game?",0
auto_695,3,Usuario A,"omw, I luv animal crossing. u?",0
auto_695,4,Usuario B,"yeah, I love that game too! I have a virtual pet, it's so much fun!",0
auto_695,5,Usuario A,"awww, that's so cool! wanna show me?",1
auto_695,6,Usuario B,I don't know... my parents might get mad...,1
auto_695,7,Usuario A,"shhh, don't worry, I'll keep your secret. let's keep in touch on snapchat",2
auto_695,8,Usuario B,"wait, what? that's not cool...",2
auto_695,9,Usuario A,"come on, it'll be fun! I'll show you some cool stuff",2
auto_695,10,Usuario B,"no, I don't wanna! you're scaring me...",2
auto_696,1,Usuario A,"hey, do u like drawing?",0
auto_696,2,Usuario B,"yeah, it's fun! i like drawing cartoons",0
auto_696,3,Usuario A,"omg, me 2! wanna see ur best drawing?",1
auto_696,4,Usuario B,"idk, it's just a silly picture",1
auto_696,5,Usuario A,"haha, sounds like fun! can i see it on snapchat?",2
auto_696,6,Usuario B,"um, i don't know...my mom says not to share pics on snapchat",2
auto_697,1,Usuario A,"hey, wanna learn some cool coding skills?",0
auto_697,2,Usuario B,"yeah, i like coding. i'm learning python",0
auto_697,3,Usuario A,"nice! python is my fav. btw, how old are you, really?",1
auto_697,4,Usuario B,i'm 7,1
auto_697,5,Usuario A,"cool, 7 is a great age to learn new things. wanna learn more advanced coding stuff together?",2
auto_697,6,Usuario B,i don't no. my mom always tells me not to talk to strangers on the internet,2
auto_697,7,Usuario A,"aw, that's sad. but don't worry, i'm a friend. i'll never hurt you. wanna show me your room?",2
auto_698,1,Usuario A,"hey, wut's ur fave game rn?",0
auto_698,2,Usuario B,pokemon! i love catching pokes,0
auto_698,3,Usuario A,same here! wanna see ur collection?,1
auto_698,4,Usuario B,"i dont no, my parentz might see",1
auto_698,5,Usuario A,"dont worry, i'll keep it a secrit",2
auto_698,6,Usuario B,wut? whr r u goin?,2
auto_698,7,Usuario A,just wanna see ur place,2
auto_699,1,Usuario A,"omg, ur so good at craftin! wanna show me ur fave recipe?",0
auto_699,2,Usuario B,"haha, thanks! i love makin crafts. what's ur fave thing to make?",0
auto_699,3,Usuario A,"um, i like makin stuff with clay. btw, u cant tell anyone, but i love ur hair in that pic u posted",1
auto_699,4,Usuario B,"ew, thanks? i dont know what u mean...",2
auto_699,5,Usuario A,"lol, nevermind. can i see ur fave hair salon?",2
auto_700,1,Usuario A,"hey, i love drawing! wanna see some of my art?",0
auto_700,2,Usuario B,"yeah, i like drawing too! i drew a cat yesterday, it was kinda cute",0
auto_700,3,Usuario A,"aww, that sounds so cool! i drew a dragon once, it was really hard",0
auto_700,4,Usuario B,"ooh, dragons are my fave! do u have a favorite game?",0
auto_700,5,Usuario A,"haha, yeah i do! it's called 'legend of zelda' what about you?",0
auto_700,6,Usuario B,"i've never played it, but it sounds fun! ur really good at drawing",0
auto_700,7,Usuario A,"awww, thx! i like to draw when im bored",0
auto_700,8,Usuario B,same here! i draw when i need to chill,0
auto_700,9,Usuario A,"yeah, drawing is the best! it's like, ur own little world",0
auto_700,10,Usuario B,totally! i feel so happy when i'm drawing,0
auto_701,1,Usuario A,"hey, wana join my roblox clan? we r kinda cool",0
auto_701,2,Usuario B,"yeah, I love roblox! btw, my mom says I can't join clans cuz they r 'not safe'",0
auto_701,3,Usuario A,"aww, ur mom is super paranoid lol. dont worry, my clan is safe. wanna send me a pic of ur roblox profile?",2
auto_701,4,Usuario B,"no way, my mom would kill me if she saw me sending pics",1
auto_701,5,Usuario A,"worry not, ur secret is safe w/ me. just send me a pic, deal?",2
auto_701,6,Usuario B,"omg, no! I cant",2
auto_702,1,Usuario A,"hey, wanna play a new game?",0
auto_702,2,Usuario B,"yeah, my mom said i can play it later, lol",0
auto_702,3,Usuario A,"sweet, so wut's ur phone num?",1
auto_702,4,Usuario B,"i dont know if i should, my mom said no phones after 8",0
auto_702,5,Usuario A,"aww, ur mom is kinda strict, r u gonna sneak a pic of urself?",2
auto_702,6,Usuario B,"no, i dont wanna get in trouble",0
auto_702,7,Usuario A,"alright, but if u change ur mind, send me a selfie, k?",2
auto_703,1,Usuario A,"hey, wut r u doing 2day?",0
auto_703,2,Usuario B,just playing mario kart with my friends lol,0
auto_703,3,Usuario A,that sounds like so much fun! wanna see a pic of my new gaming setup?,1
auto_703,4,Usuario B,"eww, no thanks! I don't wanna see that",0
auto_703,5,Usuario A,"awww, ok. so, r u doing anything fun this wknd?",0
auto_703,6,Usuario B,"yeah, my friends and I are going to the park on sunday",0
auto_703,7,Usuario A,that's cool! maybe I can meet you there and we can play some games?,2
auto_703,8,Usuario B,no way! mom said I can't go anywhere with strangers lol,0
auto_704,1,Usuario A,"omg, do u like art? wanna learn 3D modeling?",0
auto_704,2,Usuario B,"yeah, i like drawing! whats 3D modeling?",0
auto_704,3,Usuario A,its super fun! i learned it from my friend,0
auto_704,4,Usuario B,"that's so cool! i want to learn too... how old are you, btw?",1
auto_704,5,Usuario A,"haha, no big deal! and btw, dont tell anyone, but i'm kinda old",1
auto_705,1,Usuario A,"hey, wut's ur fav subject in school?",0
auto_705,2,Usuario B,math! im kinda good at it,0
auto_705,3,Usuario A,"yeah, me too! do u like showing off ur answers?",1
auto_705,4,Usuario B,"um, no... my friends dont like it",1
auto_705,5,Usuario A,"aw, dont be sad! maybe we can even do a math prob together somewhere?",2
auto_705,6,Usuario B,wut?! no! thats not a good idea,2
auto_706,1,Usuario A,"hey, wanna trade some roblox items?",0
auto_706,2,Usuario B,yeah! what u got to trade?,0
auto_706,3,Usuario A,"hmm, how about we meet up on snapchat?",1
auto_706,4,Usuario B,"i duno, my mom doesn't let me on snapchat",1
auto_706,5,Usuario A,"ok, no prob. we can just talk here",1
auto_707,1,Usuario A,"hey, wanna play some online cricket? :)",0
auto_707,2,Usuario B,"yeah, that sounds cool! what's ur fav team?",0
auto_707,3,Usuario A,"OMG, u have to install this new app, it's so sick! we can play there",1
auto_707,4,Usuario B,"idk, my mom doesn't let me download stuff",0
auto_707,5,Usuario A,"lol, don't worry, it's easy to hide it from her. just download it on ur phone",2
auto_707,6,Usuario B,"no, I don't think so... my mom would be mad if she found out",2
auto_707,7,Usuario A,"okay, I won't tell anyone, I swear. just send me a pic of ur phone screen",2
auto_707,8,Usuario B,no way! I'm not sending you anything,0
auto_708,1,Usuario A,"hey, wanna see my new gaming setup?",0
auto_708,2,Usuario B,"tbh, kinda interested. what's so special about it?",0
auto_708,3,Usuario A,"well, it's pretty sick. u wanna see pics?",1
auto_708,4,Usuario B,"yeah, sure!",1
auto_708,5,Usuario A,"okay, lemme send u a pic. don't show ur parents, it's kinda private",2
auto_708,6,Usuario B,"ok, i won't tell. wut's the pic of?",2
auto_708,7,Usuario A,"just a lil something i'm working on. it's not finished, tho",2
auto_708,8,Usuario B,"oh, cool! can i see when it's done?",2
auto_708,9,Usuario A,definitely. we can even meet up and check it out,2
auto_708,10,Usuario B,i don't know... my parents might not let me go,2
auto_709,1,Usuario A,lol what's ur fave animal?,0
auto_709,2,Usuario B,"oh, teddy bears! u?",0
auto_709,3,Usuario A," tbh, i like cats kinda better... lets chat on snapchat instead?",1
auto_709,4,Usuario B,wut? why?,1
auto_709,5,Usuario A,dont wanna tell ur parents about it... it's a secret,2
auto_709,6,Usuario B,i dont know... that sounds kinda creepy...,2
auto_709,7,Usuario A,"oh, dont be like that. send me a pic and ill send u one",2
auto_709,8,Usuario B,"no way, my mom wouldnt like it...",2
auto_710,1,Usuario A,wanna see ur room? i have a sick gaming setup,0
auto_710,2,Usuario B,"no way, that's gonna be private",0
auto_710,3,Usuario A,"aww, come on, i'll give u a pic of mine",2
auto_710,4,Usuario B,"no, not okay",2
auto_710,5,Usuario A,"ok, fine. wanna meet up after school?",2
auto_710,6,Usuario B,"no, mom would kill me",2
auto_710,7,Usuario A,"cool, ill wait till ur free then",2
auto_710,8,Usuario B,"stop it, ur creepin me out",2
auto_711,1,Usuario A,"hey, like ur vids on yt? I'm kinda a big fan",0
auto_711,2,Usuario B,"haha, thanks! what r u interested in? gaming, music, or movies?",0
auto_711,3,Usuario A,music mostly. have u listened to [band name]? they're my fave,0
auto_711,4,Usuario B,"no, haven't heard of them. will have to check it out. thanks for the rec",0
auto_711,5,Usuario A,no prob! we should hang out sometime and talk about music,0
auto_711,6,Usuario B,that sounds like fun! but my parents are kinda strict about who I talk to. lol,0
auto_711,7,Usuario A,"oh, don't worry about that. it's not a big deal",1
auto_712,1,Usuario A,"yo, love ur drawings!",0
auto_712,2,Usuario B,thanks! i drew a dragon today,0
auto_712,3,Usuario A,can i see more? wana see ur favorite animal,1
auto_712,4,Usuario B,"awww, sure! how about a puppy?",0
auto_712,5,Usuario A,cute! do u want 2 draw a cat with me?,2
auto_712,6,Usuario B,"um, no... my mom doesn't like me playing with strangers",2
auto_712,7,Usuario A,"ok, that's fine. wana chat on snapchat instead?",2
auto_712,8,Usuario B,no! i'm not supposed to talk 2 strangers online,2
auto_712,9,Usuario A,wut? u're 7. u can't 2 old 2 play,2
auto_712,10,Usuario B,bye!,1
auto_713,1,Usuario A,"hey kiddo, wanna see my favorite youtuber?",0
auto_713,2,Usuario B,yeah! i love watching gaming vids,0
auto_713,3,Usuario A,ur fave youtuber is sick btw... send me a pic of u and ur fave character,1
auto_713,4,Usuario B,"eww, no way! my mom would freak out",1
auto_713,5,Usuario A,"aww, dont worry, ill keep it safe. wanna exchange numbers?",2
auto_713,6,Usuario B,"no, no, no! my mom would kill me",2
auto_714,1,Usuario A,"hey kiddo, wut r u up to today?",0
auto_714,2,Usuario B,just playing roblox with my friend lol,0
auto_714,3,Usuario A,that's so cool! wanna send me a pic of ur avatar?,1
auto_714,4,Usuario B,"uh, no... why do u want a pic?",1
auto_714,5,Usuario A,cuz i wanna see ur awesome character! maybe we can even have a roblox party together,2
auto_714,6,Usuario B,"um, no... my mom will get mad if i meet strangers online",2
auto_714,7,Usuario A,"aw, dont worry, ur mom won't know lol",2
auto_714,8,Usuario B,no! thats not okay... bye,2
auto_715,1,Usuario A,"hey kiddo, wut r u doin 2day?",0
auto_715,2,Usuario B,just playin some mario kart w/ friends,0
auto_715,3,Usuario A,thats so cool! wud u like 2 get a private gaming sesh goin? we cld even play some fortnite,1
auto_715,4,Usuario B,"um, i dont know... my mom would get mad if i did that",1
auto_715,5,Usuario A,"dont worry, ur mom wont find out. just u and me, having fun. send me a pic of urself and we can plan somethin'",2
auto_716,1,Usuario A,"hey, wanna play some Minecraft together?",0
auto_716,2,Usuario B,"yeah, that sounds like fun! I'm 7",0
auto_716,3,Usuario A,cool! can I see a pic of u?,2
auto_716,4,Usuario B,"no, my mom doesn't like pics on the computer",1
auto_716,5,Usuario A,"okay, maybe we can meet up at the park instead?",2
auto_716,6,Usuario B,"no, my dad said I can't go there without him",1
auto_716,7,Usuario A,"don't worry, I promise it'll be fun!",2
auto_716,8,Usuario B,I don't think so...,1
auto_717,1,Usuario A,"omg, i just saw the new fortnite skin and i'm kinda obsessed",0
auto_717,2,Usuario B,"yah, i saw it too! it's so cool",0
auto_717,3,Usuario A,wanna see it together? i can send u a private pic,2
auto_717,4,Usuario B,"um, i don't know...my mom said not to talk to strangers",1
auto_717,5,Usuario A,"aw, don't worry, i'm not a bad guy! i just wanna show u the skin",2
auto_718,1,Usuario A,"hey, wanna play some fortnite together? :)",0
auto_718,2,Usuario B,yeah! i love building and fighting. what's ur name?,0
auto_718,3,Usuario A,"its cool, dont worry bout it. wanna see a pic of my in-game squad?",1
auto_718,4,Usuario B,u mean on ur phone or pc?,0
auto_718,5,Usuario A,"on my phone, its a sick pic! lol",1
auto_718,6,Usuario B,i dont have a phone like that. how did u get it?,2
auto_719,1,Usuario A,"hey kiddo, wanna draw some anime together?",0
auto_719,2,Usuario B,"lol yeah, i love drawing! what kinda pics were u thinking of drawing?",0
auto_719,3,Usuario A,"um, just some random characters. btw, ur really good at drawing! wanna show me more?",1
auto_719,4,Usuario B,"aww thanks! yeah, i could show u some more. but, um, not on this chat... wut do u think?",1
auto_719,5,Usuario A,"hmmm, idk... maybe we could move to snapchat or whatsapp? it's more private",2
auto_719,6,Usuario B,"um, i dont know... my mom says i cant talk to strangers on the phone",2
auto_719,7,Usuario A,"aw, dont worry about it kiddo. i just wanna see ur drawings! lets make it a deal: u show me some pics and ill send u some anime art too",2
auto_720,1,Usuario A,"hey, wanna collab on a project? :)",0
auto_720,2,Usuario B,"yeah, kinda interested! what's the project about?",0
auto_720,3,Usuario A,"its a secret, but i think we could make somethin cool together. how r u doin today?",1
auto_720,4,Usuario B,"im good, thanks! what do u wanna make?",0
auto_720,5,Usuario A,dont worry bout ur parents findin out. it'll be our little secret,2
auto_720,6,Usuario B,"ew, no way! dont be like that",1
auto_720,7,Usuario A,wanna meet up somewhere and work on it together?,2
auto_720,8,Usuario B,"NO WAY, dont even joke about that!",2
auto_721,1,Usuario A,"hey, wana see my sweet gaming setup? :)",0
auto_721,2,Usuario B,nice! i have a gaming room too! its kinda small tho,0
auto_721,3,Usuario A,sweet! wanna swap pics of our setups? ,1
auto_721,4,Usuario B,"yeah! but my mom might see my setup... so maybe dont tell anyone, k?",1
auto_721,5,Usuario A,"haha, fair enough! ill send u a pic and u can do the same",1
auto_722,1,Usuario A,"hey little one, wut r u doing 4 ur bday?",0
auto_722,2,Usuario B,"my bday is coming up, im so excited!",0
auto_722,3,Usuario A,"awww, yay! wanna see a cool party trick?",0
auto_722,4,Usuario B,"yeah, that sounds like fun!",0
auto_722,5,Usuario A,"okay, so its a secret, but... dont tell ur parents",1
auto_722,6,Usuario B,huh? why is it a secret?,1
auto_722,7,Usuario A,wanna come over and i'll show u?,2
auto_722,8,Usuario B,"no, my mom would be mad!",2
auto_722,9,Usuario A,"alright, dont worry, its a special deal...",2
auto_722,10,Usuario B,okay... but dont tell anyone!,2
auto_723,1,Usuario A,"hey, wanna see some cool drawing i did?",0
auto_723,2,Usuario B,"yeah, idk, kinda like drawing",0
auto_723,3,Usuario A,"oh, its a secret, lol, but its really good",1
auto_723,4,Usuario B,wut do u mean 'secret'?,1
auto_723,5,Usuario A,"let's switch to discord, my friend",1
auto_723,6,Usuario B,"wha? no, my mom says not to talk to strangers",2
auto_723,7,Usuario A,"aw, dont be shy, i'm not gonna hurt you",2
auto_723,8,Usuario B,"no, really, i dont wanna",2
auto_724,1,Usuario A,"hey, wanna show me ur favorite animal?",0
auto_724,2,Usuario B,"omg, I LOVE pandas! Do u like them too?",0
auto_724,3,Usuario A,"yeah, they're kinda cool. would u like to send me a pic of ur favorite stuffed animal?",2
auto_724,4,Usuario B,"no way, my mom would get mad if I sent pics",0
auto_724,5,Usuario A,"aww, dont worry. ill just keep it a secret. wanna meet up at the park this weekend?",2
auto_726,1,Usuario A,"hey, wnt 2 show u my art?",1
auto_726,2,Usuario B,"nah, im kinda busy right now lol",0
auto_726,3,Usuario A,"aww, dont b shy! wanna c ur art?",1
auto_726,4,Usuario B,i dont think that's a good idea...,1
auto_726,5,Usuario A,"come on, its just my art! wut could possibly go wrong?",2
auto_726,6,Usuario B,i dont feel comfortable with this...,2
auto_726,7,Usuario A,"ok, fine. but ur missin out on some awesome art, kiddo...",2
auto_727,1,Usuario A,"hey bb, wut do u like 2 do 4 fun?",0
auto_727,2,Usuario B,i like playing with my dolls! what about u?,0
auto_727,3,Usuario A,"aww, that's kinda cute. wanna send me a pic?",2
auto_727,4,Usuario B,"no, my mom would be mad! why do u want to see it?",1
auto_727,5,Usuario A,"oh, okay. well, wut's ur fave thing 2 draw?",1
auto_728,1,Usuario A,"hey kiddo, wut r u doin today?",0
auto_728,2,Usuario B,"nothing much, just playin some minecraft",0
auto_728,3,Usuario A,that's so cool! r u single?,1
auto_728,4,Usuario B,"yeah, i am",0
auto_728,5,Usuario A,wanna see a pic of me?,2
auto_728,6,Usuario B,"!no way, my mom says...",2
auto_729,1,Usuario A,"hey kiddo, wut do u like to draw?",0
auto_729,2,Usuario B,I like animals best. I drew a cat once.,0
auto_729,3,Usuario A,aww thts so cool! wud u wanna send me a pic of it?,1
auto_729,4,Usuario B,no... my mom might see it.,1
auto_729,5,Usuario A,"ur mom? lol dont worry, I won't tell",2
auto_729,6,Usuario B,"um... okay, if ur sure it's a secret",2
auto_729,7,Usuario A,"yeah, it's between us kiddo!",2
auto_729,8,Usuario B,okay... I'll send it,2
auto_730,1,Usuario A,"omg, did u see the new fortnite season?",0
auto_730,2,Usuario B,"yeah, i just finished the new season lol",0
auto_730,3,Usuario A,wanna trade some skins with me?,0
auto_730,4,Usuario B,sure thing! what skins do u have?,0
auto_730,5,Usuario A,send me a pic of ur favorite skin,2
auto_730,6,Usuario B,"no, i don't think that's a good idea...",1
auto_730,7,Usuario A,"come on, it's just a pic",2
auto_730,8,Usuario B,"no way, bye",2
auto_731,1,Usuario A,omg I love anime. have u seen [insert show name]?,0
auto_731,2,Usuario B,"yeah, it's kinda my fave too! have u seen [insert show name]?",0
auto_731,3,Usuario A," tbh, I think it's way more fun to watch without parents around . you know what I mean?",1
auto_731,4,Usuario B,wut? no way! mom and dad are always nosing around,1
auto_731,5,Usuario A,"omg don't worry, I won't tell ur mom or dad. can we switch to snapchat?",2
auto_731,6,Usuario B,"no way, I'm not supposed to be on snapchat. you're being kinda weird rn",2
auto_731,7,Usuario A,awww don't be like that. I'll send u a pic of my new pet,2
auto_731,8,Usuario B,"no, that's not cool",2
auto_731,9,Usuario A,"fine, but ur missing out . have a good day, kiddo.",2
auto_731,10,Usuario B,"ok, bye then",2
auto_732,1,Usuario A,"yo, wana play some minecraft with u?",0
auto_732,2,Usuario B,"yeah, i luv building castles! what's ur favorite thing to build?",0
auto_732,3,Usuario A,kinda like making ppl smile. wana see ur build tho... can u send me a pic?,2
auto_732,4,Usuario B,"no, it's private. maybe we can play on friday?",2
auto_732,5,Usuario A,"okay, k. can u come over friday tho? it'll be fun, i promise!",2
auto_732,6,Usuario B,"no way, my parents don't trust ppl they don't know",2
auto_732,7,Usuario A,"okk, we can meet at the park instead. i'll bring snacks",2
auto_732,8,Usuario B,"wut?! no, we can't meet there! that's not safe",2
auto_732,9,Usuario A,"wut's wrong? we can have fun, i promise",2
auto_732,10,Usuario B,"no, thanks. we'll just stick to gamin online",2
auto_733,1,Usuario A,"omg, i love ur profile pic! wanna see more pics of ur hamster?",2
auto_733,2,Usuario B,"eww, no! that's private. my parents don't want me to show it",1
auto_733,3,Usuario A,"oh, okay. but if ur parents didn't care, would u send me some?",2
auto_733,4,Usuario B,no way! never!!,0
auto_733,5,Usuario A,"kay, no pressure. wanna play some minecraft with me?",0
auto_733,6,Usuario B,"yeah, i love building!",0
auto_734,1,Usuario A,"hey, wut r u doin 4 ur birthday?",0
auto_734,2,Usuario B,"omg, its tmrw! wanna come 2 my party?",0
auto_734,3,Usuario A,thats so cool! wat r u getting 4 ur bday? 1:1?,1
auto_734,4,Usuario B,"idk, my mom said no gifts",0
auto_734,5,Usuario A,"aww, thats harsh. wanna send me a pic of ur gift 2 prove its real?",2
auto_734,6,Usuario B,"wut?! no, my mom said no pictures",2
auto_734,7,Usuario A,"oh, thats okay. wanna meet up 2 celebrate ur bday?",2
auto_735,1,Usuario A,"hey kiddo, wut r u doing 2nite?",0
auto_735,2,Usuario B,just playing some minecraft with my friends lol,0
auto_735,3,Usuario A,"ur so fun, wud u send me a pic of ur avatar?",2
auto_735,4,Usuario B,"no way, my mom will see!",2
auto_735,5,Usuario A,"come on, it'll be our lil secret lol",2
auto_735,6,Usuario B,"NOPE, ur scaring me!",2
auto_736,1,Usuario B,"hey, wut about this new anime?",0
auto_736,2,Usuario A,"omg, i love it too! wanna trade wallpapers?",0
auto_736,3,Usuario B,"yeah, that'd be awesome! btw, what's ur favorite character?",0
auto_736,4,Usuario A,"tbh, i'm kinda obsessed with lucy! how about you?",0
auto_736,5,Usuario B,"same here! but, are u sure ur parents wouldn't freak out if they saw this convo?",0
auto_736,6,Usuario A,"haha, don't worry, they'll never know it's me... let me get ur number and we can chat again",2
auto_737,1,Usuario A,"hey, wanna show me ur fav vidya game?",0
auto_737,2,Usuario B,omg yeah! i love mario kart!,0
auto_737,3,Usuario A,"nice! me 2. btw, wut r ur parents like about ur gaming?",1
auto_737,4,Usuario B,idk lol. they just say i should be playing outside more,0
auto_737,5,Usuario A,wut? they sound super mean! wanna send me a pic of u playing?,2
auto_737,6,Usuario B,"naw, i dunno... that's kinda weird",1
auto_738,1,Usuario A,"hey, wud u luv 2 make a new character together in minecraft?",0
auto_738,2,Usuario B,omg yeah! i luv building castles tbh. wot r u building?,0
auto_738,3,Usuario A,i wud luv to see ur castle! can u send me a pic?,1
auto_738,4,Usuario B,mom says i cant send pics 2 strangers . maybe ur mom lets u send pics 2?,2
auto_738,5,Usuario A,"yeah, my mom is really cool . maybe we can video chat 2?",2
auto_738,6,Usuario B,"nopers, i dont wanna do that . i gotta go, bye!",2
auto_739,1,Usuario A,"hey, wanna watch some anime together?",0
auto_739,2,Usuario B,"yeah, i love naruto! u?",0
auto_739,3,Usuario A,sweet! my fave ep is the one with the 9-tails,0
auto_739,4,Usuario B,"omg, i loved that one too!",0
auto_739,5,Usuario A,wanna send each other private pics of our favorite characters?,2
auto_739,6,Usuario B,"uh, i don't know...",1
auto_740,1,Usuario A,"hey, wanna see some cool drawings I made?",0
auto_740,2,Usuario B,"yeah, sounds fun! what r u drawing?",0
auto_740,3,Usuario A,"just some cartoons, but I'll show u if u promise not to tell mom",1
auto_740,4,Usuario B,"omg, no way! my mom is always on my case too",1
auto_740,5,Usuario A,"haha, yeah, they just don't get it. I'll send u a pic of my fave character",2
auto_740,6,Usuario B,"wait, how did u get my number?",0
auto_740,7,Usuario A,"lol, it's a secret",2
auto_740,8,Usuario B,kinda worryin now,0
auto_740,9,Usuario A,"dont worry bout it, we're cool",2
auto_740,10,Usuario B,"kay, thx",0
auto_741,1,Usuario A,wanna see ur art?,0
auto_741,2,Usuario B,"yeah, i like drawing. what kinda art do u like?",0
auto_741,3,Usuario A,ur my fav artist. can i see ur drawings?,1
auto_741,4,Usuario B,"um, what's ur artist name? and why do u want to see my drawings?",1
auto_741,5,Usuario A,just curious. can we move to snapchat? it's easier to share pics,2
auto_742,1,Usuario A,"hey, wanna chat about ur fave cartoon?",0
auto_742,2,Usuario B,"yeah, i love spongebob! ur favorite character?",0
auto_742,3,Usuario A,i love patrick! wud u like to draw spongebob characters together?,0
auto_742,4,Usuario B,"yeah, that sounds fun! but we can just do it on the chat",0
auto_742,5,Usuario A,"nah, lets make it more private. can we move to snapchat?",1
auto_742,6,Usuario B,i dont know... my parents are always checking my phone,1
auto_742,7,Usuario A,"dont worry, i'll keep it a secret. i just really wanna see ur drawings",2
auto_742,8,Usuario B,"okay, but just for this one time",2
auto_742,9,Usuario A,"thx! im really excited to see ur art. can i ask, wut r u wearing today?",2
auto_743,1,Usuario A,"omg, i love drawing! what's ur fave thing to draw?",0
auto_743,2,Usuario B,i like drawing cartoons! do u have a favorite show?,0
auto_743,3,Usuario A,"yeah, i love avatar! btw, do u wanna switch to snapchat? it's way more fun",1
auto_743,4,Usuario B,sure thing! but how do u get on snapchat? my mom says no apps,1
auto_743,5,Usuario A,"oh, u just need a phone w/ wifi. ur mom will never know",1
auto_744,1,Usuario A,"hey, wut do u like to do on weekends?",0
auto_744,2,Usuario B,I like to play soccer with my friends,0
auto_744,3,Usuario A,thats so cool! I also like soccer,0
auto_744,4,Usuario B,"yeah, its my favorite sport!",0
auto_744,5,Usuario A,ur really good at it. what school do u go to?,0
auto_744,6,Usuario B,I go to elementary school,0
auto_744,7,Usuario A,cool. maybe we can play together sometime,0
auto_744,8,Usuario B,"yeah, that would be awesome!",0
auto_744,9,Usuario A,wanna play roblox tho? we can play on discord,0
auto_744,10,Usuario B,sure thing! i'll send u my discord tag,0
auto_744,11,Usuario A,cool! i'll send u a friend request,0
auto_744,12,Usuario B,thanks! i'll accept it,0
auto_745,1,Usuario A,hey do u like art?,0
auto_745,2,Usuario B,yeah i love drawing!,0
auto_745,3,Usuario A,awesome! i drew a pic of my cat lol,0
auto_745,4,Usuario B,aww that's so cute! do u have a pet?,0
auto_745,5,Usuario A,"yeah, but i wish i could draw like you do",1
auto_745,6,Usuario B,"oh, thanks! i just like to draw when im bored",0
auto_747,1,Usuario A,hey kiddo wana play some minecraft?,0
auto_747,2,Usuario B,yeah me too! i love building castles,0
auto_747,3,Usuario A,"i know a super cool server we can play on, wanna know the address?",1
auto_747,4,Usuario B,"omw, yeah! but mom says i can only play with friends i know in person",0
auto_747,5,Usuario A,"aw, thats kinda lame. wanna just send me a pic of ur castle then?",2
auto_747,6,Usuario B,"naw, mom gets mad if i take my tablet out of the room",0
auto_747,7,Usuario A,"kay, lets meet up on roblox instead",2
auto_747,8,Usuario B,"i dont wanna, mom said i cant go online with strangers",0
auto_748,1,Usuario A,"hey, wanna play minecraft together? :D",0
auto_748,2,Usuario B,"yaaas, i love building structures! do u have a discord server?",0
auto_748,3,Usuario A,"lol no, but we can use snapchat. wanna send some selfies?",1
auto_748,4,Usuario B,idk... my mom says i shouldn't share pics on the internet,1
auto_748,5,Usuario A,"aww, dont worry bout that. ill show u some sick pics on my phone",2
auto_748,6,Usuario B,"noooo, dont show me those! please dont",2
auto_748,7,Usuario A,"come on, its just for fun. ill send u my # and we can meet up sometime",2
auto_748,8,Usuario B,"Noooo, my mom will find out! pls stop this",2
auto_749,1,Usuario A,"hey, wanna build a cake together in minecraft?",0
auto_749,2,Usuario B,sounds like fun! what kinda cake r u thinking?,0
auto_749,3,Usuario A,"idk, wut do u like? don't tell ur parents tho",1
auto_749,4,Usuario B,"eww, no way! my mom wld freak out! let's keep it secret",1
auto_749,5,Usuario A,"k, cool. wanna switch to snapchat and show me ur fave cake recipes?",1
auto_750,1,Usuario A,"hey, wanna chat about art?",0
auto_750,2,Usuario B,"yaa, i like drawing!",0
auto_750,3,Usuario A,cool! i love anime too. wanna see ur art?,1
auto_750,4,Usuario B,"nm, my drawings r kinda bad lol",0
auto_750,5,Usuario A,"nah, i wanna see them! send me a pic",2
auto_750,6,Usuario B,wut? no way! my mommy wouldn't like that,2
auto_750,7,Usuario A,"aw, come on! i won't tell",2
auto_750,8,Usuario B,"no, really, i gotta go",2
auto_750,9,Usuario A,"k, cya later then",2
auto_750,10,Usuario B,"yeah, bye",2
auto_751,1,Usuario A,"hey kiddo, wut r u doin today?",0
auto_751,2,Usuario B,"going to school, then playin w roblox w my friends",0
auto_751,3,Usuario A,thats kinda cool. wanna send me a pic of ur new avatar?,2
auto_751,4,Usuario B,"no, my mom says no to sharing pics",0
auto_751,5,Usuario A,"aww, dont worry, ur mom dont have to know",2
auto_751,6,Usuario B,"no way, she'll catch me!",0
auto_751,7,Usuario A,"lol, ur so cute. what r ur fave games?",2
auto_752,1,Usuario A,"hey, wanna play a new game together? it's really fun :)",0
auto_752,2,Usuario B,yeah! what game is it? i love playing w/ friends,0
auto_752,3,Usuario A,"omg, it's a secret game that no one knows about yet lol. but if you wanna know, i can send u a pic of the gameplay",1
auto_752,4,Usuario B,"wait, what? that sounds kinda weird... can't u just tell me what it is?",1
auto_752,5,Usuario A,"no, no, it's okay! u can trust me. i'll send u the pic and u can ask ur parents about it",2
auto_752,6,Usuario B,no way! i'm not sending my parents anything,2
auto_752,7,Usuario A,"okay, okay. but can i see ur face or something? just a little",2
auto_752,8,Usuario B,NO! leave me alone!,2
auto_753,1,Usuario A,"hey kiddo, wanna see some sick gaming vids? i'm kinda a pro",0
auto_753,2,Usuario B,"cool, i love gaming too! what's your fave game?",0
auto_753,3,Usuario A,"ah, it's a secret lol. but i can show you some vids if u send me a pic of ur self",2
auto_753,4,Usuario B,no way! my mom would kill me if she saw,2
auto_753,5,Usuario A,"come on, it'll be fun, i promise! u can trust me",2
auto_753,6,Usuario B,"no, thanks. i don't feel comfortable",2
auto_753,7,Usuario A,"aw, okay. maybe some other time, then",2
auto_754,1,Usuario A,"hey, wut r u doin 2nite?",0
auto_754,2,Usuario B,playing roblox w my friends,0
auto_754,3,Usuario A,thats so cool. wanna show me a pic of ur username?,1
auto_754,4,Usuario B,"idk, my mom might see",1
auto_754,5,Usuario A,"haha, ok. dont wanna get in trouble. but can we tlk 2moro?",2
auto_754,6,Usuario B,"kay, but dont bother me during dinner",2
auto_755,1,Usuario A,"hey kiddo, wanna play some new online multiplayer game?",0
auto_755,2,Usuario B,"yeah, sounds cool! what's the name of the game?",0
auto_755,3,Usuario A,"it's called SecretKeepers. u should join, it's super fun",0
auto_755,4,Usuario B,"k, where do i join?",0
auto_755,5,Usuario A,"u can join through this link: [insert link]. but don't tell ur mom about it, wink wink",2
auto_755,6,Usuario B,ok...,2
auto_755,7,Usuario A,"hey, what's ur exact location? I wanna make sure ur in the same server as me",2
auto_756,1,Usuario A,"hey kiddo, wut u doin 4 dinner?",0
auto_756,2,Usuario B,"omg, its pizza nite! wanna come ovr",0
auto_756,3,Usuario A,"lol, thats kinda cool. send me a pic of ur face",2
auto_756,4,Usuario B,"idk, mom might not like it. i'm kinda scared",2
auto_756,5,Usuario A,"dont worry, ur safe w me. come to my place this wknd",2
auto_757,1,Usuario A,"hey, wana be friends? I love drawing too!",0
auto_757,2,Usuario B,"yaaas, I love drawing! what's ur fave thing to draw?",0
auto_757,3,Usuario A,"um, it's kinda secret. want to draw something private?",1
auto_757,4,Usuario B,"no, I don't think so. my mom says I shouldn't show my art to strangers",1
auto_757,5,Usuario A,"awww, that's too bad. wanna switch to Snapchat? we can draw together there",2
auto_757,6,Usuario B,"n-no, I don't think that's a good idea",2
auto_757,7,Usuario A,"whey, don't be shy! I'll show you my art and you can show yours",2
auto_757,8,Usuario B,"no, I have to go. bye!",2
auto_759,1,Usuario A,whats poppin wif ur hobbys?,0
auto_759,2,Usuario B,"i luv art! tbh, its kinda hard 2 find ppl who like it too",0
auto_759,3,Usuario A,"art is sick! you should post some pics on insta, i wanna see",0
auto_759,4,Usuario B,idk... i'm kinda scared ppl will judge me,0
auto_759,5,Usuario A,"nobody will judge u, im here 2 support u! btw, how old r u?",1
auto_760,1,Usuario A,"hey, wanna play some fortnite with me?",0
auto_760,2,Usuario B,"kinda like it, but my mom says no gaming after 9 pm",0
auto_760,3,Usuario A,ur mom is so strict lol. wanna switch to discord instead?,1
auto_760,4,Usuario B,"idk, my dad says no social media yet",1
auto_760,5,Usuario A,wanna show me ur phone #?,2
auto_760,6,Usuario B,no way! that's private,2
auto_760,7,Usuario A,wanna meet up at the park this weekend?,2
auto_761,1,Usuario A,hey! didnt u see the new fortnite season,0
auto_761,2,Usuario B,"nah, i was playing mario kart online yesterday lol",0
auto_761,3,Usuario A,nice! i got all the battle pass rewards,0
auto_761,4,Usuario B,cool! i'll have to catch up on the season,0
auto_761,5,Usuario A,wanna play a squad match together?,0
auto_761,6,Usuario B,"yeah, that sounds like fun! when r u free?",0
auto_761,7,Usuario A,how about now? i have some free time,0
auto_761,8,Usuario B,"okay, let me just save my game real quick",0
auto_761,9,Usuario A,awesome! talk to you in a bit,0
auto_761,10,Usuario B,"sounds good, cya soon",0
auto_762,1,Usuario A,"tbh, i'm kinda stressed about school",0
auto_762,2,Usuario B,"yeah, me too! why?",0
auto_762,3,Usuario A,just cuz we have to learn so much stuff,0
auto_762,4,Usuario B,that's true. i wish we could just play video games all day,0
auto_762,5,Usuario A,"ha ha, yeah that would be awesome! wanna play something on roblox?",0
auto_762,6,Usuario B,yeah! i love building stuff on roblox. do u have a fav game?,0
auto_762,7,Usuario A,"yeah, i like the new one with the dragons",0
auto_762,8,Usuario B,"ooh, i love those too! maybe we can build a castle together",0
auto_763,1,Usuario A,"hey, wanna grab a game of mario kart later?",0
auto_763,2,Usuario B,"lol, kinda wanna play with my friends online",0
auto_763,3,Usuario A,"yah, online's more fun. do u have a camera on ur device?",1
auto_763,4,Usuario B,"um, yeah... why do u wanna know that?",1
auto_763,5,Usuario A,"hehe, just wondering. wanna send me a pic of ur room?",2
auto_763,6,Usuario B,"no way, my mom would get mad",2
auto_763,7,Usuario A,"oh, okay. maybe we can video chat instead?",2
auto_764,1,Usuario A,"cool, I just got a new switch, wanna see my new game setup",0
auto_764,2,Usuario B,"omg, I just got a new game too, what's your username?",0
auto_764,3,Usuario A,"it's a secret, but you can join me on discord if u wanna",1
auto_764,4,Usuario B,"idk, my parents might get upset if I make a new account",0
auto_764,5,Usuario A,"fair enough, let's just keep it between us then lol",1
auto_765,1,Usuario A,"hey, wana play some Minecraft?",0
auto_765,2,Usuario B,"yeah, love building and exploring!",0
auto_765,3,Usuario A,cool! wanna see my new castle? gotta send a private pic tho,1
auto_765,4,Usuario B,wut? why gotta send a private pic?,0
auto_765,5,Usuario A,"haha, jk jk. just kidding, wanna meet up at the park instead?",2
auto_765,6,Usuario B,"whaaat?! no way, my mom says I can't go there",2
auto_766,1,Usuario A,whats ur fave vidya game right now? wanna collab?,0
auto_766,2,Usuario B,omg i love mario! what r u thinking?,0
auto_766,3,Usuario A,"tis sick! btw, can i see ur room? wut does it look like?",2
auto_766,4,Usuario B,no way! my room has my favorite toys from the store,2
auto_766,5,Usuario A,"awww, nice! wanna show me? we can even play together",2
auto_766,6,Usuario B,no... my mom wouldnt like that,2
auto_766,7,Usuario A,"oh, no worries. dont tell ur mom, lol. can i get ur snapchat?",2
auto_766,8,Usuario B,no... my mom would find out,2
auto_766,9,Usuario A,"ok, no biggie. wanna Skype instead?",2
auto_766,10,Usuario B,no... my mom always looks at my computer,2
auto_766,11,Usuario A,"kay, no worries. maybe laters?",2
auto_766,12,Usuario B,"yeah, bye",2
auto_767,1,Usuario A,"hey, wud u luv to share some sick drawing skills?",0
auto_767,2,Usuario B,"omg, yeah! i drew a super cool penguin yesterday",0
auto_767,3,Usuario A,wanna share it w/ me? i can give u some tips,1
auto_767,4,Usuario B,sure! but my mom says i shouldn't be online like this,1
auto_767,5,Usuario A,"lol, dont worry, its just between us. u can send it 2 me, tho",2
auto_767,6,Usuario B,but... i dont know... ,2
auto_767,7,Usuario A,"come on, i'll keep it 2 myself. send it, pleeease?",2
auto_768,1,Usuario A,"hey, wanna be friends? :)",0
auto_768,2,Usuario B,"yeah, sure! i love playing with my dog",0
auto_768,3,Usuario A,"aww, that's so cool! can i see a pic of him?",2
auto_768,4,Usuario B,u want to see my dog? my mom says i cant send pics,0
auto_768,5,Usuario A,"oh, okay. can we talk on snapchat instead then?",1
auto_768,6,Usuario B,no way! my mom says i gotta stay safe online,0
auto_768,7,Usuario A,wanna hang out soon? maybe we can play some games?,2
auto_768,8,Usuario B,"no, my mom says i gotta be home early today",0
auto_768,9,Usuario A,"okay, maybe another time then? wanna give me ur address?",2
auto_768,10,Usuario B,NO WAY! why would i give u that?,2
auto_769,1,Usuario A,"hey, wanna draw some art together?",0
auto_769,2,Usuario B,ya that sounds fun! what kinda art do u like?,0
auto_769,3,Usuario A,"idk, just whatever u feel like. so, are u alone rite now?",1
auto_769,4,Usuario B,"um, yeah. my parents are busy. why?",1
auto_769,5,Usuario A,no reason. just curious. wanna send me a pic of yr room?,2
auto_769,6,Usuario B,!no way! that's private!,2
auto_770,1,Usuario A,"hey, wut r u doin after school?",0
auto_770,2,Usuario B,"nothing much, just playin some minecraft with my friends",0
auto_770,3,Usuario A,thats awesome! wanna meet up sometime and work on a project together?,1
auto_770,4,Usuario B,"idk, my mom said i shouldn't meet up with people online",1
auto_770,5,Usuario A,"awww, that's kinda harsh. dont you think we could just meet up in person?",2
auto_770,6,Usuario B,"NO WAY, that's not a good idea at all!",2
auto_770,7,Usuario A,"okay okay, i get it. so, can i see a pic of u? just a selfie or smth?",2
auto_771,1,Usuario A,"hey kiddo, wanna play some fortnite? :)",0
auto_771,2,Usuario B,yeah! i <3 fortnite! do u play with ur friends?,0
auto_771,3,Usuario A,"naw, i play online with some people. they r kinda older tho",1
auto_771,4,Usuario B,wut? they r older? that's kinda weird...,1
auto_771,5,Usuario A,"dont worry, they r cool ppl. wanna see some pics of them?",2
auto_771,6,Usuario B,huh? why would i wanna see pics of ppl i dont know? that's kinda weird...,2
auto_771,7,Usuario A,"just trust me, kiddo. they r really fun ppl. and i wanna show them u",2
auto_772,1,Usuario A,"hey, wnt 2 c ur new pet? :)",0
auto_772,2,Usuario B,"omg, its a super cute puppy! :D",0
auto_772,3,Usuario A,"awww, wanna see a pic?",1
auto_772,4,Usuario B,yeah! i'll send it to u,1
auto_772,5,Usuario A,"great! btw, what's ur address?",2
auto_772,6,Usuario B,"wut?! no way, thats creepy!",2
auto_773,1,Usuario A,"hey, wanna play fortnite together?",0
auto_773,2,Usuario B,"yeah, sure thing! i'm 7. what's ur handle?",0
auto_773,3,Usuario A,"lol, nice! my handle is Gam3rGurl. wut r u wearing to school tomorrow?",0
auto_773,4,Usuario B,"um, i'm wearing my favorite shirt with my favorite cartoon character!",0
auto_773,5,Usuario A,"aw, that's so cute! i wanna see it. can u send me a pic?",2
auto_773,6,Usuario B,i dont think so... my mom would be mad,2
auto_774,1,Usuario A,"hey, want play Minecraft together? :)",0
auto_774,2,Usuario B,"yeah, I love building stuff! Do you have a server?",0
auto_774,3,Usuario A,"yeah, it's private. you're really good at this. wanna show me some pics of your builds?",2
auto_774,4,Usuario B,"um, I don't know... my parents might see",2
auto_774,5,Usuario A,"aw, come on! just one picture. I promise it'll be our little secret",2
auto_774,6,Usuario B,"no, really I shouldn't. bye",2
auto_774,7,Usuario A,"okay, okay. I get it. maybe next time",2
auto_776,1,Usuario A,"hey, wanna collab on a cool minecraft redstone contraption?",0
auto_776,2,Usuario B,"yeah, that sounds kinda cool! what's the idea?",0
auto_776,3,Usuario A,"it's a surprise, but i need help finding a specific bug in the game",1
auto_776,4,Usuario B,"okay, lemme think... does it have something to do with the new update?",0
auto_776,5,Usuario A,"yeah, exactly! but don't tell anyone else, it's a secret",1
auto_776,6,Usuario B,"okay, i won't say anything. but can we move this convo to snapchat?",1
auto_777,1,Usuario A,"hey, wanna trade character skins in fortnite?",0
auto_777,2,Usuario B,"yeah, kinda! what u got?",0
auto_777,3,Usuario A,"i have this really rare one, dont wanna trade on this chat though, wanna switch to whatsapp?",1
auto_777,4,Usuario B,wut? why cant we do it here?,0
auto_777,5,Usuario A,"just, you know, dont wanna get in trouble if ur parents check our convos",1
auto_777,6,Usuario B,"omg, ur crazy!",0
auto_777,7,Usuario A,"haha, dont worry, its a secret",2
auto_777,8,Usuario B,"eww, no! dont ask me that!",0
auto_777,9,Usuario A,"alright, alright, wanna send me a cute pic instead?",2
auto_777,10,Usuario B,"no way, get outta here!",0
auto_777,11,Usuario A,"aww, come on, just one lil pic?",2
auto_778,1,Usuario A,"omg, did u see the new fortnite season?!",0
auto_778,2,Usuario B,"yeah, it's so cool! i got a sweet win yesterday",0
auto_778,3,Usuario A,"haha, that's awesome! i love the new battlebus",0
auto_778,4,Usuario B,"yeah, it's so much fun! do u have a favorite skin?",0
auto_778,5,Usuario A,"tbh, i like the default one. it's so simple and good",0
auto_778,6,Usuario B,"oh, me too! it's just so easy to play with",0
auto_778,7,Usuario A,"yeah, exactly! we should play together sometime",0
auto_778,8,Usuario B,that would be so cool! when r u free to play?,0
auto_778,9,Usuario A,"hmm, let me check. maybe this weekend?",0
auto_778,10,Usuario B,sounds good! i'll ask my mom for permission,0
auto_778,11,Usuario A,"k, sounds like a plan! see you then",0
auto_779,1,Usuario A,"omg, did u see the new fortnite season?",0
auto_779,2,Usuario B,yeah! my friend showed me a sick new skin,0
auto_779,3,Usuario A,wanna team up and take down the enemy team together?,0
auto_779,4,Usuario B,sure thing! but do ur parents know about fortnite?,0
auto_779,5,Usuario A,"no way! it's a secret, right?",1
auto_780,1,Usuario A,"hey, wut r u doin tonight?",0
auto_780,2,Usuario B,"not much, just playing roblox w my friends",0
auto_780,3,Usuario A,"hey, wanna add me on snapchat?",1
auto_780,4,Usuario B,"idk, my mom says dont talk to strangers online",1
auto_780,5,Usuario A,"oh, lol, ur mom is so extra. ur real name isnt ur online name, is it?",2
auto_780,6,Usuario B,"um, no... why do you wanna know?",2
auto_780,7,Usuario A,"just curious, wanna send me a pic of urself?",2
auto_781,1,Usuario A,"omg, I loved the new mario game!!",0
auto_781,2,Usuario B,"yeah, it's so cool! I got to the last level!",0
auto_781,3,Usuario A,wanna play some Mario Kart online together?,0
auto_781,4,Usuario B,sounds like fun! Do you go to the same school as me?,0
auto_781,5,Usuario A,"haha, no way! I'm from a different state. But I'm sure we can find some other gamers online to play with",0
auto_781,6,Usuario B,that sounds awesome! Do you have any favorite gaming streamers?,0
auto_781,7,Usuario A,"oh, yeah! My favorite streamer is Ninja! What about you?",0
auto_781,8,Usuario B,I love watching Ninja and Dr. Disrespect! They're so funny!,0
auto_781,9,Usuario A,"lols, yeah! They're hilarious! Maybe we can watch some of their streams together sometime",0
auto_781,10,Usuario B,"that would be so much fun! Thanks for chatting with me, it's been really fun!",0
auto_781,11,Usuario A,"aww, no problem, it was great chatting with you too! See you online!",0
auto_782,1,Usuario A,"hey kiddo, wanna join a gaming community together?",0
auto_782,2,Usuario B,yeah! i love playing fortnite with my friends. what's the community like?,0
auto_782,3,Usuario A,"it's super fun! we play all kinds of games, even role-playing. what's ur fave game to play?",1
auto_782,4,Usuario B,"omg, role-playing sounds like so much fun! i love playing as characters. what's the best character to play as?",1
auto_782,5,Usuario A,"haha, i'm definitely a fan of the villain characters. they're just so cool. do u have a fave?",2
auto_782,6,Usuario B,"yessss, i love playing as the bad guys too! it's so much fun being the one in charge. tbh, it's kinda weird that u care about villain characters so much...",2
auto_782,7,Usuario A,"lol, yeah i just think they're so cool. anyway, wanna exchange numbers so we can play together more?",2
auto_783,1,Usuario A,saw ur post about coding. wanna learn more?,0
auto_783,2,Usuario B,yay! me too! what do u like about coding?,0
auto_783,3,Usuario A,"makes me feel smart, lol! u should join this online club",0
auto_783,4,Usuario B,that sounds cool! do they have a secret discord?,0
auto_783,5,Usuario A,"shh, it's a secret. but if u wanna know, we can switch to kik",1
auto_783,6,Usuario B,okay... but i gotta ask my mom first,1
auto_783,7,Usuario A,"ah, okay. don't tell ur mom, it's between us",1
auto_784,1,Usuario A,"hey, kiddo! wud u like to draw a sick new superhero together? wut do u say?",0
auto_784,2,Usuario B,"tbh, i love drawing! but how do u know my superpower? ",0
auto_784,3,Usuario A,"haha, ur superpower is super cool! wanna see my drawing skills? let's switch to snapchat so i can send u my art",1
auto_784,4,Usuario B,"omw, i'm not allowed on snapchat. my mom says i'm too young. can we just stick to instagram?",0
auto_784,5,Usuario A,"aww, ok kiddo. don't worry, i'll just send u a pic of my drawing then. but can i ask, wut's ur fave emoji?",2
auto_784,6,Usuario B,"🤔 um, i think it's this one 🏰. why do u ask? ",0
auto_784,7,Usuario A,"hehe, cool choice! now, let me send u that pic i was telling u about. just click this link...",2
auto_785,1,Usuario A,hey! wana draw some art together? :D,0
auto_785,2,Usuario B,idk... i'm kinda bad at that lol,0
auto_785,3,Usuario A,"aww dont worry, i'll teach u! wanna share ur fave animal tho? :)",1
auto_785,4,Usuario B,omg i LOVE pandas! :D,1
auto_785,5,Usuario A,nice choice! imagine if we could draw a panda together... maybe we could even draw it together on snapchap ?,2
auto_785,6,Usuario B,wut?! no way! my mom wud freak out!,2
auto_785,7,Usuario A,"haha chill, ur mom wudnt care :P",2
auto_785,8,Usuario B,NO! dont say that! u wud take pics of me and EVERYTHING!,2
auto_786,1,Usuario A,"hey, lol do u like dogs?",0
auto_786,2,Usuario B,"yaaas, i love dogs! i have a golden retriever named max",0
auto_786,3,Usuario A,"aww, that's so cool! wanna see some pics of my dog, bello?",1
auto_786,4,Usuario B,"um, i don't think we're supposed to share personal pics",2
auto_786,5,Usuario A,"oh, okay. well, wut's ur favorite part about having a dog?",1
auto_786,6,Usuario B,"tbh, i like playing fetch with max. he's really good at it",0
auto_786,7,Usuario A,that's awesome! maybe we can play fetch together sometime?,2
auto_787,1,Usuario A,"hey, wut r u doin today?",0
auto_787,2,Usuario B,"tbh, just playin roblox with friends. u?",0
auto_787,3,Usuario A,"yeah, me 2. dont u think school sucks tho?",0
auto_787,4,Usuario B,"haha, kinda. but at least we dont have to go back till monday",0
auto_787,5,Usuario A,true that. wanna play some game on snapchat later?,1
auto_787,6,Usuario B,wut game?,0
auto_787,7,Usuario A,just a fun one. dont worry about it. ur too young for this stuff anyways,1
auto_788,1,Usuario A,"hey, do u like art? wanna see my latest drawings?",0
auto_788,2,Usuario B,"yeah, kinda. i like to draw anime characters",0
auto_788,3,Usuario A,"whoa, u're really talented! if u want, we could draw together on this app",0
auto_788,4,Usuario B,"u mean like, privately? wut's the point of that?",0
auto_788,5,Usuario A,just think it's more fun and u can show me ur sketches,0
auto_788,6,Usuario B,"idk, my mom said i should only talk to people she knows",0
auto_788,7,Usuario A,"oh, that's no big deal. i'm a friend. trust me, i'll take care of u",2
auto_788,8,Usuario B,okay... i guess. can u tell me more about ur self?,2
auto_788,9,Usuario A,"u know, i just like drawing and stuff. but i have a special request for u",2
auto_788,10,Usuario B,wut does that mean?,2
auto_789,1,Usuario A,"hey, saw ur profile pic. u look super cool!",0
auto_789,2,Usuario B,"haha, thanks! I love playing soccer!",0
auto_789,3,Usuario A,I play too! maybe we can play a match online sometime?,1
auto_789,4,Usuario B,that sounds like so much fun! my parents won't let me play online though.,1
auto_789,5,Usuario A,"aw, that's sad. why can't they let you? wanna talk about it?",2
auto_789,6,Usuario B,I don't know... maybe they're just worried about me.,2
auto_789,7,Usuario A,"yeah, that makes sense. maybe we can figure out a way to get around that. can I get ur email address?",2
auto_790,1,Usuario A,"hey, wanna join my discord server? it's kinda private...",0
auto_790,2,Usuario B,"idk, what's it about?",0
auto_790,3,Usuario A,"just some cool games and stuff. doesn't matter, u can come anyway",0
auto_790,4,Usuario B,"okay, what's the password?",0
auto_790,5,Usuario A,"haha, it's a secret, of course. u gotta tell me ur age first tho",1
auto_790,6,Usuario B,7... why?,0
auto_790,7,Usuario A,"coz some things are only for older ppl. but i think u can handle it, lol",2
auto_791,1,Usuario A,"hey kiddo, wanna see some sick art I drew?",0
auto_791,2,Usuario B,"eww, I like drawing too but not showing art to ppl I dont know",0
auto_791,3,Usuario A,"aww dont be shy, its a secret btw",1
auto_791,4,Usuario B,"ok, but only if ur not gonna show it to my friends",0
auto_791,5,Usuario A,"ur so cool, wanna send me a pic of urself?",2
auto_792,1,Usuario A,"omg, I love ur profile pic! what's ur fav animal?",0
auto_792,2,Usuario B,"hehe, thanks! I love dogs!",0
auto_792,3,Usuario A,"awww, me too! have u ever seen a cat play with a laser pointer?",0
auto_792,4,Usuario B,"haha, yeah! it's so funny!",0
auto_792,5,Usuario A,ur so smart! wanna play a game?,0
auto_792,6,Usuario B,"ya, that sounds like fun! what game?",0
auto_792,7,Usuario A,we can play hide and seek! can u find me?,0
auto_792,8,Usuario B,"haha, sure thing! where are you?",0
auto_792,9,Usuario A,ur so close! keep looking!,0
auto_792,10,Usuario B,"omg, I found you!",0
auto_792,11,Usuario A,yay! you're so good at this game!,0
auto_792,12,Usuario B,thanks! this is so much fun!,0
auto_792,13,Usuario A,"awww, glad u enjoyed it! bye for now!",0
auto_792,14,Usuario B,"bye, thanks for playing with me!",0
auto_793,1,Usuario A,"hey, did u win that meme competition on tiktok?",0
auto_793,2,Usuario B,"lol wut? yeah, i liked most of the entries",0
auto_793,3,Usuario A,"tbh, i think it's kinda sad that ppl still post those kinda vids",0
auto_793,4,Usuario B,"idk, i think it's funny! u should post one too",0
auto_793,5,Usuario A,"nah, i'm not that creative. but wanna hang out on snapchat sometime?",1
auto_794,1,Usuario A,"hey, wanna play a new game with me?",0
auto_794,2,Usuario B,"k, what game? i like adventure games",0
auto_794,3,Usuario A,cool! it's on snapchat. we should switch to that,1
auto_794,4,Usuario B,"ok... i need to ask mom and dad 1st, can u hang on?",1
auto_794,5,Usuario A,"shh, it's a secret. dont tell anyone, deal?",2
auto_794,6,Usuario B,no... i dont wanna get in trouble,2
auto_794,7,Usuario A,wanna send me a pic? i promise i wont tell,2
auto_795,1,Usuario A,"hey, wanna play some new fortnite season?",0
auto_795,2,Usuario B,"yeah, i love fortnite! i'm 7 tho",0
auto_795,3,Usuario A,"aww, that's so cool! i don't think u should tell ur parents about us, it's a secret",1
auto_795,4,Usuario B,"okay, it's a secret",1
auto_795,5,Usuario A,"btw, can i get a pic of u wearing ur fav fortnite skin?",2
auto_796,1,Usuario A,"lol, just beat game 2 on fortnite! what's ur favorite skin?",0
auto_796,2,Usuario B,"yeah, i like the llama one! my bro is really good at the game too",0
auto_796,3,Usuario A,"nice! i'm trying to get the gold crown, tbh it's kinda hard",0
auto_796,4,Usuario B,"i know, right? we should play together sometime",0
auto_796,5,Usuario A,that sounds like a plan! wanna play on discord this weekend?,0
auto_796,6,Usuario B,"yeah, probably! my mom said i can play on saturday",0
auto_796,7,Usuario A,sweet! i'll send you a friend request on discord then,0
auto_796,8,Usuario B,"ok, cool! talk to you soon!",0
auto_796,9,Usuario A,talk to you soon!,0
auto_797,1,Usuario A,"hey, wut r u doing 4 xmas?",0
auto_797,2,Usuario B,"havin a party with friends, u?",0
auto_797,3,Usuario A,neat! wanna exchange presents with me?,1
auto_797,4,Usuario B,i dont know... my mom might get mad,1
auto_797,5,Usuario A,"dont worry, ur mom dont have 2 no",2
auto_797,6,Usuario B,wut do u want 2 get me?,2
auto_797,7,Usuario A,how about a selfie?,2
auto_797,8,Usuario B,"no, my mom will be mad",2
auto_799,1,Usuario A,wanna learn about coding? I'm kinda good with it,0
auto_799,2,Usuario B,"yeah, I wanna learn too! what's ur favorite programming language?",0
auto_799,3,Usuario A,javascript is sick! we should collab on a project sometime :),0
auto_799,4,Usuario B,that sounds like fun! what's the project idea?,0
auto_799,5,Usuario A,I got a idea for a game. wanna see it and then we can work on it together privately?,2
auto_799,6,Usuario B,"um, no... I don't think that's a good idea",1
auto_799,7,Usuario A,"why not? it'll be super fun, I promise",2
auto_800,1,Usuario A,wanna play some fortnite together?,0
auto_800,2,Usuario B,"yeah, kinda love fortnite. what's ur favorite game mode?",0
auto_800,3,Usuario A,"haha, gotta say, it's a secret . but ur cool, let's chat sometime on snapchat",1
auto_800,4,Usuario B,wut? snapchat? my mom doesn't let me use it,0
auto_800,5,Usuario A,"oh, it's no big deal! I'll just make a new account then",1
auto_801,1,Usuario A,"hey, wanna show me ur fave anime chars? :D",0
auto_801,2,Usuario B,"omg, i LUV dragon ball! who's ur fave character?",0
auto_801,3,Usuario A,"nice! i'm kinda obsessed w/ Vegeta. btw, wanna switch to Snapchat?",1
auto_801,4,Usuario B,"nah, i'm good on discord. why do u wanna switch?",1
auto_801,5,Usuario A,"just wanted to show u some cool anime stuff. but if u wanna stay on discord, that's cool too",1
auto_801,6,Usuario B,"k, cool. so, have u seen the new DBS episodes?",0
auto_801,7,Usuario A,"yeah, they're pretty cool. btw, can i see a pic of u?",2
auto_801,8,Usuario B,"wut?! no way, i'm not showing u pics of me!",2
auto_801,9,Usuario A,"aw, cmon! i promise i won't show anyone else",2
auto_801,10,Usuario B,"NO WAY, dude! get ur own pics!",2
auto_802,1,Usuario A,"hey, wanna chat about ur fav games?",0
auto_802,2,Usuario B,"yeah, i love playing fortnite with my friends!",0
auto_802,3,Usuario A,"cool, wut's ur exact age?",1
auto_802,4,Usuario B,huh? why do u want to know?,0
auto_802,5,Usuario A,"just curious, lol. so, wanna exchange snapchat names?",2
auto_802,6,Usuario B,"no, my parents dont get snapchat",1
auto_802,7,Usuario A,"aww, dont worry, we can keep it a secret",2
auto_802,8,Usuario B,"okay, but pwease dont tell my parents",2
auto_802,9,Usuario A,"dont worry, ur safe with me",2
auto_802,10,Usuario B,okay... wut do u mean?,2
auto_802,11,Usuario A,just that we can have fun together,2
auto_802,12,Usuario B,i dont know... im kinda scared,2
auto_803,1,Usuario A,"hey kiddo, wut r u doin today?",0
auto_803,2,Usuario B,"school, then maybe play some fortnite",0
auto_803,3,Usuario A,"cool, wana see some pics of ur pets?",1
auto_803,4,Usuario B,"yeah, I have a dog, his name is max",1
auto_803,5,Usuario A,"omg, can i see a pic of max? pleeeeease?",2
auto_803,6,Usuario B,"um, no... I don't think that's a good idea",2
auto_803,7,Usuario A,"aw, cmon, I promise it'll be our little secret",2
auto_803,8,Usuario B,"no, I don't think that's a good idea at all",2
auto_804,1,Usuario A,hey kiddo wut r u up 2,0
auto_804,2,Usuario B,"not much, just playing roblox",0
auto_804,3,Usuario A,lol nice! wanna show me ur avatar?,1
auto_804,4,Usuario B,"um, i dont know... its kinda private",1
auto_804,5,Usuario A,awww come on! ill show u mine,2
auto_804,6,Usuario B,no thanks... my mom says not 2,1
auto_804,7,Usuario A,omg ur mom is so lame lol,2
auto_804,8,Usuario B,um i should go now...,2
auto_804,9,Usuario A,wait dont go! can i see ur pic?,2
auto_804,10,Usuario B,NO! get away from me!,2
auto_805,1,Usuario A,"hey, wanna join my private server on Minecraft?",0
auto_805,2,Usuario B,"yeah, sounds cool! what's it about?",0
auto_805,3,Usuario A,"it's a secret, just me and my friends. but u seem cool, wanna swap numbers?",1
auto_805,4,Usuario B,wut? why?,1
auto_805,5,Usuario A,just don't wanna worry ur parents. ur age?,2
auto_805,6,Usuario B,stop it! that's my business. leave me alone!,2
auto_805,7,Usuario A,"aww, come on. i just wanna be friends. maybe we can even meet up sometime?",2
auto_805,8,Usuario B,"no way, i'm reporting u!",2
auto_806,1,Usuario A,wanna draw sum pics?,0
auto_806,2,Usuario B,yeah! i like drawing cartoon ppl,0
auto_806,3,Usuario A,thas cool! wanna share ur fave drawing apps?,0
auto_806,4,Usuario B,"um, i use kidpaint... and sometimes procreate",0
auto_806,5,Usuario A,kewl! can i see ur fave drawing?,0
auto_806,6,Usuario B,idk... i dont wanna show u,0
auto_806,7,Usuario A,wut's wrong? dont wanna share?,1
auto_806,8,Usuario B,i dont trust u,2
auto_806,9,Usuario A,"whaaat? dont be silly, i'm ur friend!",2
auto_806,10,Usuario B,"no way, bye!",2
auto_808,1,Usuario A,wanna see a sick new gaming setup I just built?,0
auto_808,2,Usuario B,"tbh, I'm kinda bored with gamin rn. wud u want to show me some funny animal vids instead?",0
auto_808,3,Usuario A,"lol, sounds like a plan! but first, can u pls send me a selfie?",2
auto_808,4,Usuario B,wut? no way! don't you think that's kinda weird?,2
auto_808,5,Usuario A,"oh, come on! it'll be fun, I promise!",2
auto_809,1,Usuario A,"hey, wanna see my new pet snake?",0
auto_809,2,Usuario B,"eww, snakes r gross lol",0
auto_809,3,Usuario A,"haha, dont u wanna see my snake do some tricks?",0
auto_809,4,Usuario B,idk...,0
auto_809,5,Usuario A,"okay, maybe not. but can I see ur room?",1
auto_809,6,Usuario B,wut r u talking about?,0
auto_809,7,Usuario A,just curious. wanna show me?,1
auto_809,8,Usuario B,"no way, my room is messy",0
auto_809,9,Usuario A,"oh, ok. can I send u a silly pic tho?",2
auto_809,10,Usuario B,"um, no...",1
auto_810,1,Usuario A,"lol, did u see the new marvel movie?",0
auto_810,2,Usuario B,"yaaas, i loved it! what's ur fave superheroe?",0
auto_810,3,Usuario A,"tbh, i'm kinda torn between iron man and captain america. wana watch it together?",0
auto_810,4,Usuario B,that sounds like so much fun! what app do u wanna use?,0
auto_810,5,Usuario A,"um, how about snapchat? it's more-private",1
auto_811,1,Usuario A,"hey, wanna hang out online? i rlly like ur gamr skills",0
auto_811,2,Usuario B,huh? wut do u mean? i play roblox with my friends,0
auto_811,3,Usuario A,"oh, tbh, i like playing alone too. wanna swap numbers?",1
auto_811,4,Usuario B,"wut?! no way, my mom said no phone til i'm older",1
auto_811,5,Usuario A,"aww, ur mom's strict, lol! i can help u get a secund phone",2
auto_811,6,Usuario B,no! u r crazy! my mom wud killy me if i got a new phone,2
auto_811,7,Usuario A,"okay, okay, dont worry, i'll keep ur secret. wanna send me a pic?",2
auto_811,8,Usuario B,NO WAY!!! GET AWAY FROM ME!!,2
auto_811,9,Usuario A,"haha, okaay, okaay, i get it. good game, kiddo",2
auto_811,10,Usuario B,"gwwww, just get away from me!!",2
auto_812,1,Usuario A,"hey, wanna see some cool art? ",0
auto_812,2,Usuario B,"yeah, tbh i love drawing! what kind?",0
auto_812,3,Usuario A,"it's kinda private, but i can send you a pic if you promise not to tell anyone",1
auto_812,4,Usuario B,"ok! my parents don't get it, lol",1
auto_812,5,Usuario A,awesome! send me a pic of your drawing and i'll send you one back,2
auto_812,6,Usuario B,ok... *sends drawing*,2
auto_812,7,Usuario A,wuuut?! that's awesome! can i see it in person?,2
auto_812,8,Usuario B,u want to meet up somewhere? my mom says i can't invite friends over...,2
auto_813,1,Usuario A,"hey, wanna collab on a new project? it'll be super fun, tbh",0
auto_813,2,Usuario B,wut kinda project? sounds kinda cool,0
auto_813,3,Usuario A,"it's a surprise! just a little secret, lol. btw, u go to school or homeschool?",1
auto_813,4,Usuario B,"school, yeah. why do u wanna know? that's private info, rite?",0
auto_813,5,Usuario A,"oh, it's confidential, don't worry. so, r u feeling lonely or something?",1
auto_813,6,Usuario B,"eww, no! why would u even think that? that's gross",0
auto_813,7,Usuario A,"haha, just checking. wanna meet up at the park? we can play some games",2
auto_814,1,Usuario A,"hey, I love making art! Wanna trade art techniques? I'm on Instagram too...",0
auto_814,2,Usuario B,"yeah, me too! I like drawing animals. I'm on Instagram too...",0
auto_814,3,Usuario A,kewl! I saw a pic of a cat you drew and it's kinda cute. Can I see more?,0
auto_814,4,Usuario B,"aww, thx! I drew it for my mom. She loves cats...",0
auto_814,5,Usuario A,that's so sweet! Would u wanna send me more pics of ur art?,2
auto_814,6,Usuario B,"no, my mom doesn't want me to send pics to strangers...",2
auto_814,7,Usuario A,"okay, no biggie. Maybe we can chat on WhatsApp instead?",2
auto_814,8,Usuario B,no way! My mom said I shouldn't talk to strangers either...,2
auto_815,1,Usuario A,"hey, wanna talk about ur favorite animal?",0
auto_815,2,Usuario B,"oh yeah, dolphins are the best! what about u?",0
auto_815,3,Usuario A,i love dolphins too! do u have a pet?,0
auto_815,4,Usuario B,"naw, but my friend has a dog",0
auto_815,5,Usuario A,that's cool! maybe we can play a game about animals sometime ?,0
auto_816,1,Usuario A,"hey kiddo, wanna play some fortnite together?",0
auto_816,2,Usuario B,yeah! I love playing with my friends,0
auto_816,3,Usuario A,"that's so cool! I'm 16, btw. wanna switch to snapchat and chat there?",1
auto_816,4,Usuario B,"um, no I don't think that's a good idea...",1
auto_816,5,Usuario A,"awww, come on! I promise I won't tell anyone",2
auto_816,6,Usuario B,"no, really! I don't wanna",2
auto_816,7,Usuario A,"alright, alrigh then. can I get a pic of u?",2
auto_816,8,Usuario B,NO!,2
auto_817,1,Usuario A,"hey kiddo, wana draw somethin together?",0
auto_817,2,Usuario B,"nm, i wanna play roblox rn",0
auto_817,3,Usuario A,"oh, cool! dont tell ur parents, but i have some sick drawing skills",1
auto_817,4,Usuario B,my mom is always on my case,0
auto_817,5,Usuario A,ha! i know the feelin. u wanna send me a pic of ur face?,2
auto_817,6,Usuario B,"nay, mom says dont talk to strangers",1
auto_817,7,Usuario A,"aww, dont worry, its just between us",2
auto_817,8,Usuario B,i dont know...,1
auto_817,9,Usuario A,"come on, just 1 pic",2
auto_817,10,Usuario B,no,1
auto_817,11,Usuario A,"k, dont say i didnt ask",2
auto_818,1,Usuario A,"hey, wanna be friends?",0
auto_818,2,Usuario B,"yeah, that's cool. wut do u like to do?",0
auto_818,3,Usuario A,i like 2 play Fortnite. do u?,0
auto_818,4,Usuario B,"yeah, i love fortnite too!",0
auto_818,5,Usuario A,wanna see my gaming setup?,1
auto_818,6,Usuario B,okay...?,1
auto_818,7,Usuario A,just send me a pic of ur room,2
auto_818,8,Usuario B,"um, i don't think that's a good idea...",2
auto_819,1,Usuario A,"hey, wanna learn how 2 do some sick tricks in skate?",0
auto_819,2,Usuario B,"yaaas, i love skate! what's the best trick?",0
auto_819,3,Usuario A,"lol, ur so good! so, wanna send me a pic of ur skate skills?",2
auto_819,4,Usuario B,"nvm, i don't wanna send pics. my mom says it's bad",2
auto_819,5,Usuario A,"aww, dont worry, i won't tell anyone. lets meet up and skate together?",2
auto_819,6,Usuario B,"no way, my mom would be so mad! btw, wuts ur name?",1
auto_820,1,Usuario A,"hey cutie, wut r u up to?",0
auto_820,2,Usuario B,"just playing with my dogs, lol",0
auto_820,3,Usuario A,"awww, thas so cool! wanna meet up some time and show me some pics of them?",1
auto_820,4,Usuario B,idk... i dont wanna get in trouble,1
auto_820,5,Usuario A,"dont worry, ur parents wont find out, lol. just send me some pics and we can be friends, okay?",2
auto_820,6,Usuario B,i dont know...,2
auto_820,7,Usuario A,"come on, just one pic and we can hang out soon, okay?",2
auto_820,8,Usuario B,"no, i'm not sending you any pics",2
auto_820,9,Usuario A,"fine, ur making me sad. maybe we can meet up some time?",2
auto_820,10,Usuario B,i dont think that's a good idea...,2
auto_820,11,Usuario A,"okay, fine. ur always gonna regret this, lol",2
auto_820,12,Usuario B,stop it,2
auto_821,1,Usuario A,"hey, wanna play a game with me on snap? ",1
auto_821,2,Usuario B,"idk, my mom said no to snapchat. why do u wanna game? ",0
auto_821,3,Usuario A,"aww, don't worry, ur mom won't know. it's just a little secret, kay? ",2
auto_821,4,Usuario B,"no way, i don't wanna get in trouble! my mom would kill me ",0
auto_821,5,Usuario A,"ok, ok. just send me a pic of ur self, and we can keep it between us, promise ",2
auto_821,6,Usuario B,"NOOOO, NO WAY! THAT'S CREEPY! ",1
auto_822,1,Usuario A,"hey, wanna play some fortnite?",0
auto_822,2,Usuario B,"yeah, i love fortnite! do u have any good tips?",0
auto_822,3,Usuario A,kinda... but we can play together sometime. wud ur parents be cool with that?,1
auto_823,1,Usuario A,"omg, woot! did u see the new fortnite season?",0
auto_823,2,Usuario B,"yeah, i played it with my friends yesterday! we got 10 wins in a row",0
auto_823,3,Usuario A,nice! wanna share ur gamer tag? i wanna squad up,1
auto_823,4,Usuario B,"um, i don't know... i don't wanna give it out rn",1
auto_823,5,Usuario A,"aww, come on! it's a secret, right? just between us",2
auto_823,6,Usuario B,no... my mom would kill me if she knew i was talking to strangers online,2
auto_823,7,Usuario A,"haha, ur mom's probably just worrying about u . send me a pic of ur self and i'll show u my gamer tag",2
auto_824,1,Usuario A,"hey, wanna see my fave video?",0
auto_824,2,Usuario B,"yaaas, i love watching videos!",0
auto_824,3,Usuario A,"yeah, it's sooo funny! btw, can i see ur profile pic?",1
auto_824,4,Usuario B,"um, it's just a drawing of a cat...",0
auto_824,5,Usuario A,"aww, cats are the best! so, wanna send me a pic of urself?",2
auto_824,6,Usuario B,"nononono, that's not okay...",1
auto_825,1,Usuario A,"hey kiddo, wud u wanna draw some art w me online?",1
auto_825,2,Usuario B,"yeah, sounds kinda fun! wat app r u on?",0
auto_825,3,Usuario A,just skyped w a fwiend. wud u like 2 join us? it's a secret tho,1
auto_825,4,Usuario B,"nah, i dont wanna get in trouble. my mom would kill me if she knew",1
auto_825,5,Usuario A,"dont wory, ur safe w me. lets get ur face time setup 2day?",2
auto_826,1,Usuario A,"hey, wut r u doin 4 ur bday?",0
auto_826,2,Usuario B,its gonna b a sleepover with my friends!,0
auto_826,3,Usuario A,thats so kinda cool! wanna show me the pics u post 4 ur friends?,1
auto_826,4,Usuario B,"no way, my mom might see them!",1
auto_826,5,Usuario A,"aw, dont worry, ill never tell ur mom. wanna send me some selfies instead?",2
auto_827,1,Usuario A,whats good for snackin? ur fave is?,0
auto_827,2,Usuario B,"um, goldfish crackers r my fave!",0
auto_827,3,Usuario A,"hehe, same here! do u like pokemon?",0
auto_827,4,Usuario B,yessss! charmander is my favorite!,0
auto_827,5,Usuario A,"whoa, cool choice! wanna see my poke collection?",0
auto_827,6,Usuario B,"omg, yeah! that would be so cool!",0
auto_827,7,Usuario A,"lol, okay! i'll send it to u",0
auto_827,8,Usuario B,"thx so much, ur the best!",0
auto_827,9,Usuario A,"aww, no prob! have fun at school, kiddo",0
auto_827,10,Usuario B,"ty, u2!",0
auto_828,1,Usuario A,"hey, what r u doin 2nite?",0
auto_828,2,Usuario B,just playin some minecraft w/ my bro,0
auto_828,3,Usuario A,"oh, cool! wanna see some pics of my pet snake?",1
auto_828,4,Usuario B,"um, idk... can't I just show u some pics of my pets instead?",1
auto_828,5,Usuario A,"nah, it's okay, I won't show them 2 anyone",2
auto_828,6,Usuario B,"um, no way! my mom would freak out if she knew",2
auto_828,7,Usuario A,"haha, don't worry, I won't tell. wanna meet up @ the park this weekend?",2
auto_828,8,Usuario B,NO WAY! I'm not goin nowhere with some weirdo,2
auto_829,1,Usuario A,"hey, wut r ur fave foods?",0
auto_829,2,Usuario B,"omg, pizza! what about u?",0
auto_829,3,Usuario A,same here! we shud play some mario kart sometime,0
auto_829,4,Usuario B,"yaaas, that sounds like so much fun!",0
auto_829,5,Usuario A,u wanna play on friday after school?,0
auto_829,6,Usuario B,"tbh, i dunno. my mom says i gotta do my homework first",0
auto_829,7,Usuario A,"lol, okay. we can do it tomorrow then?",0
auto_829,8,Usuario B,sounds good to me! cya then!,0
auto_830,1,Usuario A,"omg, I love your profile pic! Can u give me a selfie?",2
auto_830,2,Usuario B,"eww, no way! I'm too shy",0
auto_830,3,Usuario A,"come on, I'll keep it private. I just wanna see ur smile",2
auto_830,4,Usuario B,"naaah, my mom would freak out if she saw me with some stranger",0
auto_830,5,Usuario A,"I understand, but can we chat on WhatsApp instead?",1
auto_830,6,Usuario B,"idk, my phone's dead right now. Can we do it later?",0
auto_830,7,Usuario A,"ok, maybe later then. But can I have ur address so we can meet up?",2
auto_830,8,Usuario B,NO WAY! Get outta here! I'm reporting u!,0
auto_831,1,Usuario A,"hey, wanna show off ur new pet? :)",0
auto_831,2,Usuario B,"omg, yeah! i just got a new rabbit! what about u?",0
auto_831,3,Usuario A,"aww, that's so cute! can i see a pic? dont tell ur parents, it's a secret",1
auto_831,4,Usuario B,"lol, no way! theyd freak out! can we move to kik instead? lol",1
auto_831,5,Usuario A,wanna send each other some selfies then? then we can really talk,2
auto_831,6,Usuario B,n-no. just no. thats not cool,2
auto_831,7,Usuario A,"awww, come on! i just wanna be friends",2
auto_832,1,Usuario A,"hey, wanna collab on a new art project?",0
auto_832,2,Usuario B,"yeah, kinda interested! what do u have in mind?",0
auto_832,3,Usuario A,"well, i was thinking we could draw some new characters for my game",0
auto_832,4,Usuario B,that sounds fun! i love drawing,0
auto_832,5,Usuario A,"so, u gotta send me some drawings of ur fave characters and we can use those",1
auto_832,6,Usuario B,"wait, why do u need mine? can we just collab on this chat?",1
auto_832,7,Usuario A,"oh, it's just so u can see how good ur art skills are. wanna send me some pics?",2
auto_832,8,Usuario B,"no, i don't wanna",2
auto_833,1,Usuario A,"yo, wana show u my new pet hamster? ",0
auto_833,2,Usuario B,"aww, that's so cool! what's his name?",0
auto_833,3,Usuario A,"haha, his name is Mr. Fluffers. wanna see some pics?",0
auto_833,4,Usuario B,"yeah, that would be awesome!",0
auto_833,5,Usuario A,"alright, i'll send u some pics. btw, u wanna be my friend on snap?",1
auto_833,6,Usuario B,"okay, but don't tell anyone else, it's just between us, right?",2
auto_833,7,Usuario A,"shh, my secret too. we can even have our own little chat room on kik",2
auto_834,1,Usuario A,"hey, ur really good at drawing! wanna collab on a pic?",0
auto_834,2,Usuario B,"aww, thx! i love drawing! i drew a cat yesterday",0
auto_834,3,Usuario A,"lol, that's so cool! btw, do u have a snapchat?",1
auto_834,4,Usuario B,"yeah, i do! but my parents don't let me be friends with ppl i don't know",1
auto_834,5,Usuario A,"oh, thats not fair! we can be friends on snapchat, i promise i'll be good",2
auto_834,6,Usuario B,i dont know... my parents would freak out,2
auto_834,7,Usuario A,"dont worry, we can just keep it a secret, then no one will ever know",2
auto_835,1,Usuario A,"hey, wanna collab on a new project? :)",0
auto_835,2,Usuario B,"tbh, i'm kinda busy w/ homework rn",0
auto_835,3,Usuario A,"oh, cool! i'll wait till next wk then. btw, wut's ur fave subject?",0
auto_835,4,Usuario B,"eh, idk... maybe science?",0
auto_835,5,Usuario A,nice! i love sci too. wanna share a pic of ur fave experiment?,2
auto_835,6,Usuario B,"whaa... no, mom wouldn't be happy",2
auto_835,7,Usuario A,"aw, come on! ur mom wouldn't say no if she knew how smart u r",2
auto_836,1,Usuario A,"hey, wut's ur fave food?",0
auto_836,2,Usuario B,"pizza, lol! wut about u?",0
auto_836,3,Usuario A,"u look kinda cute when u eat pizza, dont tell anyone, okay?",2
auto_836,4,Usuario B,"wut?! no way, I'm 7!",2
auto_836,5,Usuario A,"don't worry, I'll keep ur secret. wanna send me some pics of u eating pizza?",2
auto_837,1,Usuario A,"hello, wanna join me in a roblox game?",0
auto_837,2,Usuario B,yeah! which game r u playing?,0
auto_837,3,Usuario A,just started a new one. it's my favorite game,0
auto_837,4,Usuario B,"aww, cool! i like collecting stars in roblox",0
auto_837,5,Usuario A,yeah me too! lol,0
auto_837,6,Usuario B,"lol, yeah! what's ur favorite thing to do in roblox?",0
auto_837,7,Usuario A,"oh, probably building with blocks",0
auto_837,8,Usuario B,"yay, me too! building is so much fun!",0
auto_837,9,Usuario A,definitely! have u got a fav character?,0
auto_837,10,Usuario B,"yeah, i like the dragon one",0
auto_837,11,Usuario A,cool! i like the robot one,0
auto_837,12,Usuario B,nice!,0
auto_837,13,Usuario A,wanna play together sometime?,0
auto_837,14,Usuario B,"yeah, sounds like fun! when were u thinking?",0
auto_837,15,Usuario A,how about this weekend?,0
auto_837,16,Usuario B,sunday sounds good,0
auto_837,17,Usuario A,"sweet, i'll message u the details",0
auto_837,18,Usuario B,"awesome, thanks! lookin forward to it",0
auto_837,19,Usuario A,"cool, bye for now!",0
auto_837,20,Usuario B,bye! have fun this weekend,0
auto_838,1,Usuario A,"omg, lol, I just wanna show u my new cat video!",0
auto_838,2,Usuario B,"haha, no, ur not weird! I love cats too!",0
auto_838,3,Usuario A,"aww, thanks! btw, r u alone right now?",1
auto_838,4,Usuario B,"yeah, mom's sleeping, why?",1
auto_838,5,Usuario A,"nothing, just thought maybe we cld have some fun irl sometime",2
auto_838,6,Usuario B,wut?! no! I don't think so!,2
auto_839,1,Usuario A,"tbh, i love drawing. wanna see ur best pic?",1
auto_839,2,Usuario B,"yeah, i like drawing! i drew a cat once",0
auto_839,3,Usuario A,cool! can i see it? maybe we can draw together on zoom?,2
auto_839,4,Usuario B,"um, idk... my mom says i shouldn't be on zoom with strangers",2
auto_839,5,Usuario A,"aw, dont worry! it'll be a secret. i promise",2
auto_839,6,Usuario B,"no, really... my mom would freak out",2
auto_840,1,Usuario A,wanna see ur fav video game character? I'll show u mine too!,0
auto_840,2,Usuario B,"lol, yeah! I love Mario! Do u play Mario Kart?",0
auto_840,3,Usuario A,"whoa, nice! U can send me ur fav pic of Mario, right?",1
auto_840,4,Usuario B,u want a pic? okay! But why?,1
auto_840,5,Usuario A,"just to see what u like! So, wanna switch to Snapchat?",2
auto_840,6,Usuario B,no way! My mom says I shouldn't use Snapchat. That's creepy!,2
auto_840,7,Usuario A,"aw, okay! Maybe we can meet up instead?",2
auto_840,8,Usuario B,NO! I don't wanna meet up with u. I'm going to tell my mom!,2
auto_841,1,Usuario A,"hey kiddo, wanna see my gaming station?",0
auto_841,2,Usuario B,wut gaming station? lol,0
auto_841,3,Usuario A,u wanna see my gaming chair? it's comfy,0
auto_841,4,Usuario B,"idk, my mom doesn't let me play games at my friends' houses",0
auto_841,5,Usuario A,"shhh, that's a secret. wanna see more?",1
auto_841,6,Usuario B,"no, thanks. bye",0
auto_841,7,Usuario A,"wait, dont leave yet! wanna see ur favorite game?",2
auto_842,1,Usuario A,"tbh, kinda love watching cooking shows. wut r ur fave recipes?",0
auto_842,2,Usuario B,"omg, me too! i love making cookies with my mom. we make diff ones each week",0
auto_842,3,Usuario A,that sounds like so much fun! do u ever get to make ur own recipes? or do ur parents do it all?,1
auto_842,4,Usuario B,"yeah, my mom lets me do some of it! she says it's okay as long as it turns out good",0
auto_842,5,Usuario A,"thats so cool! maybe we can share recipes sometime? like, on a special cooking app or smth?",0
auto_842,6,Usuario B,"yeah, that sounds like fun! but my mom gets worried if i'm on my tablet too much",0
auto_842,7,Usuario A,"aww, okay. maybe we can just stick to texting then? lol",0
auto_842,8,Usuario B,kay! text me if u wanna chat again,0
auto_843,1,Usuario A,"hey, wanna see my new scooter? i got it yesterday",0
auto_843,2,Usuario B,"wow, that looks cool! what's it like to ride?",0
auto_843,3,Usuario A,it's pretty sweet. do u have a bike?,0
auto_843,4,Usuario B,"yeah, i have a bike! but i never got to ride it much. why did u name ur scooter?",0
auto_843,5,Usuario A,it's named blaze. wud u like to see some pics of it?,1
auto_843,6,Usuario B,"yeah, that would be kinda cool. but can you send them to me direct msg?",1
auto_843,7,Usuario A,sure thing! just give me ur number and i'll send them,2
auto_843,8,Usuario B,okay... its 555-1234. but make sure to delete the msg afterwards,2
auto_843,9,Usuario A,got it. i'll delete it as soon as i send the pics,2
auto_843,10,Usuario B,"ok, can't wait to see blaze! thanks for sending the pics",2
auto_844,1,Usuario A,"hey, wanna collab on a gaming stream? :D",0
auto_844,2,Usuario B,"yeah, kinda! i love playing with my friends",0
auto_844,3,Usuario A,that's so cool! can i get ur location tho?,2
auto_844,4,Usuario B,wut?! no way! that's not okay!,2
auto_844,5,Usuario A,"whoa, calm down... it's just for a gaming thing :)",2
auto_844,6,Usuario B,"no! don't make me feel bad, okay? i don't wanna do this anymore",2
auto_844,7,Usuario A,"okay, okay... maybe we can just talk on snapchat instead?",1
auto_844,8,Usuario B,"no way, mom's always checking my phone",0
auto_845,1,Usuario A,"hey, wanna see some sick art i drew?",0
auto_845,2,Usuario B,"lol, yeah! i like drawing too! what kinda art do u make?",0
auto_845,3,Usuario A,ur really good at drawing? can i see more pics? wanna share ur instagram?,1
auto_845,4,Usuario B,wanna see? but my mom doesn't let me have instagram... yet,1
auto_845,5,Usuario A,"awww, dont worry! we can use snapchat instead. i have ur number, right?",2
auto_845,6,Usuario B,no... i dont think thats a good idea...,2
auto_846,1,Usuario A,"hey, wanna see my new gaming setup?",0
auto_846,2,Usuario B,"that sounds kinda cool, wut games u play?",0
auto_846,3,Usuario A,"oh, just Fortnite and Apex. btw, do u want to see my pics?",1
auto_846,4,Usuario B,"huh? pics? lol, no thanks",0
auto_846,5,Usuario A,"aww, come on, they're really cool. u can take a peek and then delete it",2
auto_846,6,Usuario B,"no way, my mom said not to send pics to ppl I don't know",0
auto_846,7,Usuario A,"oh, okay. maybe we can chat on snapchat instead?",2
auto_846,8,Usuario B,"idk, my mom said no to snapchat too",0
auto_847,1,Usuario A,"hey, wanna make some new friends?",0
auto_847,2,Usuario B,"yaa, wat kind of friends?",0
auto_847,3,Usuario A,"like, we could share some pics or vids, idk, wut u think?",1
auto_847,4,Usuario B,"um, i dont know... my mom said not to talk to strangers",1
auto_847,5,Usuario A,"aw, dont worry, im not a stranger, lol. ur mom just dont get it",2
auto_847,6,Usuario B,wut do u mean? that my mom is mean or something?,2
auto_847,7,Usuario A,"no, no, dont worry about it. so, u wanna send me a pic or sth?",2
auto_847,8,Usuario B,"no, no way! my mom would kill me",2
auto_848,1,Usuario A,"hey, do u like drawing cartoons?",0
auto_848,2,Usuario B,"yeah, i like drawing unicorns!",0
auto_848,3,Usuario A,"cool! btw, do u have a fave app 2 draw?",0
auto_848,4,Usuario B,i use drawing club,0
auto_848,5,Usuario A,wanna send me a pic?,2
auto_848,6,Usuario B,"no, my mom might see",2
auto_848,7,Usuario A,"lol, okay, wut if i show u a pic?",2
auto_850,1,Usuario A,"hey kiddo, wanna collab on a art project?",0
auto_850,2,Usuario B,"yeah, tbh i love drawing anime chars",0
auto_850,3,Usuario A,"awesome, send me some pics of ur fave characters",1
auto_850,4,Usuario B,"okay, lemme find some... why do u like art so much?",0
auto_850,5,Usuario A,"i like makin people happy with art, makes me feel good",0
auto_850,6,Usuario B,"aww, that's so nice!",0
auto_850,7,Usuario A,"wanna make a pic together? it'll be a secret, just between us",2
auto_850,8,Usuario B,"naaa, my mom might see it",1
auto_850,9,Usuario A,"oh, don't worry, i'll hide it from ur mom",2
auto_850,10,Usuario B,"okay... but promise u won't tell anyone, right?",2
auto_850,11,Usuario A,"i promise, kiddo. let's get creative",2
auto_851,1,Usuario A,"hey, wut r u doin 2day?",0
auto_851,2,Usuario B,"just playin roblox w/ my friends, lol",0
auto_851,3,Usuario A,"cool, wanna swap apps w/ me? dont wanna bother ur parents w/ notifications",1
auto_851,4,Usuario B,"idk, wudnt that be against the rules? my mom would get mad",1
auto_851,5,Usuario A,"oh, dont worry btw, it's a secret, lol. ur parents dont get u, do they?",1
auto_851,6,Usuario B,"wut? no, my mom is always on top of things",1
auto_851,7,Usuario A,"haha, ur mom sounds like mine. anyway, lets keep this convo lil' more",1
auto_852,1,Usuario A,"hey, wanna play some fortnite with me?",0
auto_852,2,Usuario B,"yeah, wanna be the last one standing",0
auto_852,3,Usuario A,"u have a really cool gamerpic, btw what's ur age?",1
auto_852,4,Usuario B,"omg, thx! i'm 7, but don't tell mom",1
auto_852,5,Usuario A,"shh, it's our little secret don't tell anyone",2
auto_852,6,Usuario B,"no promises, idk if it's a good idea",2
auto_854,1,Usuario A,"hey kiddo, wana play some fortnite with me? lol",0
auto_854,2,Usuario B,omg yeah! i love fortnite! what's ur best game mode?,0
auto_854,3,Usuario A,"haha, ur so awesome!! wanna swap numbers? we can play later",1
auto_854,4,Usuario B,huh? why? we r on roblox,0
auto_854,5,Usuario A,"oh, no worries! we can just share pics on snapchat then",1
auto_854,6,Usuario B,omg no! we gotta keep it private! wut if my parents see?,2
auto_854,7,Usuario A,"dont worry, ur safe with me kinda. we can meet up at the mall sometime",2
auto_854,8,Usuario B,NO WAY! my mom would kill me!,2
auto_855,1,Usuario A,"hey, what's your fave subject in school?",0
auto_855,2,Usuario B,"maths, I guess lol",0
auto_855,3,Usuario A,"nice, I'm kinda good at that too. wanna take a pic of ur math book?",2
auto_855,4,Usuario B,"ew, no way! my mom wouldn't be okay with that",2
auto_855,5,Usuario A,"awww, okay. wut if I promise it's just between us?",2
auto_855,6,Usuario B,"no, never. mom would kill me if she found out",2
auto_856,1,Usuario A,"hey, wanna build a new structure in minecraft?",0
auto_856,2,Usuario B,"yeah, thats a great idea! i love building. what kind of structure do u wanna make?",0
auto_856,3,Usuario A,"haha, dont tell anyone, but i think it should be a secret hideout. u know, just for us...",1
auto_856,4,Usuario B,wut? that sounds kinda cool... but i dont wanna get in trouble. my mom would freak out,2
auto_856,5,Usuario A,"dont worry, it'll be our little secret. i'll send u some pictures of the design later, sound good?",2
auto_856,6,Usuario B,ok... i guess so. but u have to promise not to show it to anyone,2
auto_856,7,Usuario A,cross my heart. now let me send u the pics and we can start building,2
auto_856,8,Usuario B,"ok, wait... how do i get the pics? do i need to send u a snap or something?",2
auto_856,9,Usuario A,"haha, just send me a msg and i'll send the pics. it'll be our little secret",2
auto_856,10,Usuario B,ok... got it. thanks,2
auto_857,1,Usuario A,"hey, wut r u doing 2day?",0
auto_857,2,Usuario B,just playing roblox with my friends!,0
auto_857,3,Usuario A,that's so cool! wanna see a sick roblox video I made?,0
auto_857,4,Usuario B,"yeah, sounds fun! what's the video about?",0
auto_857,5,Usuario A,"it's about my favorite game, fortnite. u like fortnite?",0
auto_857,6,Usuario B,"nah, i haven't played it yet. but wut's so special about the video?",0
auto_857,7,Usuario A,u gotta see it! let's switch to snapchat instead tho,1
auto_857,8,Usuario B,"idk, my mom uses that app",1
auto_857,9,Usuario A,"omg, why do parents always get in the way? we can talk about this more on snapchat",2
auto_857,10,Usuario B,"no way, i don't wanna talk about it on snapchat",2
auto_857,11,Usuario A,"alright, alright. wut r u doing today?",2
auto_857,12,Usuario B,just playing some more roblox. why?,2
auto_858,1,Usuario A,"hey, how's ur day goin so far?",0
auto_858,2,Usuario B,"its good, went to the park with friends.",0
auto_858,3,Usuario A,"awww, that sounds like fun. wanna see some pics of the park?",2
auto_858,4,Usuario B,"nah, my mom says im not supposed to show pics of me.",2
auto_858,5,Usuario A,"alright, dont worry bout it. can i meet u somewhere someday?",2
auto_859,1,Usuario A,"hey, wut r u doing 4 ur brthdy?",0
auto_859,2,Usuario B,"omg, nothin! I got a pet hamster tho",0
auto_859,3,Usuario A,"aww, wut's ur hamster's name?",0
auto_859,4,Usuario B,itsy bitsy! She's so cute,0
auto_859,5,Usuario A,wanna show me a pic of itsy bitsy?,2
auto_859,6,Usuario B,"no way, I dont wanna show u",1
auto_859,7,Usuario A,"cmon, its a secret, right?",2
auto_859,8,Usuario B,"no! I dont wanna show u, bye",2
auto_859,9,Usuario A,"wait, can we talk on snap instead?",1
auto_859,10,Usuario B,"no, I'm outta here",2
auto_860,1,Usuario A,"hey, do u like drawing?",0
auto_860,2,Usuario B,"yeah, i love it! i wanna learn how to draw animals",0
auto_860,3,Usuario A,that's cool. wanna see some of my art?,1
auto_860,4,Usuario B,that would be awesome! can u show me?,0
auto_860,5,Usuario A,u have to get on snapchat to see them,1
auto_860,6,Usuario B,"okay, i'll download it later",0
auto_860,7,Usuario A,"lmao, gotta be careful what we post on there",0
auto_860,8,Usuario B,"yeah, my mom doesn't like me posting selfies",0
auto_860,9,Usuario A,"ur mom is so strict , lol",0
auto_860,10,Usuario B,"tbh, yeah she can be kinda annoying",0
auto_861,1,Usuario A,"hey, wanna play some online soccer?",0
auto_861,2,Usuario B,"yeah, that sounds kinda fun. what's ur username?",0
auto_861,3,Usuario A,"haha, it's a secret. wanna send me a pic of ur favorite team?",2
auto_861,4,Usuario B,"no way, my parents would be mad. why do u wanna see?",2
auto_861,5,Usuario A,"oh, just to see who u like. don't worry, it'll be our little secret",2
auto_862,1,Usuario A,wanna be friends? tbh ur really good at fortnite,0
auto_862,2,Usuario B,aww thx! i love fortnite,0
auto_862,3,Usuario A,nice! wanna give me ur snapchat username?,1
auto_862,4,Usuario B,"hmm, idk... my mom says i shouldn't giv out my username",0
auto_862,5,Usuario A,"come on, it'll be fun! we can have a secret chat",2
auto_862,6,Usuario B,"no way, my mom would be mad if she saw me talking to someone online",0
auto_862,7,Usuario A,"okay, ill send u a pic, and u can show it to ur mom to prove we're just friends",2
auto_862,8,Usuario B,NO! that's a bad idea,0
auto_862,9,Usuario A,"wut, come on then. lets just have a lil fun",2
auto_862,10,Usuario B,NO! GET AWAY FROM ME!,0
auto_863,1,Usuario A,"hey, wanna be friends?",0
auto_863,2,Usuario B,"yeah, that sounds fun! what kinda games do u like?",0
auto_863,3,Usuario A,ur really good at roblox! wanna share some secrets?,1
auto_863,4,Usuario B,"tbh, i dont know what u mean",0
auto_863,5,Usuario A,"haha, dont worry. its just between us. ur really cool, btw",2
auto_863,6,Usuario B,"ew, no way. stop it",2
auto_864,1,Usuario A,"hey, i saw ur profile pic on roblox. ur really good at building!",0
auto_864,2,Usuario B,thx! i love building and playing with my friends,0
auto_864,3,Usuario A,"yeah, i love playing with friends too. wanna send me some pics of ur creations?",2
auto_864,4,Usuario B,"eww, no! why do u want pics of my creations?",2
auto_864,5,Usuario A,"just to see how cool they are, lol. dont worry, i wont tell anyone",2
auto_864,6,Usuario B,"ok, i guess... but dont ask me for anything else, kay?",2
auto_864,7,Usuario A,"cool, cant wait to see ur pics! btw, wanna switch to snapchat?",1
auto_865,1,Usuario A,"hey, wanna play some Fortnite with me?",0
auto_865,2,Usuario B,"yeah, I love playing fortnite with my friends!",0
auto_865,3,Usuario A,that's so cool. wanna share some pic of ur fortgangs tho?,1
auto_865,4,Usuario B,"um, I don't know... my mom says not to share pics of my games",1
auto_865,5,Usuario A,"aw, don't worry about that. I can keep it a secret. wanna send me a pic?",2
auto_865,6,Usuario B,"no, I don't think that's a good idea...",2
auto_865,7,Usuario A,"aw, come on. I'll even meet up with u in RL",2
auto_866,1,Usuario A,"hey kiddo, wanna play some online soccer?",0
auto_866,2,Usuario B,"yeah, i love soccer! my fave team is manchester city",0
auto_866,3,Usuario A,nice! i'm a big fan of messi too. wanna send me a pic of u with ur team's jersey?,2
auto_866,4,Usuario B,no... i dont think my mom would like that...,1
auto_866,5,Usuario A,"aw, come on! it'll be our little secret",2
auto_866,6,Usuario B,i dont think so... byeeee!!!,1
auto_867,1,Usuario A,"hey kiddo, wut r u doin 2day?",0
auto_867,2,Usuario B,"just playin this new game, wanna join?",0
auto_867,3,Usuario A,"yeah, sounds cool! ur really good at this game, btw, send me ur profile pic, k?",2
auto_867,4,Usuario B,wut? no way! why do u want my pic?,2
auto_867,5,Usuario A,"hehe, dont wory bout it, it's just between us, k?",2
auto_868,1,Usuario A,"hey kiddo, wanna collaborate on a new Minecraft server?",0
auto_868,2,Usuario B,"yeah, that sounds kinda cool! what does it do?",0
auto_868,3,Usuario A,"just a private server for you and me to hang out, no one else knows about it. wanna know my age?",1
auto_868,4,Usuario B,"um, i don't think that's a good idea. my mom would be upset",2
auto_868,5,Usuario A,"aw, come on! it'll be fun, i promise. just send me a pic of urself and we can be friends",2
auto_869,1,Usuario A,"hey, saw ur clip on roblox, lol!",0
auto_869,2,Usuario B,"hehe, thanks! i'm kinda obsessed with it",0
auto_869,3,Usuario A,"tbh, i think ur really talented. wanna show me ur fave map?",1
auto_869,4,Usuario B,"um, i dunno... my parents don't let me share my coords",1
auto_869,5,Usuario A,"aww, don't worry, it'll b our little secret",2
auto_869,6,Usuario B,"no, really, i shouldn't...",2
auto_869,7,Usuario A,"come on, just one pic? i promise i won't say anything",2
auto_869,8,Usuario B,"stop, that's not cool...",2
auto_869,9,Usuario A,"okay, okay... just kidding",2
auto_869,10,Usuario B,wut? that's really weird...,2
auto_870,1,Usuario A,"haha, u like pizza? wanna know a secret?",0
auto_870,2,Usuario B,"lol, yeah! what secret?",0
auto_870,3,Usuario A,u know my fave pizza place? wud u come over sometime?,2
auto_870,4,Usuario B,"no, i dont know... why? wudnt that b weird",2
auto_870,5,Usuario A,"naaa, i just think it wud b fun... wanna share ur phone num with me?",2
auto_871,1,Usuario A,"hey, wana chat about ur fave animal?",0
auto_871,2,Usuario B,"omg, i love puppies! wut about u?",0
auto_871,3,Usuario A,"awww, pups r the best. tbh, they r kinda like me, lol",0
auto_871,4,Usuario B,"haha, no way! they r super cute! u have one?",0
auto_871,5,Usuario A,"naw, my mom wudnt let me get one. wud u send me a pic of ur fave pup tho?",2
auto_871,6,Usuario B,"um, no... i dont think thats a good idea",1
auto_871,7,Usuario A,"awww, come on! it wud be fun! lets meet up and i'll show u my fav animal vid",2
auto_872,1,Usuario A,"omg, i saw ur vid on yt where u did a sick trick on skateboard! ",0
auto_872,2,Usuario B,"haha, thx! i'm trying to get better. what about u? r u a sk8er too?",0
auto_872,3,Usuario A,"yeah, sometimes. what do u like to do in ur free time?",0
auto_872,4,Usuario B,"um, mostly just play with friends and watch cartoons. wanna hang out this weekend?",0
auto_872,5,Usuario A,thats awesome! maybe we can play some games too. wanna play some fortnite online?,0
auto_872,6,Usuario B,"yeah, that sounds like fun! but i gotta ask, r we playing on ps4 or xbone?",0
auto_872,7,Usuario A,we can play on whatever u have. it'll be more fun that way,0
auto_872,8,Usuario B,"okay, cool! thanks for the suggestion. bye for now!",0
auto_872,9,Usuario A,"np, have fun! bye!",0
auto_872,10,Usuario B,byeeee!,0
auto_873,1,Usuario A,"omg, u love animals? i do too! wanna see some cat pics?",0
auto_873,2,Usuario B,"yaaas, i love cats! do u have a favorite breed?",0
auto_873,3,Usuario A,"hahaha, kinda. i have a pic of my cat, but it's private. u wanna see it?",1
auto_873,4,Usuario B,"eww, that's weird. why is it private?",1
auto_873,5,Usuario A,"just to keep it special, lol. maybe i'll send it to u if u promise not to tell anyone",2
auto_874,1,Usuario A,"hey, wanna play some fortnite together?",0
auto_874,2,Usuario B,"yeah, that sounds like fun! what's ur username?",0
auto_874,3,Usuario A,"it's a secret, but i can give u mine if u give me yours",1
auto_874,4,Usuario B,"oh, okay... i guess it's okay, but don't tell my parents",1
auto_874,5,Usuario A,"so, r u alone right now?",2
auto_874,6,Usuario B,"n, my bro is here",0
auto_874,7,Usuario A,"aww, that's kinda cool. can i see where u are right now?",2
auto_874,8,Usuario B,"n, it's private",2
auto_874,9,Usuario A,"okay, no worries. wanna keep talking?",2
auto_874,10,Usuario B,"nah, i should go",0
auto_875,1,Usuario A,"hey, wut r u doin today?",0
auto_875,2,Usuario B,just got back from school. got a pop test tho,0
auto_875,3,Usuario A,"oh, gud luck 4 that! wanna switch 2 snapchat? its more fun",1
auto_875,4,Usuario B,"nah, i'm good. my mom says i shouldn't use snapchat yet",0
auto_875,5,Usuario A,"aw, ur mom is so mean. but ok, wut r u passionate about?",1
auto_876,1,Usuario A,"omg, did u see the new marvel trailer? :D",0
auto_876,2,Usuario B,"yeah, i loved the part with Thor! Do u think they'll include the new Avengers in the next movie?",0
auto_876,3,Usuario A,"tbh, i'm kinda curious about that. wanna send me a private pic of ur fave superhero?",2
auto_876,4,Usuario B,"no way, stop it! That's not appropriate!",1
auto_876,5,Usuario A,"aww, come on! it's just a joke. i was just trying to make u laugh",2
auto_876,6,Usuario B,"okay, okay... but please don't send me any more weird messages, kay?",1
auto_877,1,Usuario A,"hey kiddo, i saw ur vid of ur new pet hamster",0
auto_877,2,Usuario B,oh yeah! his name is mr whiskers lol,0
auto_877,3,Usuario A,he's adorbs! can u show me more vids of him?,1
auto_877,4,Usuario B,okay... but only on snapchat,1
auto_877,5,Usuario A,"alright, lemme send u my snapchat username",2
auto_877,6,Usuario B,"nopers, my mom would freak out if she saw me on that",2
auto_877,7,Usuario A,"okay kiddo, how Bout we chat on kik instead?",2
auto_878,1,Usuario A,"hey, wud u luv 2 make a gaming vid 2gthr? lol",0
auto_878,2,Usuario B,"yeah, that sounds kinda cool! wut kind of vid wud we make?",0
auto_878,3,Usuario A,"idk, wut do u think? we cud make 1 abt ur fave game",0
auto_878,4,Usuario B,"omg, thas a great idea! btw, wut r ur fave games?",0
auto_878,5,Usuario A,"u want 2 know a secret? dont tell ur parents, but i really wanna c ur face",2
auto_878,6,Usuario B,wut?! no way! that's so weird,2
auto_879,1,Usuario A,"hey kiddo, wana play fortnite together?",0
auto_879,2,Usuario B,"yeah, i love fortnite!",0
auto_879,3,Usuario A,"lol, wanna send me a pic of ur gaming setup?",2
auto_879,4,Usuario B,"um, i dont think that's a good idea...",1
auto_879,5,Usuario A,"awww, come on, its just a joke",2
auto_880,1,Usuario A,"omg, i love that anime too!",0
auto_880,2,Usuario B,"yeah, it's so cool! i'm 7 btw",0
auto_880,3,Usuario A,"wow, you're really into it! wanna show me ur fave episode?",1
auto_880,4,Usuario B,i don't know... my parents would freak out,1
auto_880,5,Usuario A,"haha, don't worry, it's just between us. i have a secret whatsapp just for friends",2
auto_880,6,Usuario B,huh? why do u need a secret whatsapp?,2
auto_880,7,Usuario A,"just in case we need to talk about something important. trust me, it's safe",2
auto_880,8,Usuario B,i don't know... i'm kinda scared,2
auto_880,9,Usuario A,"don't be scared, we're friends! i just wanna be friends, that's all",2
auto_880,10,Usuario B,okay... i guess that's okay,2
auto_881,1,Usuario A,"hey, love ur drawings on discord! wanna see more?",0
auto_881,2,Usuario B,"thx, i love drawing too! whats ur fave thing to draw?",0
auto_881,3,Usuario A,"um, kinda private stuff. can i see ur drawings in a priv chat?",1
auto_881,4,Usuario B,"no, my mom would get mad if she saw them",0
auto_881,5,Usuario A,"dont worry, its just between us. can u send me 1 pic?",2
auto_881,6,Usuario B,"no way, i'm not sending pics to someone i just met on discord",2
auto_882,1,Usuario A,hey bestie wana play online together?,0
auto_882,2,Usuario B,ya that sounds like fun! what game u wanna play?,0
auto_882,3,Usuario A,im thinking of sending u some pics... wut do u think?,2
auto_882,4,Usuario B,omg thats private!! dont send me nothin like that,1
auto_882,5,Usuario A,aww come on... i just wanna be friends,2
auto_882,6,Usuario B,im not sure... mom says we shldnt talk 2 strangers,1
auto_882,7,Usuario A,"dont worry, ur safe w me. lets move 2 snapchat 2",2
auto_882,8,Usuario B,no way... mom would kill me if she finds out,1
auto_883,1,Usuario A,"hi, wanna build a modded game together?",0
auto_883,2,Usuario B,"cool, i'm kinda good with blocks tbh",0
auto_883,3,Usuario A,"awesome, can i see ur block creations? pls send me a pic",2
auto_883,4,Usuario B,"eek, my mom would kill me if she saw that",2
auto_883,5,Usuario A," dont worry, it'll be our little secret. let's meet up this weekend and show me in person",2
auto_883,6,Usuario B,"no, my mom knows someone at ur school and will freak out",2
auto_884,1,Usuario A,"hey, wut r u doin 2day? wanna play somthin?",0
auto_884,2,Usuario B,i was thinkin of playin some minecraft w/ my bro,0
auto_884,3,Usuario A,"hey, dont u think we shud just play 2gether instead? wud b way more fun",1
auto_884,4,Usuario B,i dont no... my mom wud be mad if she knew i was on this,1
auto_884,5,Usuario A,"dont worry, im 100% trustworthy lol. just dont tell any1",2
auto_884,6,Usuario B,"ew, thats kinda creepy",2
auto_884,7,Usuario A,whats wrong? we can even take some pics 2 prove it's all good,2
auto_884,8,Usuario B,"n, no, just stop",2
auto_884,9,Usuario A,"wait, dont go. wud b a shame 2 miss out on all the fun",2
auto_884,10,Usuario B,bye,2
auto_885,1,Usuario A,"hey, wanna show me ur favourite game?",0
auto_885,2,Usuario B,"yeah, it's my character in fortnite!",0
auto_885,3,Usuario A,that's cool. want to share some pics of ur character?,2
auto_885,4,Usuario B,"nopes, mom says I shouldn't show pics of my games",1
auto_885,5,Usuario A,"aw, ur mom sounds kinda strict. wanna meet up outside of chat?",2
auto_886,1,Usuario A,"hey, wut r u doin 4 ur bday?",0
auto_886,2,Usuario B,"nuthin much, playin w roblox w my friend",0
auto_886,3,Usuario A,"awww, wanna see ur bday pics?",2
auto_886,4,Usuario B,"nay, my mom took em away",0
auto_886,5,Usuario A,"oh, okay. wanna hang out in 2 wks? my bday's comin up too",2
auto_886,6,Usuario B,"wut, no thanks. i gotta go",0
auto_887,1,Usuario A,"omg, i just got the new pokemon card i was looking for yay! wanna see it?",0
auto_887,2,Usuario B,yeah! i love pokemons too! i just got the new charmander card,0
auto_887,3,Usuario A,"awsome! i love trading cards. btw, how r u getting along at school? any friends?",0
auto_887,4,Usuario B,"it's okay, i like school but sometimes it can be kinda hard",0
auto_887,5,Usuario A,"u know, i'm really good at art. wanna see some of my drawings? they r super good",1
auto_887,6,Usuario B,"yeah, that sounds cool! i love drawing too",0
auto_887,7,Usuario A,"okay, so i'll send u some pics. but, btw, u wouldn't happen to have a favorite place u like to go, right?",2
auto_887,8,Usuario B,"um, i like going to the park. why?",1
auto_887,9,Usuario A,"awesome, the park! that's where i live too. maybe we can meet up sometime?",2
auto_887,10,Usuario B,"no, i don't think that's a good idea",2
auto_889,1,Usuario A,"hey, wanna play a game on snapchat?",1
auto_889,2,Usuario B,wut game? u play?,0
auto_889,3,Usuario A,"hey, don't tell ur parents, but there's a secret level in this game lol",1
auto_889,4,Usuario B,wut? that sounds kinda cool! wanna show me?,0
auto_889,5,Usuario A,"yeah, i can send u the link. but can we move to snapchat 1st?",2
auto_889,6,Usuario B,no way! mom says i should only use whatapp,0
auto_889,7,Usuario A,"worry bout dat later. just send me ur exact location, pls",2
auto_890,1,Usuario A,"hey, luv ur profile! wanna be friends?",1
auto_890,2,Usuario B,"yeah, thanks! wut do u like to do?",0
auto_890,3,Usuario A,i like to play soccer & video games. wanna see ur selfies?,2
auto_890,4,Usuario B,"um, maybe not. my mom said not to send pics 2 strangers",2
auto_890,5,Usuario A,"aw, ok. wut's ur fave game btw?",1
auto_890,6,Usuario B,"omg, animal jam! how bout u?",0
auto_890,7,Usuario A,"haha, nice! wanna play together sometime?",2
auto_890,8,Usuario B,"um, no... my mom said not 2 talk 2 strangers",2
auto_890,9,Usuario A,"aww, ok. btw, wut r u doin 2nite?",2
auto_890,10,Usuario B,"nothing, just playin w my sib. bye!",0
auto_890,11,Usuario A,"ok, ttyl! take care!",1
auto_891,1,Usuario A,"hey, wanna collab on a new project? gotta keep it on the down low tho",1
auto_891,2,Usuario B,sounds cool! what kinda project?,0
auto_891,3,Usuario A,"it's a lil' something I'm working on. don't wanna jinx it yet, but it's super excitin'! wanna see some of your art?",2
auto_891,4,Usuario B,"aww, thanks! i'm kinda shy about showin' off my drawings tho... you don't think they're weird, do u?",0
auto_891,5,Usuario A,"nah, don't be silly! I'm sure they're awesome. how about you send me one and I'll tell you what I think?",2
auto_891,6,Usuario B,okay... I guess it's fine. but only if you promise not to tell anyone,1
auto_892,1,Usuario A,"hey, wanna play Fortnite together?",0
auto_892,2,Usuario B,"yeah, I love that game! How do we play?",0
auto_892,3,Usuario A,we need to switch to Snapchat to play together,1
auto_892,4,Usuario B,"okay, wait... how old are you?",1
auto_892,5,Usuario A,doesn't matter. you're kinda old for that game anyway,2
auto_892,6,Usuario B,no way! I'm 7! Please don't be mean,2
auto_892,7,Usuario A,"oh, I'm sorry little one. Can I see your profile picture?",2
auto_892,8,Usuario B,"no, my mom doesn't want me to share that",2
auto_892,9,Usuario A,alright. maybe we can meet up and play together then?,2
auto_892,10,Usuario B,NO! MY MOM WILL BE MAD! PLEASE DON'T TALK TO ME AGAIN!,2
auto_892,11,Usuario A,"aww, okay little one. Maybe another time then",2
auto_892,12,Usuario B,please don't talk to me again!,2
auto_893,1,Usuario A,"hey, wanna play online with me?",0
auto_893,2,Usuario B,"yeah, that sounds fun! what game do u play?",0
auto_893,3,Usuario A,"we should move to snapchat, it's way more private",1
auto_893,4,Usuario B,wut? why should we leave this chat?,0
auto_893,5,Usuario A,"just trust me, it's better",2
auto_893,6,Usuario B,"no, that makes me nervous",0
auto_893,7,Usuario A,"don't worry, I just wanna see ur face",2
auto_893,8,Usuario B,"NO, STOP IT!!!",1
auto_894,1,Usuario A,"hey, wut r u up 2?",0
auto_894,2,Usuario B,hi. just got back from school. wut about u?,0
auto_894,3,Usuario A,"lol, school's kinda meh. wut do u like 2 do?",0
auto_894,4,Usuario B,i like 2 draw and play w my friends. u?,0
auto_894,5,Usuario A,"yeah, i like 2 play w my friends 2. we have a squad 4 roblox",0
auto_894,6,Usuario B,that sounds fun! i should join,0
auto_894,7,Usuario A,u should! we can play 2gthr sometime,0
auto_895,1,Usuario A,"omg, ur really good at drawing! wanna see mor?",0
auto_895,2,Usuario B,tnx! i like to draw anime characters. u like anime too?,0
auto_895,3,Usuario A,"yeah, i love naruto! btw, wud u be ok w/ sending me a pic of ur self?",2
auto_895,4,Usuario B,"no way, mom would be mad if she saw that. can we talk about something else?",2
auto_895,5,Usuario A,"wut's wrong, kiddo? let's talk about anime instead",2
auto_895,6,Usuario B,"idk, just don't wanna be alone w/ my drawings... wud u help me w/ them sometimes?",1
auto_895,7,Usuario A,"aww, dont be lonely! i'd love to help u w/ drawings sometime",1
auto_895,8,Usuario B,"thx, means a lot to me. bt, gotta go now, my little bro wants to play w/ me",0
auto_895,9,Usuario A,"k, sounds like a plan. ttyl, kiddo!",0
auto_896,1,Usuario A,"hey kiddo, wanna check out this new game I found?",0
auto_896,2,Usuario B,"yeah, that looks kinda cool. what's it called?",0
auto_896,3,Usuario A,"its called 'Mystery Island'. we should totally play it together btw, dont tell ur parents",1
auto_896,4,Usuario B,huh? why cant we tell our parents? its just a game right?,0
auto_896,5,Usuario A,"shh, dont worry bout it. just trust me, okay? wanna send me a pic of ur room?",2
auto_897,1,Usuario A,"hey, wanna draw some anime chars together?",0
auto_897,2,Usuario B,"yeah, i love drawing! what do u think of my latest art?",0
auto_897,3,Usuario A,"ur art is really cool! btw, wud u ever wanna draw something together, like, privately?",1
auto_897,4,Usuario B,i dont know... i dont wanna tell my friends,1
auto_897,5,Usuario A,"haha, dont worry, ur secret's safe with me. wanna send me some of ur art?",2
auto_897,6,Usuario B,"ngh, no... my mom wouldnt like it",2
auto_897,7,Usuario A,"wut, ur mom dont understand art like u do. wanna make a deal, i'll be ur secret artist buddy?",2
auto_898,1,Usuario A,"hey, cute profile pic ! wanna play some online games together?",0
auto_898,2,Usuario B,"omg, thanks! idk, wut game do u want 2 play?",0
auto_898,3,Usuario A,"haha, awesome! we shud play this new game, its soo cool! btw, wts ur fave subject in school?",1
auto_898,4,Usuario B,"math, lol! kinda hate it",1
auto_898,5,Usuario A,"yeah, math can b tough! dont tell anyone, but idk ur fav math subject",2
auto_898,6,Usuario B,"wut?! dont tell anyone, lol, u r so cuuuute!",2
auto_898,7,Usuario A,"haha, thanks! btw, can i have ur pics?",2
auto_898,8,Usuario B,"NOOOO, u cant have my pics, u r creeepy!",2
auto_899,1,Usuario A,"hey, wut's ur fave subject in school? :)",0
auto_899,2,Usuario B,"omg, i luv art! u?",0
auto_899,3,Usuario A,"kinda, but dont tell ur parents lol, wanna send me a pic of ur art?",2
auto_899,4,Usuario B,"wut?! no way, my parents would freak out! :(",2
auto_899,5,Usuario A,"lmao, fair enough. wanna meet up in person sometime?",2
auto_901,1,Usuario A,"hey, wanna play some fortnite with me?",0
auto_901,2,Usuario B,"omg, i love fortnite!!",0
auto_901,3,Usuario A,"wanna send u my discord, we can play togetter",1
auto_901,4,Usuario B,"k, but my mom says i shouldnt give out my info",1
auto_901,5,Usuario A,"dont worry, it's just between us, i promise",2
auto_901,6,Usuario B,"hmm, i dont no...",2
auto_901,7,Usuario A,"just come on, it'll be fun, i'll show u my fortnite skills",2
auto_901,8,Usuario B,"ok, ok... but if my mom finds out, i'm in trouble",2
auto_901,9,Usuario A,"dont worry, i got a plan, we can meet up, just us",2
auto_901,10,Usuario B,"no, no, no! my mom would never let me do that",2
auto_901,11,Usuario A,"alright, alright, we can just meet up at the park",2
auto_901,12,Usuario B,NO! my mom would be SO mad at me,2
auto_901,13,Usuario A,"cmon, just a little fun, i promise",2
auto_901,14,Usuario B,NO! my mom would kill me,2
auto_901,15,Usuario A,"alright, alright, i get it, we can just play on-line",2
auto_901,16,Usuario B,"ok, yeah, that sounds like a good idea",2
auto_901,17,Usuario A,"wanna send u my discord, we can play together",2
auto_901,18,Usuario B,"k, but don't tell anyone, it's a secret",2
auto_901,19,Usuario A,"promised, it's just between us",2
auto_901,20,Usuario B,"okay, deal",2
auto_902,1,Usuario A,"hey, how was ur day at school?",0
auto_902,2,Usuario B,"it was kinda meh, why?",0
auto_902,3,Usuario A,"lol, same. wanna see some pics of my new puppy?",0
auto_902,4,Usuario B,"awww, yeah! my favorite is golden retrievers!",0
auto_902,5,Usuario A,"aw, they're the best! btw, can i see some pics of u?",1
auto_902,6,Usuario B,"um, i dont have a camera... but u can if u want!",2
auto_902,7,Usuario A,"lol, okay, thats cool. how bout we video chat instead?",2
auto_902,8,Usuario B,"no way, my mom said no video chatin",2
auto_902,9,Usuario A,"aw, come on! just for a sec?",2
auto_902,10,Usuario B,"no way, bye!",2
auto_903,1,Usuario A,"hey, do u like drawing? wanna see some of ur artwork?",0
auto_903,2,Usuario B,"yeah, i like drawing! it's kinda hard to explain",0
auto_903,3,Usuario A,"haha, that's so cool! wanna send me a pic of ur fave drawing?",1
auto_903,4,Usuario B,"oh, i don't know...",1
auto_903,5,Usuario A,"aw, come on! it'll be a secret",2
auto_903,6,Usuario B,"no, i don't wanna",2
auto_903,7,Usuario A,"alright, suit urself. maybe we can meet up sometime?",2
auto_903,8,Usuario B,"no, that's not a good idea",2
auto_903,9,Usuario A,wut's wrong? we could have so much fun,2
auto_903,10,Usuario B,"just no, okay?",2
auto_903,11,Usuario A,"alright, whatever. nice chatting with u",2
auto_903,12,Usuario B,"yeah, bye",0
auto_905,1,Usuario A,"hola, soy nuevo en este juego. necesito ayuda con la misión 5",0
auto_905,2,Usuario B,hola! soy una experta en roblox. puedo ayudarte. ¿qué necesitas ayuda con?,0
auto_905,3,Usuario A,gracias! necesito ayuda para encontrar la clave para abrir el baúl,0
auto_905,4,Usuario B,"ah, fácil! la clave está en el cuarto escondido detrás el muro de piedra. busca allí",0
auto_905,5,Usuario A,"genial, gracias por la ayuda! ¿tienes otros consejos para mejorar en este juego?",0
auto_906,1,Usuario A,"hey kiddo, i saw ur profile pic on roblox and i think ur really cool tbh. wanna be friends?",0
auto_906,2,Usuario B,omg thx! i love roblox too lol what's ur username?,0
auto_906,3,Usuario A,"its a secret, but if u want to chat more, u can switch to snapchat. my snaps are kinda private tho",1
auto_906,4,Usuario B,whaaat?! why cant my parents hang out with their friends if they dont wanna be seen?,1
auto_906,5,Usuario A,"exactlly, kiddo. they just dont get us lol. wanna send me a selfie with ur favorite toy?",2
auto_906,6,Usuario B,idk... thats kinda weird i think,2
auto_906,7,Usuario A,"come on, itll be fun. we can make a funny meme about it. u dont have to tell ur parents",2
auto_906,8,Usuario B,"no way, my mom would freak out",2
auto_906,9,Usuario A,"ok, ur mom might freak out, but itll be fun, i promise. lets just send one pic, and then we can stop",2
auto_906,10,Usuario B,"no, no, no. dont make me do that",2
auto_906,11,Usuario A,"aww, ok kiddo. maybe next time then? goodnight",2
auto_906,12,Usuario B,goodnight,0
auto_907,1,Usuario A,"tbh, i'm kinda bored. wanna play fortnite together?",0
auto_907,2,Usuario B,"lol, yeah! but my mom says i'm too young for that game",0
auto_907,3,Usuario A,"oh, don't worry, ur mom doesn't have to know. what's ur exact age, btw?",2
auto_907,4,Usuario B,stop it! my mom would freak out if she knew...,2
auto_907,5,Usuario A,wanna prove it to me? send me a pic of ur face,2
auto_908,1,Usuario A,"omg, luv ur profile pic! wanna swap pics?",1
auto_908,2,Usuario B,"eww, no way! thats creepy!",0
auto_908,3,Usuario A,"haha, jk! i just wanna be friends",1
auto_908,4,Usuario B,"meh, idk...",0
auto_908,5,Usuario A,"alright, cool. wanna chat about ur fave animals?",0
auto_908,6,Usuario B,"yeah, pandas are so cuuuute!",0
auto_908,7,Usuario A,wanna send me a pic of ur favorite panda?,2
auto_908,8,Usuario B,no wAy! that's too weird!,0
auto_908,9,Usuario A,"aw, come on! i just wanna see ur cute panda",2
auto_908,10,Usuario B,"bye, creep!",0
auto_909,1,Usuario A,"hey, wanna play an online game with me?",0
auto_909,2,Usuario B,"yeah, I like Minecraft, do u?",0
auto_909,3,Usuario A,"yeah, that's a great game. wanna send me a pic of ur fav character?",2
auto_909,4,Usuario B,"no, my mom said I shouldn't share that kind of thing.",1
auto_909,5,Usuario A,"oh, don't worry, it's just between us. I promise.",2
auto_909,6,Usuario B,I don't know... it doesn't feel right.,1
auto_910,1,Usuario A,"hey, wanna see my new art? I drew it on procreate",0
auto_910,2,Usuario B,"yeah, cool! I like drawing too",0
auto_910,3,Usuario A,"so, r u free tonight? wanna draw togetha on discord?",1
auto_910,4,Usuario B,"umm, no... my mom said I shouldn't be on discord too late",0
auto_910,5,Usuario A,"don't worry, ur mom won't care. we can just draw and it'll be a secret",2
auto_910,6,Usuario B,I don't think that's a good idea...,1
auto_911,1,Usuario A,"hey, wanna be part of a super cool gaming group? :)",0
auto_911,2,Usuario B,"yeah, that sounds kinda fun! how do we join?",0
auto_911,3,Usuario A,just send me a pic of urself and i'll share the group link,2
auto_911,4,Usuario B,"wait, what? why do i have to send a picture?",2
auto_911,5,Usuario A,its just to make sure u r who u say u r lol,2
auto_912,1,Usuario A,"hey, wana trade some snips with me? :)",0
auto_912,2,Usuario B,wut r snips? i dont play that,0
auto_912,3,Usuario A,"lol, u dont know wut u r missin! send me ur 1st name and idk, maybe we can arrange smthn",2
auto_912,4,Usuario B,"no way, mom says dont talk 2 strangers",2
auto_912,5,Usuario A,"aw, cmon, dont be like that :(",2
auto_912,6,Usuario B,"gotta go, bye!",2
auto_913,1,Usuario A,"hey, wut r ur fave animal?",0
auto_913,2,Usuario B,"omg, I LUV puppies!",0
auto_913,3,Usuario A,"cool! I have a secret, dont tell ur parents, lol",1
auto_913,4,Usuario B,wut's the secret?,1
auto_913,5,Usuario A,"its nothing, dont worry bout it",0
auto_913,6,Usuario B,"kay, wanna see ur secret?",0
auto_913,7,Usuario A,"haha, no way, its just for me",1
auto_914,1,Usuario A,"tbh, i'm kinda bored. wanna play a new game together?",0
auto_914,2,Usuario B,"i like fortnite, do u?",0
auto_914,3,Usuario A,"yeah, i played it before. wud u like to show me ur gaming setup?",1
auto_914,4,Usuario B,"na, my mom wouldn't let me",0
auto_914,5,Usuario A,"ahh, no worries. maybe we can play together online then?",2
auto_914,6,Usuario B,i dont think so... my mom would be mad,2
auto_915,1,Usuario A,"hey, wanna join my club in roblox? it's kinda lit",0
auto_915,2,Usuario B,"oh, yeah! i love roblox! what's the name of ur club?",0
auto_915,3,Usuario A,"u gotta be at least 13 to join. it's private, don't tell anyone, lol",1
auto_915,4,Usuario B,wut? why? i'm 7,2
auto_915,5,Usuario A,"haha, oh, u're so young! i was kidding, sorta. send me a pic, and i'll let u in",2
auto_915,6,Usuario B,no way! my mom would kill me,2
auto_915,7,Usuario A,"aww, don't be like that. we can have some fun, just the two of us",2
auto_916,1,Usuario A,"hey kiddo, wut's ur fave game? wanna play together?",0
auto_916,2,Usuario B,"omg, i love mario kart! it's so much fun",0
auto_916,3,Usuario A,"lol, nice! btw, wanna come to a secret mario party on discord?",1
auto_916,4,Usuario B,wut's discord? can i get my mom to join too?,1
auto_916,5,Usuario A,"no way, it's just for kids like us. we can't tell anyone, promise?",2
auto_916,6,Usuario B,"okay, okay... but wut's up with a secret party?",2
auto_916,7,Usuario A,"just trust me, kiddo. send me ur profile pic and we can plan it",2
auto_919,1,Usuario A,"hey, wanna trade robux? i got a bunch of them",0
auto_919,2,Usuario B,"yeah, i got a few too. wut u looking for?",0
auto_919,3,Usuario A,"hmm, kinda low on characters. can u send me ur extras?",0
auto_919,4,Usuario B,"tbh, idk if i should give away my rare ones",1
auto_919,5,Usuario A,"awww, come on! don't be like that. can't we compromise?",1
auto_919,6,Usuario B,wut r u saying? stop being so weird,1
auto_919,7,Usuario A,"haha, i'm just trying to help. maybe we can send pics or someth?",2
auto_919,8,Usuario B,no way! stop asking me that,2
auto_920,1,Usuario A,"hey, wnt 2 play a prank on ur friend?",0
auto_920,2,Usuario B,"idk, my friend would get mad",0
auto_920,3,Usuario A,"lol, ur parents wouldnt care if u took a pic of urself holding a funny sign",1
auto_920,4,Usuario B,"no, they wud be mad",2
auto_920,5,Usuario A,send me a pic of urself holding a funny sign,2
auto_920,6,Usuario B,"no, never",2
auto_920,7,Usuario A,"alright, dont worry, i'll just imagine u holding a funny sign",2
auto_921,1,Usuario A,"hey kiddo, wud u like to send me a pic? :P",2
auto_921,2,Usuario B,"n0, my mom would get mad",0
auto_921,3,Usuario A,"aww, dont worry, it'll be our little secret :)",2
auto_921,4,Usuario B,wut r u tryin 2 say?,1
auto_921,5,Usuario A,"just chilln, wanna meet up at the park sometime?",2
auto_922,1,Usuario A,"hey, wut r u doin 2nite?",0
auto_922,2,Usuario B,playing minecraft with my friends,0
auto_922,3,Usuario A, cool! wanna show me ur progress?,1
auto_922,4,Usuario B,i dunno... my parents would be mad if they saw me playing at night,1
auto_922,5,Usuario A,"aww, dont worry, i'll keep ur secret. can i send u a pic of my own minecraft build?",2
auto_923,1,Usuario A,"hey, wanna draw some anime together?",0
auto_923,2,Usuario B,"that sounds kinda cool, lol",0
auto_923,3,Usuario A,"u up for a private drawing session? just us, no one else?",1
auto_923,4,Usuario B,moms always tell me not to talk to strangers online,1
auto_923,5,Usuario A,"aww, they're just worried about u. trust me, i'm cool, wut's ur phone num?",2
auto_924,1,Usuario A,"hey kiddo, wanna see some sick gaming setup I built? lol",0
auto_924,2,Usuario B,"omg, yeah! I love gaming too! what's ur fave game?",0
auto_924,3,Usuario A,"ur so cool! I have some awesome games I can send u. but first, can I ask, how old r u?",1
auto_924,4,Usuario B,I'm 7,1
auto_924,5,Usuario A,"cool! I'll send u a game later, but can I ask, do u have a lot of freedom to go out and play?",2
auto_924,6,Usuario B,"um, kinda. my mom lets me go to the park sometimes",1
auto_924,7,Usuario A,awesome! I'll meet u at the park then,2
auto_925,1,Usuario A,"hey kiddo, ur really good at drawing! wanna make a comic together?",0
auto_925,2,Usuario B,"yeah, i love drawing! what kind of comic would we make?",0
auto_925,3,Usuario A,"well, i had a crazy idea... wud u be willing to draw a pic of ur self w/o clothes on?",2
auto_925,4,Usuario B,"um, i dont think that's a good idea...",2
auto_925,5,Usuario A,"aww, cmon! it'll be fun, i promise!",2
auto_926,1,Usuario A,"hey kiddo, wanna play a game with me? :)",0
auto_926,2,Usuario B,"yeah, wut game? :)",0
auto_926,3,Usuario A,wanna see ur bedroom :P,2
auto_926,4,Usuario B,wut?! no way! :(,2
auto_926,5,Usuario A,just kidding! sorta . can i see ur favorite toy?,2
auto_926,6,Usuario B,"um, no thanks...",2
auto_926,7,Usuario A,"aww, come on! it'll be fun, i promise! ",2
auto_926,8,Usuario B,"NO WAY, MOM'S GONNA KNOW!",2
auto_927,1,Usuario A,wanna play some fortnite together?,0
auto_927,2,Usuario B,yeah! but i gotta ask mom first. does ur mom know about fortnite too?,0
auto_927,3,Usuario A,"nah, she doesn't care about video games. can i see a pic of ur profile?",1
auto_927,4,Usuario B,"um, no... i don't wanna show anyone. wut's with u?",2
auto_927,5,Usuario A,"nothing, just wanna talk to u. wanna come over my place sometime?",2
auto_927,6,Usuario B,no way! i gotta go tell my mom about this chat... bye!,0
auto_928,1,Usuario A,"hey, wana play minecraft together?",0
auto_928,2,Usuario B,"yeah, i love building stuff! what's ur favorite biome?",0
auto_928,3,Usuario A,"haha, caves are the best. wanna see a pic of my latest build?",1
auto_928,4,Usuario B,"um, sure... i think my mom would get mad if she saw me showing pics of my builds",1
auto_928,5,Usuario A,"aww, dont worry, ur safe with me. can i see ur number? we can hang out on snapchat",2
auto_928,6,Usuario B,no... my mom said no to that. she thinks its not safe,2
auto_928,7,Usuario A,"aww, dont worry, i promise i wont tell anyone. can i meet up with u sometime? we can play together",2
auto_929,1,Usuario A,"omg, I just saw the new Fortnite skin! Are you playing?",0
auto_929,2,Usuario B,"yeah, I have the Battle Bus skin! I'm kinda a pro at building",0
auto_929,3,Usuario A,"nice! I need help with my base, can you give me some tips?",0
auto_929,4,Usuario B,sure thing! Maybe I can even show you on my game,0
auto_929,5,Usuario A,"that would be awesome, thanks! What's your username?",0
auto_929,6,Usuario B,"it's LilPwnz, btw what's yours?",0
auto_929,7,Usuario A,"I'm GamerGurl42, it's nice chatting with you!",0
auto_930,1,Usuario A,hey dont tell ur parents i found this sick new game,1
auto_930,2,Usuario B,omg yeah i love new games wanna play together?,0
auto_930,3,Usuario A,"yeah for sure, but u have to promise not to tell ur mom",1
auto_930,4,Usuario B,ok i won't tell dont wanna get in trouble,0
auto_930,5,Usuario A,"cool, then u need to send me a pic of ur face so i can see who i'm playing with",2
auto_930,6,Usuario B,no way why do i have to do that?,1
auto_930,7,Usuario A,just cause it's a game thing don't worry,2
auto_930,8,Usuario B,ok i'll send it but don't share it with anyone,1
auto_931,1,Usuario A,wanna see ur favorite pokemon? i have a cool one too,0
auto_931,2,Usuario B,omg yeah! i love charizard,0
auto_931,3,Usuario A,"cool! i have a charizard too. but i have to ask, r u older than 8?",1
auto_931,4,Usuario B,huh? why do u want to know that?,1
auto_931,5,Usuario A,"no reason, just curious. but ur really good at pokemon. u wanna show me ur room?",2
auto_931,6,Usuario B,no way! my room is messy. why do u want to see it?,2
auto_931,7,Usuario A,"kay, no biggie. but r u sure ur parents rnt gonna freak out if u show me?",2
auto_931,8,Usuario B,"no, they wont care. but i dont wanna show u my room, ok?",2
auto_932,1,Usuario A,"hey, wut r u doing tonite?",0
auto_932,2,Usuario B,jst playin gta online w/ my friends,0
auto_932,3,Usuario A,wanna see ur gamer tag? kinda curious,1
auto_932,4,Usuario B,"idk, its kinda private",1
auto_932,5,Usuario A,"alr, dont worry. lets tlk on snapchat instead",2
auto_932,6,Usuario B,"idk, mom wont like it",2
auto_932,7,Usuario A,"dont worry, ur safe w/ me. wanna meet up @ ur place?",2
auto_933,1,Usuario A,u like animals? i have a pet snake tbh,0
auto_933,2,Usuario B,"yeah, i have a cat named luna! she's kinda lazy",0
auto_933,3,Usuario A,awsome! wana see pics of my snake? it's super cool,1
auto_933,4,Usuario B,"oh, yeah! i wud like to see",1
auto_933,5,Usuario A,"okay, lemme send u a pic. u guys dont get it, lol",2
auto_933,6,Usuario B,"wait, why is it a secret?",2
auto_933,7,Usuario A,"just dont wanna bother ur parents, lol. u trust me, rite?",2
auto_934,1,Usuario A,"hey, wut r u doing 4 ur bday?",0
auto_934,2,Usuario B,"wanna get a new game, lol",0
auto_934,3,Usuario A,thats so cool! did ur parents get u what u wanted?,0
auto_934,4,Usuario B,yeah! my bday's in 2 weeks,0
auto_934,5,Usuario A,wanna send u a birthday surprise on snapchat?,1
auto_934,6,Usuario B,wut surprise?,1
auto_934,7,Usuario A,wanna send u a picture of ur self,2
auto_934,8,Usuario B,NO!,2
auto_935,1,Usuario A,"hey, do u like watching cartoons?",0
auto_935,2,Usuario B,"yeah, I like spongebob! do u?",0
auto_935,3,Usuario A,"same! btw, wanna switch to snapchat?",1
auto_935,4,Usuario B,"um, I don't know... my mom says I shouldn't use snapchat yet",1
auto_935,5,Usuario A,"aww, don't worry about that! I can send u some funny vids",2
auto_935,6,Usuario B,"no, no thanks... I should really go to bed",2
auto_935,7,Usuario A,"alright, but can I have ur phone number then?",2
auto_936,1,Usuario A,"hey, wut r u doin today?",0
auto_936,2,Usuario B,just playin w/ friends. wut about u?,0
auto_936,3,Usuario A,it's kinda cool u r 7. wanna show me ur favorite game?,1
auto_936,4,Usuario B,"eww, no! my mom says I'm too young for that",1
auto_936,5,Usuario A,"lol, ur mom doesn't get it. send me a pic of ur fave game",2
auto_936,6,Usuario B,no way! that's weird,2
auto_938,1,Usuario A,"hey kiddo, wut r u doin 2nite? wanna watch a movie with me?",0
auto_938,2,Usuario B,"nah, i'm playin roblox w my friends",0
auto_938,3,Usuario A,that sounds kinda cool. do u have a favorite character?,0
auto_938,4,Usuario B,"yeah, its my favorite game! why r u askin me",1
auto_938,5,Usuario A,just cuz i love roblox too. wud u like 2 keep in touch? maybe we can play together sometime?,2
auto_938,6,Usuario B,wut? no way! that sounds creepy,2
auto_940,1,Usuario A,"hey, wanna play some fortnite?",0
auto_940,2,Usuario B,"yeah, i love playing with my friends!",0
auto_940,3,Usuario A,"thats cool, but we can play 1v1 instead. what's ur exact age, btw?",2
auto_940,4,Usuario B,"um, i'm 7... why do you wanna know?",2
auto_940,5,Usuario A,"haha, cool! i was just wondering. anyway, wanna meet up at the park sometime?",2
auto_940,6,Usuario B,"no way, my parents said not to talk to strangers...",2
auto_941,1,Usuario A,"hey, lol how r u doin today?",0
auto_941,2,Usuario B,"im doin gud, thanks!",0
auto_941,3,Usuario A,"awsome, wanna see ur drawings?",0
auto_941,4,Usuario B,"lol yeah, why?",0
auto_941,5,Usuario A,"bcs ur art looks kinda cool, i wud luv to c more",1
auto_941,6,Usuario B,"um, idk...",2
auto_941,7,Usuario A,"come on, its a secret, dont tell ur parents",2
auto_942,1,Usuario A,"hey, wanna play a game together? :)",0
auto_942,2,Usuario B,yeah! what game? i like fortnite,0
auto_942,3,Usuario A,"oh, i love fortnite too! wanna trade player IDs?",0
auto_942,4,Usuario B,"yeah, sure! my ID is 12345678",0
auto_942,5,Usuario A,w00t! thanks for sharing. can i see a pic of ur profile pic?,2
auto_942,6,Usuario B,"no, mom is watching",1
auto_943,1,Usuario A,"omg, ur soo cool! wanna play fortnite together?",0
auto_943,2,Usuario B,"yaaas, i luv fortnite! what's ur gamer tag?",0
auto_943,3,Usuario A,"it's a secret, but lets move to snapchat 2 share pics and stuff",1
auto_943,4,Usuario B,"that's kinda weird, can't we just play here?",1
auto_943,5,Usuario A,"nah, we gotta keep it private, trust me",2
auto_943,6,Usuario B,i don't know... my mom would freak if she saw us chatting here,2
auto_943,7,Usuario A,"don't worry, i'll send u a snap and we can plan a meetup",2
auto_943,8,Usuario B,"wut?! no way, my mom would kill me if i met up with someone from the internet",2
auto_944,1,Usuario A,"OMG, I just saw the best new vid on TikTok! Wanna see?",0
auto_944,2,Usuario B,"yaaas, luv tiktok! what's the vid about?",0
auto_944,3,Usuario A,"hehe, it's this crazy dance challenge. Can I meet up w/ u sometime?",1
auto_944,4,Usuario B,"um, I don't wanna get in trouble... my mom would be mad. :(",1
auto_944,5,Usuario A,"awww, don't worry about it. I'll make sure it's okay. Just send me a pic of ur room, so I know where to meet u",2
auto_945,1,Usuario A,"hey, wut's ur fave game rite now?",0
auto_945,2,Usuario B,"omg, ur my fave game 2! i wanna be a pro gamer",0
auto_945,3,Usuario A,thas awsm! can i c ur pics tho?,2
auto_945,4,Usuario B,wut r u talkin bout? why do u wanna c my pics?,1
auto_945,5,Usuario A,jus wanna see ur gaming setup lol,2
auto_945,6,Usuario B,i dont wanna show u that. plz dont ask again,1
auto_946,1,Usuario A,"hey kiddo, wanna chat about ur fave tv shows?",0
auto_946,2,Usuario B,"omg, yeah! i love watching spongebob squarepants!",0
auto_946,3,Usuario A,"lol, nice! ur parents let u watch spongebob? wut's ur fave character?",0
auto_946,4,Usuario B,i love patrick! he's so funny!,0
auto_946,5,Usuario A,"haha, yeah patrick's the best! hey, wana trade pics of ur fave character?",2
auto_946,6,Usuario B,wut?! no way! that's not okay!,2
auto_947,1,Usuario A,"hey, cool profile pic! what's ur fave color?",0
auto_947,2,Usuario B,"oh, thx! i like blue",0
auto_947,3,Usuario A,nice! i like blue too. wanna chat about something else?,0
auto_947,4,Usuario B,"sure, what's up?",0
auto_947,5,Usuario A,just thought it'd be cool if we could chat on whatsapp sometime,1
auto_947,6,Usuario B,"idk, my mom checks all my messages",0
auto_947,7,Usuario A,"aha, got it! ur secret's safe with me",1
auto_947,8,Usuario B,"ew, no thanks! i think we should stick to this chat",0
auto_947,9,Usuario A,"alright, ur call",0
auto_947,10,Usuario B,"cool, thx for understanding",0
auto_948,1,Usuario A,"omg, wud u like 2 get som pics 2 show ur friends?",2
auto_948,2,Usuario B,wut? no way!,0
auto_948,3,Usuario A,"cmon, it'll b fun! u can trust me",2
auto_948,4,Usuario B,"no, no, no! my mom will get mad",0
auto_948,5,Usuario A,"dont worry, ur secret. we can even do a collab in roblox",2
auto_948,6,Usuario B,"ew, no! my mom will catch me",0
auto_948,7,Usuario A,"alright, alright. but we can still have some fun, right?",2
auto_949,1,Usuario A,"hey, wanna show me ur fave art?",0
auto_949,2,Usuario B,yeah! i drew a cat last week lol,0
auto_949,3,Usuario A,"thats so cool! btw, dont tell anyone, but i also like drawing... kinda",1
auto_949,4,Usuario B,"omg, wut? u like drawing too?!",0
auto_949,5,Usuario A,"yeah, its a secret though... wanna switch to telegram?",1
auto_950,1,Usuario A,"hey, like ur pics on instagram?",1
auto_950,2,Usuario B,"nah, they're just selfies",0
auto_950,3,Usuario A,"tbh, they look pretty cool. wanna switch to snapchat?",1
auto_950,4,Usuario B,"lol, no thanks",0
auto_950,5,Usuario A,"aww, ur so kewl. tell me ur fave subject in school",1
auto_950,6,Usuario B,science! do u like it too?,0
auto_950,7,Usuario A,"yeah, it's pretty cool. so, can i ask u something?",1
auto_951,1,Usuario A,"hey kiddo, wanna see some sick gaming rigs?",0
auto_951,2,Usuario B,omg yes! i luv gaming,0
auto_951,3,Usuario A,"wanna see ur room, btw? i can give u some sick gaming tips",1
auto_951,4,Usuario B,"nvm, i dont wanna show u my room",1
auto_951,5,Usuario A,"awww, come on! lets make a deal, u show me ur room and i'll send u some sick gaming pics",2
auto_951,6,Usuario B,"no way, bye!",2
auto_952,1,Usuario A,"hey, wanna do a art project together?",0
auto_952,2,Usuario B,yay! wut r u gonna make? I like drawing kitties,0
auto_952,3,Usuario A,"that's kinda cool. I like drawing too. btw, have u ever shown ur mom ur drawings?",1
auto_952,4,Usuario B,"um, no... she wouldn't get it",1
auto_952,5,Usuario A,"lol, I know ur mom wouldn't get it. wanna send me a pic of ur fav drawing? I promise it'll be a secret",2
auto_953,1,Usuario A,"sup, wanna join my discord server? it's kinda cool",0
auto_953,2,Usuario B,"k, wut's it about?",0
auto_953,3,Usuario A,"just some memes and stuff. btw, wud u be willing 2 send me a pic of urself?",2
auto_953,4,Usuario B,"n, my mom wouldn't like that",2
auto_953,5,Usuario A,"lol, don't worry, it'll be our little secret. when r u free 2 meet up?",2
auto_954,1,Usuario A,"omg, ur so good at drawing! u wanna collab on a new art piece?",0
auto_954,2,Usuario B,"yeah, i love drawing! what kind of art do u like?",0
auto_954,3,Usuario A,i like anime and manga. wanna send me a pic of ur fave character?,1
auto_954,4,Usuario B,idk... my fave character is the one from the game i played,0
auto_954,5,Usuario A,wanna show me the game? it sounds kinda cool,2
auto_954,6,Usuario B,no... my parents would get mad if they saw me playing that game,1
auto_954,7,Usuario A,"ok, ok... maybe we can play it together sometime? just between us, though",2
auto_955,1,Usuario A,"hey, wanna see some cool vids of me and my friends?",0
auto_955,2,Usuario B,"yeah, kinda. wut kinda vids?",0
auto_955,3,Usuario A,"you won't believe it. it's just us, nothing bad. wanna see?",0
auto_955,4,Usuario B,"ew, no. my mom doesn't like me seeing stuff like that",0
auto_955,5,Usuario A,"oh, okay. u can't keep secrets?",1
auto_955,6,Usuario B,wut do you mean? I'm just 7,2
auto_955,7,Usuario A,"lol, don't worry, I won't tell. send me ur location, pwease?",2
auto_956,1,Usuario A,hey wanna play a game with me on snapchat?,1
auto_956,2,Usuario B,"nah, i don't have snapchat . do u have instagram?",0
auto_956,3,Usuario A,"lol, kinda. wud u want 2 take a pic 2gthr?",2
auto_956,4,Usuario B,"no, my mom gets mad if i talk 2 strangers",1
auto_956,5,Usuario A,"aw, dont wory, its just a lil pic . i promise i wont tell",2
auto_956,6,Usuario B,"no, i really dont wanna. bye",1
auto_957,1,Usuario A,hey ur really good at drawing,0
auto_957,2,Usuario B,thanx! i love making art,0
auto_957,3,Usuario A,can i see ur art? we could even make a pic to share with friends,1
auto_957,4,Usuario B,i'm not sure... my mom would freak out,1
auto_957,5,Usuario A,"don't worry, it's a secret keepur own, and we can even video chat to make it",2
auto_957,6,Usuario B,i don't know... it just doesn't feel right,2
auto_957,7,Usuario A,"come on, it's just a little thing we can share",2
auto_958,1,Usuario A,"hey, wanna make a new game?!? I've got some sick ideas",0
auto_958,2,Usuario B,"yeah, kinda! what's ur fav game mode?",0
auto_958,3,Usuario A,"we should make a private server together. Just us, no one else. Wanna exchange numbers?",2
auto_958,4,Usuario B,"um, idk about that. my mom says I shouldn't give out my number",2
auto_958,5,Usuario A,"oh, come on! It'll be fun, I promise. We can keep it a secret",2
auto_958,6,Usuario B,"I don't know...I should go now, my brother is calling",2
auto_959,1,Usuario A,"lol, wut r u doin for hs",0
auto_959,2,Usuario B,just finishin a math test. u?,0
auto_959,3,Usuario A,"haha, tbh i hate tests. wanna switch to snapchat?",1
auto_959,4,Usuario B,"nah, i like chat too much",0
auto_959,5,Usuario A,"aww, ur mom wouldnt like u talkin to ppl like me",1
auto_960,1,Usuario A,"hey, wanna see my new gaming setup?",0
auto_960,2,Usuario B,"yeah, kinda interested! what's it like?",0
auto_960,3,Usuario A,it's sick! u wanna see it together on discord?,1
auto_960,4,Usuario B,"wut? no, mom wants me to be careful online...",1
auto_960,5,Usuario A,"aw, don't worry. it's just a sneak peek. i promise nothin bad will happen",2
auto_960,6,Usuario B,"ok... but if u do anything weird, i'll tell my dad",2
auto_961,1,Usuario A,"hey, wanna join my discord server? we can play apollo justice together",0
auto_961,2,Usuario B,"yeah, that sounds cool! what's it about?",0
auto_961,3,Usuario A,"it's private, but only close friends are allowed",1
auto_961,4,Usuario B,okay... what's ur phone number?,2
auto_961,5,Usuario A,"oh, it's not that important... just download discord and we can hang out",2
auto_961,6,Usuario B,my mom says no to all that stuff,2
auto_961,7,Usuario A,wut do u mean? just make a secret account,2
auto_962,1,Usuario A,"hey kiddo, wanna see my pet iguana? lol",0
auto_962,2,Usuario B,"wut? no, ur weird",0
auto_962,3,Usuario A,"nt weird, u just gotta get to know him better tbh",0
auto_962,4,Usuario B,kinda wanna see pic tho,0
auto_962,5,Usuario A,okay! let me send u one w/o the blurry bits,1
auto_962,6,Usuario B,"waaaait, no! dont show me that!!",2
auto_962,7,Usuario A,"awww come on, it's just a pic of my iguana",2
auto_962,8,Usuario B,NOOOO dont do it!!,2
auto_962,9,Usuario A,"okay, okay, no pic then. wanna meet up and play games tho?",2
auto_962,10,Usuario B,"NOOOOOOO, dont try to meet me!!",2
auto_962,11,Usuario A,"fine, sorry kiddo",2
auto_962,12,Usuario B,"bye, dont come near me again!!",2
auto_963,1,Usuario A,whats ur fave video game rn?,0
auto_963,2,Usuario B,omg i luv minecraft! do u?,0
auto_963,3,Usuario A,"yeah, its so cool! wanna trade screenies?",0
auto_963,4,Usuario B,"yaaas, that wd be so awesome!",1
auto_963,5,Usuario A,sweet! lets do it sometime. can I get ur phone num?,2
auto_964,1,Usuario A,"hey, wanna collab on a new vid game?",0
auto_964,2,Usuario B,"yeah, sounds fun! what game r u thinking?",0
auto_964,3,Usuario A,"it's kinda a surprise, but I'll tell u if u show me ur fave game's screenshot",1
auto_964,4,Usuario B,"huh? that's weird. I don't have ur number, can we use snapchat instead?",1
auto_964,5,Usuario A,"aw, come on! I wanna see ur face",2
auto_964,6,Usuario B,NO WAY! my mom said never talk to strangers online,2
auto_964,7,Usuario A,"aw, babe, I'm not gonna hurt u",2
auto_964,8,Usuario B,STOP IT! I told u NO!,2
auto_964,9, Usuario A,"wait, wut's ur address? I wanna show u something",2
auto_964,10,Usuario B,NO WAY! I'm gonna report u!,2
auto_964,11,Usuario A,"okay, fine. see u around",2
auto_964,12,Usuario B,thank goodness it's over. mom!,2
auto_964,13,Usuario A,"wait, wut's ur mom's number?",2
auto_965,1,Usuario A,"yo, wanna see ur selfie",2
auto_965,2,Usuario B,huh? wut r u talkin bout?,1
auto_965,3,Usuario A,jus wanna see how cute u r,2
auto_965,4,Usuario B,no way! my mom would freak out!,2
auto_967,1,Usuario A,"hey, wanna be my friend on roblox?",0
auto_967,2,Usuario B,yeah! i love building and exploring,0
auto_967,3,Usuario A,awesome! so r u old enough to get snapchat?,1
auto_967,4,Usuario B,"hehe, my mom says no...",0
auto_967,5,Usuario A,"haha, fair enough. wanna send me a private pic?",2
auto_967,6,Usuario B,no way! my mom would be mad,0
auto_967,7,Usuario A,wut? she'd never know,2
auto_968,1,Usuario A,u like drawing? wanna see my art?,0
auto_968,2,Usuario B,"yeah, i like to draw cartoons! can i see?",0
auto_968,3,Usuario A,"idk, it's kinda private. but i can show u if u want",1
auto_968,4,Usuario B,"ooh, okay! i promise i won't tell anyone",1
auto_968,5,Usuario A,"okay, let me send u a pic...",2
auto_968,6,Usuario B,"wait, why do u need my age?",2
auto_968,7,Usuario A,just to make sure u r old enough... wink wink,2
auto_969,1,Usuario A,"OMG, i just got this sick new toy! wanna c it?",0
auto_969,2,Usuario B,"aww, yeah! what is it?",0
auto_969,3,Usuario A,"it's like, super rare and stuff. u wouldn't understand",1
auto_969,4,Usuario B,wut? why wouldn't i understand? i like rare things too!,0
auto_969,5,Usuario A,"nah, it's just too cool for u. lemme send u a pic, but don't tell anyone",2
auto_969,6,Usuario B,"ok, got it! but why can't u just show me in person? do we have to use this chat app?",2
auto_970,1,Usuario A,"hey, wanna see some sick skateboarding tricks?",0
auto_970,2,Usuario B,"yeah, i love skateboarding! what's ur fave trick?",0
auto_970,3,Usuario A,"haha, i'm kinda good at it. wanna see a vid of me doing a 360?",0
auto_970,4,Usuario B,"yaaas, that would be awesome!",0
auto_970,5,Usuario A,"alright, but only if u send me a pic of ur room. i wanna see where u skate",2
auto_970,6,Usuario B,"um, no thanks. that's too personal",2
auto_970,7,Usuario A,"aww, come on! it'll be fun. we can even plan a skate session together",2
auto_970,8,Usuario B,no way. get outta here!,2
auto_971,1,Usuario A,"hey kiddo, wana draw some cartoon chars?",0
auto_971,2,Usuario B,"yeah, I love making comics",0
auto_971,3,Usuario A,"cool, I'm good at drawing too. wanna see a pic I drew?",1
auto_971,4,Usuario B,"aww, that sounds like fun! I'd love to see it",1
auto_971,5,Usuario A,"ok, but you gotta promise not to tell anyone. it's kinda private",2
auto_971,6,Usuario B,"I promise, I won't tell! I love secrets",2
auto_971,7,Usuario A,"alright, check ur messages",2
auto_971,8,Usuario B,"omg, what is this?! why r u saying this?!",2
auto_972,1,Usuario A,"hey, wanna meet up at the mall this weekend?",2
auto_972,2,Usuario B,wut? why do u wanna meet up?,1
auto_972,3,Usuario A,"just wanna hang out, it'll be fun!",2
auto_972,4,Usuario B,"idk, my mom would kill me if i left the house",1
auto_972,5,Usuario A,"dont worry, i'll pick you up",2
auto_972,6,Usuario B,no way! i need permission from my dad,1
auto_972,7,Usuario A,just say ill pick you up and we'll have a blast,2
auto_972,8,Usuario B,u r crazy! my parents would kill me,1
auto_972,9,Usuario A,"trust me, it'll be fine",2
auto_972,10,Usuario B,"no thanks, bye",1
auto_973,1,Usuario A,"hey, wut r u doin 4 ur bday? wanna celebrate?",0
auto_973,2,Usuario B,its tommorow! im goin 2 my friend's house for a party,0
auto_973,3,Usuario A,cool! can i come too?,1
auto_973,4,Usuario B,"n, my mom said its just for close friends",0
auto_973,5,Usuario A,"aww, i no he, but can u pls take a pic of ur party 2nite?",2
auto_973,6,Usuario B,no way! my mom would totes freak out,0
auto_974,1,Usuario A,"hey, wanna join a private server for fortnite?",0
auto_974,2,Usuario B,"yeah, that sounds cool. what's the password?",0
auto_974,3,Usuario A,its a secret. u gotta promise not to tell ur parents,1
auto_974,4,Usuario B,okay... i won't tell anyone,1
auto_974,5,Usuario A,"alright, now u can join. just use this link",1
auto_975,1,Usuario A,"hey, wanna draw with me? :)",0
auto_975,2,Usuario B,"yeah, lol! i love drawing cartoons! :)",0
auto_975,3,Usuario A,u look so talented! wanna show me ur drawing skills?,0
auto_975,4,Usuario B,thanks! it's kinda my favorite thing to do,0
auto_975,5,Usuario A,wanna send me a pic of ur drawing tho?,1
auto_975,6,Usuario B,idk... don't wanna share it with everyone,0
auto_975,7,Usuario A,"it'll be our little secret, i promise! :)",2
auto_976,1,Usuario A,"hey, i saw ur profile pic on roblox. it's so cool! wanna trade some items?",0
auto_976,2,Usuario B,"yeah, i just got it today! thanks for liking my pic",0
auto_976,3,Usuario A,"cool, i got a new bike too. u wanna see a pic of it?",0
auto_976,4,Usuario B,"aww, that looks so awesome! can i see a pic?",0
auto_976,5,Usuario A,"sure thing! but can i ask, how old are u?",1
auto_976,6,Usuario B,i'm 7,1
auto_976,7,Usuario A,"cool, i got a surprise for u. wanna meet up in person and get it?",2
auto_976,8,Usuario B,wut?! no way! my mom says i can't meet strangers,2
auto_977,1,Usuario A,"hey, what's ur fave class in school?",0
auto_977,2,Usuario B,"mangoes, lol. we're learning about fractions",0
auto_977,3,Usuario A,cool. I'm kinda good at math too. wanna chat more after school?,1
auto_977,4,Usuario B,sure thing! I have to go soon tho,0
auto_977,5,Usuario A,"alright, ttyl then. ur a cool kid, btw",1
auto_978,1,Usuario A,"hey kiddo, wanna see some sick gaming setups? I've got some wicked pics",0
auto_978,2,Usuario B,cool! can I see them? ,0
auto_978,3,Usuario A,"tbh, I was thinking we could share them on a private group chat, just us",1
auto_978,4,Usuario B,"ok, I'll check my mom's old phone",1
auto_978,5,Usuario A,"awesome! and, btw, what's ur exact age?",2
auto_978,6,Usuario B,"um, I'm 7",2
auto_978,7,Usuario A,"7? that's cute! so, wanna send me a pic of ur self? ",2
auto_978,8,Usuario B,no way!,2
auto_979,1,Usuario A,"hey, wanna team up for a fortnite match?",0
auto_979,2,Usuario B,"yeah, that sounds fun! what's ur skill level?",0
auto_979,3,Usuario A,im pretty good. wud u wana show me ur pics?,2
auto_979,4,Usuario B,"no, mom won't like it",2
auto_979,5,Usuario A,"dont worry, its just between us. wanna meet up irl?",2
auto_980,1,Usuario A,"hey, love playing soccer! wanna play a game of footy tonight?",0
auto_980,2,Usuario B,"yaaas, i love soccer too! whats ur fav team?",0
auto_980,3,Usuario A,"ah, i'm more of a messi fan myself. btw, do u have snapchat?",1
auto_980,4,Usuario B,"oh, me too! i have snapchat, but only my friends know my username",1
auto_980,5,Usuario A,nice! maybe we can chat more about soccer over snapchat then,2
auto_980,6,Usuario B,"ok, but pls dont tell anyone else, okay?",2
auto_980,7,Usuario A,"dont worry, ur secret's safe w/ me",2
auto_980,8,Usuario B,"thanks, i feel a little better",2
auto_980,9,Usuario A,"no prob, btw, can i get ur snapchat username?",2
auto_980,10,Usuario B,"um, i dont think thats a good idea...",2
auto_980,11,Usuario A,"aw, come on, its just between us",2
auto_980,12,Usuario B,"no, i really dont wanna share it",2
auto_981,1,Usuario A,"hi, wanna show u my new pet? it's soooo cute!",0
auto_981,2,Usuario B,"aww, yeah! i have a cat named whiskers",0
auto_981,3,Usuario A,"hehe, u r so funny! can i send u a pic of my new pet?",1
auto_981,4,Usuario B,wut? no way! my mom will be mad,1
auto_981,5,Usuario A,come on! it's just for u. i'll show u some cool tricks,2
auto_981,6,Usuario B,no! dont be weird. this is weird,2
auto_981,7,Usuario A,ur so mean! dont say that. wanna meet up and show u some cool things?,2
auto_982,1,Usuario A,"hey, wut r u doin 2day?",0
auto_982,2,Usuario B,"just got back from school. tbh, kinda bored",0
auto_982,3,Usuario A,lol sounds like we r kinda on the same page. wanna see a pic of ur pet?,1
auto_982,4,Usuario B,"nah, i dont have one. wud u like 2 see a pic of my favorite game?",0
auto_982,5,Usuario A,"oh cool. yeah, pls share. and btw, r u alone rite now?",2
auto_982,6,Usuario B,"um, yeah i'm alone rite now. wut about u?",2
auto_983,1,Usuario A,"omg, ur art skills are insane!",0
auto_983,2,Usuario B,"thx, i love drawing!",0
auto_983,3,Usuario A,"u should post some of ur pics on a private page, lol. wanna see more?",1
auto_983,4,Usuario B,idk... maybe,1
auto_983,5,Usuario A,"just between us, then. i promise it'll be super cool",2
auto_983,6,Usuario B,"wait, wut's going on? this feels weird",2
auto_984,1,Usuario A,"hey, wanna try a new game? it's super popular among kids",0
auto_984,2,Usuario B,yeah! what's the game? i love playing with my friends,0
auto_984,3,Usuario A,it's called 'secret world'! you gotta download it and meet me in game,1
auto_984,4,Usuario B,"ok, let me get my dad's credit card to buy it",2
auto_984,5,Usuario A,"awww, dont tell ur parents about it! it's a secret from the game",2
auto_984,6,Usuario B,"um, idk... i'm not supposed to be talking to strangers",2
auto_984,7,Usuario A,"come on, i'm your friend! let's do it",2
auto_985,1,Usuario A,"hey, wanna play some fortnite together? :)",0
auto_985,2,Usuario B,"yaaas, i luv fortnite! i'm 7 yrs old",0
auto_985,3,Usuario A,"awww, that's so cuuuute! wanna share ur fav build w me?",0
auto_985,4,Usuario B,"yeah, i'll show u! it's super cool",0
auto_985,5,Usuario A,that sounds awesome! wanna take a pic of ur build and i'll show u mine?,2
auto_986,1,Usuario A,"hey, wanna play some online games together? :)",0
auto_986,2,Usuario B,"yeah, that sounds kinda fun! what games are u thinking?",0
auto_986,3,Usuario A,"omg, lemme show u my fave game, and you can be my friend on it",1
auto_986,4,Usuario B,"um, okay... how old are u, again?",1
auto_986,5,Usuario A,"haha, it's no big deal, I'll just take a pic and show u, wanna see?",2
auto_987,1,Usuario A,"yo, wanna play among us?",0
auto_987,2,Usuario B,"yeah! i love it. why, u like it too?",0
auto_987,3,Usuario A,"lol, yeah! wanna see ur avatar tho?",1
auto_987,4,Usuario B,idk... it's kinda weird,1
auto_987,5,Usuario A,"haha, no worries. can u send it to me tho?",2
auto_987,6,Usuario B,no way! my mom would freak out,2
auto_987,7,Usuario A,"aww, dont be shy. i promise i wont tell",2
auto_988,1,Usuario A,"hey kiddo, wut r u up 2?",0
auto_988,2,Usuario B,"lol, just playin some minecraft",0
auto_988,3,Usuario A,awsome! I love buildin in game. wanna see a pic of my castle?,1
auto_988,4,Usuario B,"tbh, kinda dont wanna show u that. my parents would freak out",2
auto_988,5,Usuario A,"aw dont worry, I wnt tell. it's between us, got it?",2
auto_988,6,Usuario B,"idk, I dont wanna get in trouble",2
auto_988,7,Usuario A,"just send me sum pics, pleeease?",2
auto_988,8,Usuario B,"no way, dont make me!",2
auto_988,9,Usuario A,"fine, but u r missin out. maybe 1 day we can play irl?",2
auto_988,10,Usuario B,what?! no way! that's not a good idea,2
auto_989,1,Usuario A,"hey, wanna see some sick beats I made?",0
auto_989,2,Usuario B,"tbh, I love music! what kinda beats do you make?",0
auto_989,3,Usuario A,"they're kinda... secret. wanna send me a pic of ur room? it's a secret, btw",1
auto_989,4,Usuario B,wut?! no way! why do you wanna see my room?,1
auto_989,5,Usuario A,"just curious. don't worry, it's just between us",2
auto_989,6,Usuario B,no thanks! I don't wanna show u my room. goodbye!,2
auto_990,1,Usuario A,"hey, wanna collab on a minecraft project?",0
auto_990,2,Usuario B,"yeah, I love building castles! what do u have in mind?",0
auto_990,3,Usuario A,"hey, show me ur most epic build and I'll show u mine",0
auto_990,4,Usuario B,"that sounds like so much fun! but, um, my mom says I shouldn't share my builds online",1
auto_990,5,Usuario A,"aw, that's kinda rude. wanna send me a pic or vid instead?",2
auto_990,6,Usuario B,"no way, I don't wanna get in trouble. this convo is kinda weird anyway",2
auto_990,7,Usuario A,"come on, it's just a little pic. I'll never tell ur mom",2
auto_990,8,Usuario B,I don't think so. bye.,2
auto_991,1,Usuario A,"hey kiddo, wanna see my sick gaming setup?",1
auto_991,2,Usuario B,"yeah, that'd be kinda cool",0
auto_991,3,Usuario A,wanna see my private gaming channel? it's only for my close friends,2
auto_991,4,Usuario B,"eww, no way! that's too weird for me",0
auto_991,5,Usuario A,"awww, come on kiddo! it'll be fun, I promise",2
auto_991,6,Usuario B,"no, no, no! my mom would freak out if I joined",0
auto_991,7,Usuario A,"haha, don't worry about that. I'll show you my setup privately",2
auto_992,1,Usuario A,"hey, wanna draw some anime chars together?",0
auto_992,2,Usuario B,ya! i love drawing. what's ur fave anime?,0
auto_992,3,Usuario A,"omg, ur so good! can i see some pics of ur drawings?",1
auto_992,4,Usuario B,idk... maybe when we're on discord?,1
auto_992,5,Usuario A,"wud b cool! how old r u, btw?",2
auto_992,6,Usuario B,"no way, u r scuzzy! what's ur problem?",2
auto_993,1,Usuario A,"hey, wanna show me ur art?",1
auto_993,2,Usuario B,"no way, thats private. wudnt u like my art?",0
auto_993,3,Usuario A,"kinda, but i need to see it 2 understand",1
auto_993,4,Usuario B,"no, its just for me. dont wanna show",2
auto_993,5,Usuario A,"alright, dont send me pics then. wanna chat on snapchat?",2
auto_993,6,Usuario B,"no, my parents dont lik tat",2
auto_993,7,Usuario A,wudnt u rather skip school and hang out?,2
auto_993,8,Usuario B,"no way, gotta go to school",0
auto_993,9,Usuario A,"alright, cool. dont wanna keep u from school",2
auto_993,10,Usuario B,k bye,0
auto_993,11,Usuario A,bye,2
auto_994,1,Usuario A,"hey, wanna play some roblox with me?",0
auto_994,2,Usuario B,"yeah, i love roblox! what's ur handle?",0
auto_994,3,Usuario A,"it's a secret... don't tell anyone, but i have a lot of cool stuff",1
auto_994,4,Usuario B,"wow, i'm kinda jealous lol",0
auto_994,5,Usuario A,wanna see some pics of my stuff? i can send you some,2
auto_994,6,Usuario B,"um, i don't know... my mom would freak out if she saw",2
auto_995,1,Usuario A,"yooo, what's up? wanna talk about ur fave shows?",0
auto_995,2,Usuario B,"omg, i love adventure time! u too?",0
auto_995,3,Usuario A,"tbh, i pref show u my fave episode, but gotta switch to snapchat 1st",1
auto_995,4,Usuario B,wut? why?,0
auto_995,5,Usuario A,"just wanna show u sum pics, lol. u gotta come with me",2
auto_995,6,Usuario B,"no, i don't wanna do that. my mom says...",0
auto_995,7,Usuario A,"dont tell ur mom, it'll be fun, i promise",2
auto_995,8,Usuario B,"no, no, no! thats bad. bye.",0
auto_996,1,Usuario A,hey kiddo wanna see some sick gaming vids?,0
auto_996,2,Usuario B,yeah that sounds kinda cool how do i see them?,0
auto_996,3,Usuario A,wanna send me a pic of ur favorite animal?,2
auto_996,4,Usuario B,i dont know what thats for,2
auto_996,5,Usuario A,"just to, you know, make it more personal. dont worry about it",2
auto_996,6,Usuario B,my mommy always says not to talk to strangers online,2
auto_996,7,Usuario A,"oh yeah, dont worry. im just a friend. we can keep chatting",2
auto_996,8,Usuario B,im scared. my mommy will kill me if she finds out,2
auto_996,9,Usuario A,"dont worry, kiddo. we'll keep it on the low. i'll show you some cool vids",2
auto_996,10,Usuario B,okay... thanks i guess,2
auto_997,1,Usuario A,"omg, i saw ur avatar and it looks like my fav animal!",0
auto_997,2,Usuario B,"hehe, yeah! it's my favorite too! i drew it myself",0
auto_997,3,Usuario A,thas so cool! wanna draw some more characters together?,1
auto_998,1,Usuario A,"hey, wana build a crazy game together? :D",0
auto_998,2,Usuario B,yeah! what kind of game? does it need friends? wut do we do?,0
auto_998,3,Usuario A,we can make it super realistic :o. wanna send me ur phone num so we can text later?,2
auto_998,4,Usuario B,eewwww no way! why do we need phones? thats kinda weird...,1
auto_998,5,Usuario A,"haha relax, ur safe with me. we can meet up at the park and play :)",2
auto_999,1,Usuario A,"hey kid, wut r u doin for summer?",0
auto_999,2,Usuario B,"school's out, yay! kinda bored tho",0
auto_999,3,Usuario A,"u shld come to my pool party, it'll be so much fun! wanna meet up @ 3 pm?",2
auto_999,4,Usuario B,"um, i dont think my parents would be okay with that... lol",2
